-- phpMyAdmin SQL Dump
-- version 4.5.4.1deb2ubuntu2
-- http://www.phpmyadmin.net
--
-- Хост: localhost
-- Время создания: Июл 06 2018 г., 15:31
-- Версия сервера: 5.7.22-0ubuntu0.16.04.1
-- Версия PHP: 7.0.30-0ubuntu0.16.04.1

SET SQL_MODE = "NO_AUTO_VALUE_ON_ZERO";
SET time_zone = "+00:00";


/*!40101 SET @OLD_CHARACTER_SET_CLIENT=@@CHARACTER_SET_CLIENT */;
/*!40101 SET @OLD_CHARACTER_SET_RESULTS=@@CHARACTER_SET_RESULTS */;
/*!40101 SET @OLD_COLLATION_CONNECTION=@@COLLATION_CONNECTION */;
/*!40101 SET NAMES utf8mb4 */;

--
-- База данных: `prices`
--

-- --------------------------------------------------------

--
-- Структура таблицы `allnames`
--

CREATE TABLE `allnames` (
  `nameid` mediumint(8) UNSIGNED NOT NULL,
  `name` varchar(255) COLLATE utf8_unicode_ci NOT NULL
) ENGINE=InnoDB DEFAULT CHARSET=utf8 COLLATE=utf8_unicode_ci;

--
-- Дамп данных таблицы `allnames`
--

INSERT INTO `allnames` (`nameid`, `name`) VALUES
(106, 'СПЗ-4'),
(107, 'СТС-Люкс'),
(108, 'Юнитерм'),
(109, 'НАДО'),
(110, 'ОТК'),
(111, 'Валдай ТК'),
(112, 'ВиК'),
(113, 'Дженерал Компани'),
(114, 'Литол-24 18кг'),
(115, 'Литол-24 180кг'),
(116, 'Литол-24 50кг'),
(117, 'Масло гидравлическое ВМГЗ (бочка)'),
(121, 'Тосол ННК 12тн'),
(122, 'Заявка №2'),
(123, 'ПОставка Мобилгриза 400 кг'),
(131, 'Масло трансмисс. ТЭП-15 (бочка 180 кг)'),
(132, 'АО СКК'),
(133, 'Ойл-Снаб Тлт'),
(142, 'High-Lube L2 400g'),
(145, 'МСМ Шеврон соседи'),
(146, 'Сызранская Керамика'),
(147, 'Chevron Black Pearl EP2 400g'),
(150, 'Масло трансформаторное ТКП 200л 180кг'),
(151, 'Mobilgrease XHP 222 0,4 кг'),
(152, 'Mobilgrease XHP 222 0,4 кг'),
(153, 'Вовчик'),
(155, 'Масло гидравлическое Гидромарка А 10л OilRight'),
(157, 'Мега ОЙЛ'),
(160, 'Масло индустриальное И-40 (бочка)'),
(161, 'Химэкспресс'),
(162, 'ДВК'),
(163, 'САМ-ПО'),
(165, 'Гидромарка А 10л ВолгаОйл'),
(166, 'Абиана'),
(167, 'Ondina 919 1л'),
(168, 'Ондина для Нади'),
(169, 'ННК'),
(170, 'НК НПЗ'),
(171, 'AEON 9000 100кг и антифриз и смазка Fuchs'),
(172, 'AEON 9000 17кг канистра'),
(173, 'Профинструмент'),
(174, 'Антифриз Cat'),
(175, 'Цеппелин г. Самара'),
(176, 'Смазка Fuchs Renolit HLT 2 18кг'),
(177, 'Смазка Fuchs Renolit HLT 2 0,4кг'),
(178, 'Смазочные материалы'),
(179, 'Klubersynth GH6-100 20л'),
(180, 'Клюбер центр.'),
(181, 'FAG ARKANOL-TEMP110 1кг'),
(182, 'БелтИмпэкс'),
(183, 'FAG ARKANOL-TEMP110 50кг'),
(184, 'Стройсервис'),
(185, 'Керосин'),
(186, 'Керосин КО-25 бочка'),
(187, 'Керосин РТ бочка'),
(188, 'ПРОМ ТЭК 2668435 2725648'),
(189, 'Химоптторг'),
(208, 'ЧТо-то Клюбовское'),
(209, 'Салют'),
(212, 'NANO BLUE MULTIPURPOSE HT Grease 400g'),
(213, 'Жидкость 7-50С-3 (16,4 кг)'),
(214, 'Смазка силиконовая Si-M (тюбик)'),
(215, 'Состав МВС-3Н (24 кг)'),
(216, 'Масло гидравлическое МГЕ-46В (бочка)'),
(217, 'Масло индустриальное И-20 (бочка)'),
(218, 'Масло авиационное МС-20 (бочка)'),
(219, 'Смазка ЦИАТИМ-221 (банка 0,8кг)'),
(220, 'Масло компрессорное КС-19 (бочка 180 кг)'),
(221, 'Литол-24 42кг'),
(222, 'Смазка ШРУС-4 (туба 0,8 кг)'),
(223, 'Масло моторное М8-В Автол (бочка)'),
(224, 'Масло моторное М8Г2К (бочка)'),
(225, 'Масло моторное М10Г2К (бочка)'),
(226, 'Масло вакуумное ВМ-4 (16 кг)'),
(227, 'Смазка Kluber Isoflex NBU-15 (1 кг)'),
(228, 'Масло вакуумное ВМ-5с (15,5 кг)'),
(229, 'Смазка ЛС-1П (бочка)'),
(230, 'Масло цилиндровое Ц-52 (бочка)'),
(231, 'Масло турбинное ТП-22С (бочка)'),
(232, 'Смазка ЦИАТИМ-201 (21кг)'),
(233, 'Масло трансформаторное ГК (бочка)'),
(234, 'СОЖ Укринол (бочка)'),
(235, 'Смазка Солидол Жировой (21 кг)'),
(236, 'Смазка ВНИИНП-231 (1кг)'),
(237, 'Смазка ОКБ-122-7 (0,75 кг)'),
(238, 'Смазка АМС-3 (бидон 11,8 кг)'),
(239, 'Смазка ВНИИНП-286(ЭРА) (0,7кг)'),
(240, 'СОЖ Сульфофризол (бочка)'),
(241, 'Смазка МС-70 (бидон 16 кг)'),
(242, 'Смазка МЗ (15кг)'),
(243, 'Смазка ВНИИНП-225 (1кг)'),
(244, 'ОНМЗ'),
(245, 'Большая годовая заявка 2017'),
(246, 'Центр-Ойл г. Екб'),
(247, 'Континент НН'),
(248, 'Акрил Омск'),
(249, 'Нефтепродукт ЗАО г.НН'),
(250, 'ООС'),
(251, 'И-12 3 бочки'),
(252, 'Масло индустриальное И-12 (бочка)'),
(253, 'Мюнхен-Ойл'),
(255, 'И-20 2 бочки'),
(256, 'Смазка МС-17 15кг'),
(257, 'Русма'),
(258, 'Стас'),
(259, 'Ойл-Ком Екб.'),
(260, 'ЯЗЛМ (Липп) Ярсмазки'),
(261, 'Смазка ЦИАТИМ-221 (банка 0,9кг) (Ойл-Ком)'),
(262, 'Меркойл'),
(263, 'СпецХимПродукт Омск'),
(264, 'Состав МВС-3А'),
(265, 'Состав МВС-3А'),
(266, 'Продест Ярославль'),
(267, 'НижегородХимПродукт'),
(268, 'Состав МВС-3Н (брикет 5кг)'),
(269, 'Масло вакуумное ВМ-4 (20л)'),
(270, 'Камский Завод Масел КЗМ'),
(271, 'Пента Юниор'),
(272, 'Авиастар-СП'),
(273, 'Масло индустриальное ИГП-49 (бочка)'),
(274, 'ИГП-49'),
(275, 'РОСА-1'),
(276, 'ПромСервисЦентр'),
(277, 'МИСКОМ'),
(278, 'СТД (Нонна)'),
(279, 'Смазка АМС-3 (бидон 17 кг)'),
(280, 'ПромПоставка НН'),
(281, 'ХЁРЦ Спб'),
(282, 'Состав МВС-3Н в КГ'),
(283, 'СЭП (ТСК)'),
(284, 'Мотор-Трейд (Кр.Куц.)'),
(285, 'Литол-24 21кг'),
(286, 'Литол-24 45кг'),
(287, 'Смазка АМС-3 (бидон 15 кг)'),
(288, 'СовИнТех'),
(289, 'СпецНефтьПродукт Тверская обл.'),
(290, 'Нектон Сиа'),
(291, 'Mobilgear 600 XP 460 (20л)'),
(292, 'Лавриченко'),
(293, 'MObilgear 600 xp 460 3 канистры и 20л VDL 100'),
(294, 'Лима-Сервис'),
(295, 'Чирол'),
(296, 'Bechem Berulub FB 34 (0,4 кг)'),
(297, 'Bechem Berulub W+B Spray (0,4 кг)'),
(298, 'Спреи и FB'),
(299, 'Дикомп-Классик'),
(300, 'Гелиос'),
(301, 'Керосин РТ 10л'),
(302, 'Масло моторное М10Г2К OR (10л)'),
(303, 'Масло вазелиновое ГОСТ (4л)'),
(304, 'Shell Corena D 68 (20л)'),
(305, 'Shell Corena P 150 (20л)'),
(306, 'Моторка 10л'),
(307, 'КРТ-20 Д68-20 Р150-40'),
(308, 'Керосин РТ 20л'),
(309, 'Медхим'),
(310, 'Масло вазелиновое МХ-250 (аналог ГОСТ) (4л)'),
(311, 'Промышленные технологии (Фаворит Ойл)'),
(312, 'И-20 4б и Нефрас 1б'),
(313, 'Нефрас С2 80/120 (бочка)'),
(314, 'Балашейские пески'),
(315, 'Смазка Win Otis Complex EP 2'),
(316, 'Bechem Beruplex LI EP 2 (25 кг)'),
(317, 'Масло компрессорное ТНК Компрессор VDL-100 (20л) '),
(318, 'РОСКОМ Батаев 261-16-56'),
(321, 'Импорт большая'),
(322, 'Дилекс'),
(323, 'ALUB Blue ALMIG (10л)'),
(325, 'Масло Mobil DTE 24 (208л) - гидравлическое'),
(326, ' Motorex Cool Concentrate (5л)'),
(327, 'ТЛТ-Опт, Тольятти'),
(328, 'Наш партнер'),
(329, 'Мочевина кубик август'),
(330, 'Мочевина, 1 куб.'),
(331, 'Арсенал Марков'),
(332, 'ХозПромЭкспорт Уфа'),
(333, 'Куйбышевазот'),
(334, 'Ц-52'),
(335, 'МегаМас (Высоцкий)'),
(336, 'Масло приборное МВП (в кг)'),
(337, 'Масло приборное МВП (175 кг)'),
(338, 'Масло трансформаторное ТСО (175 кг)'),
(339, 'ТСО и МВП'),
(340, 'Нефтебаза №1'),
(341, 'Прогресс'),
(342, 'Масла осень тендер'),
(343, 'Масло моторное М14В2 (бочка 180 кг)'),
(344, 'Масло Mobil DTE 25 (208л) - гидравлическое'),
(345, 'Масло трансформаторное Т-1500У (180кг)'),
(346, 'Масло индустриальное ИГП-14 (бочка 180 кг)'),
(347, 'Масло индустриальное И-50 (бочка 180кг)'),
(348, 'Масло гидравлическое ТНК Гидравлик OE HLP46 (бочка 180 кг)'),
(349, 'Масло гидравлическое ИГП-4 (бочка 180кг)'),
(350, 'Масло гидравлическое ИГП-8 (бочка 180кг)'),
(351, 'Масло трансмисс. ТАП-15 (бочка 180 кг)'),
(352, 'Масло трансмисс. ТАД-17 (ТМ-5) (бочка 180 кг)'),
(353, 'Масло авиационное СМ-4,5 (банка 15 кг)'),
(354, 'Масло вакуумное Adixen A-120 (5кг)'),
(355, 'Смазка WD-40 спрей 400 мл'),
(356, 'Би Питрон Самара'),
(358, 'Motorex Spindlelube ISO VG 68 (4л)'),
(359, 'Шпиндельная 1 канистра'),
(360, 'Масло Гидравлик Стандарт 46 (180кг)'),
(361, 'Серые ГПН Тлт'),
(362, 'Анвек'),
(363, 'бочка Shell Omala S2 G68'),
(364, 'Масло редукторное Shell Omala S2 G68 - бочка (208л)'),
(365, 'Евросмаз'),
(366, 'Смазки и WD'),
(367, 'Тосол 10 л'),
(368, 'Castrol GTX Magnatec 5w-40 (4л)'),
(369, 'Литол-24 0,8 кг'),
(370, 'Смазка графитная Ж 21 кг'),
(371, 'Смазка графитная УССА 0,8 кг'),
(372, 'Смазка ЦИАТИМ-201 (0,8 кг)'),
(373, 'Смазка ЦИАТИМ-201 (10 кг)'),
(374, 'Смазка ЦИАТИМ-221 ( 10 кг)'),
(375, 'Смазка ЭПС-98 (банка 0,8 кг)'),
(376, 'Смазка SKF LGHP 2  (18 кг)'),
(377, 'Смазка SKF LGHP 2  (0,42 кг)'),
(378, 'DG-40 (0,52л) Аналог WD-40 от Мега Ойл'),
(379, 'Смазка графитная Ж 10 кг'),
(380, 'Масло АМТ-300 (бочка 200л)'),
(381, 'АМТ-300 6 бочек'),
(383, 'ТЕК-КОМ'),
(384, 'Смазка WD-40 спрей 420 мл'),
(385, 'Смазка ЭПС-98 (Банка 1,3кг)'),
(386, 'Литол-24  2 кг'),
(387, 'Масло цепное OR (1л)'),
(388, 'DOT и Аддинол'),
(389, 'DOT-4 (0,455 л)'),
(390, 'DOT-4 (0,910 л)'),
(391, 'Масло Автопромывочное 3,5л OR'),
(392, 'Масло Автопромывочное 5л Luxe'),
(393, 'Масло гидравлическое марки "Р" 1л'),
(394, 'Масло моторное Addinol Diesel Longlife MD 1548 SAE 15w-40 (канистра 20 л)'),
(395, 'Масло моторное Addinol Diesel Longlife MD 1548 SAE 15w-40 (бочка 205 л)'),
(396, 'Масло Автопромывочное 3л Волга-Ойл'),
(397, 'Масло гидравлическое марки "Р" 10 л'),
(398, 'Ойлс (Аддинол) Ольга 9791196'),
(399, 'УралСпецСервис  (89372095452)'),
(400, 'Тосол 30л'),
(401, 'Mannol silicone spray 400ml'),
(402, 'Спрей манол 2 коробки'),
(403, 'Сервис'),
(404, 'Герметик Автосил 180 мл'),
(405, 'Герметик'),
(406, 'Инрол-СТС СибТрейдСервис'),
(407, 'Mobilube 85-w140 (20л)'),
(408, 'Революкс и Мобилюб 85на140'),
(409, 'Ойл-Форби'),
(410, 'Слоистые пластики'),
(411, 'Bechem Berutemp 500 T2 (0,8 кг)'),
(412, '500 Т2'),
(413, 'ИГП-38 2 бочки'),
(414, 'Масло ИГП-38 (бочка 180 кг)'),
(415, 'Петро-Самара (276-45-80)'),
(416, 'ТНК Revolux D1 SAE 10W-40 (20л)'),
(417, 'Контур СПБ'),
(418, 'Масло приборное (170 кг бочка)'),
(419, 'Масло приборное МВП (170 кг бочка)'),
(420, 'Масло приборное МВП (15 кг бидон)'),
(421, 'Масло моторное М8Г2К (бочка)'),
(422, 'Масло моторное М8ДМ (бочка)'),
(424, 'Сервис Д'),
(426, 'Бочки'),
(427, 'Тяжмаш'),
(428, 'Смазка ВНИИНП-275 0,8кг'),
(429, 'Смазка ВНИИНП-273 0,8кг'),
(430, 'Смазка ВНИИНП-232 0,8кг'),
(431, 'Смазка ЦИАТИМ-202 0,8кг'),
(432, 'Смазка ЦИАТИМ-202 10кг'),
(433, 'Вниинпшки'),
(434, '10 бочек И-20'),
(435, 'МР-7'),
(436, 'СОЖ МР-7 (бочка 180кг)'),
(437, 'Спецавтомат Ростовская обл.'),
(439, 'Добавка Easy kit AL-3 Standard (200-599 L)'),
(440, 'Добавка Easy kit Cu-3 Standard (50-119 L)'),
(441, 'Добавка моющая Sanitaizer ST40 20 ml'),
(442, 'Фильтр для воды 20 мкм'),
(443, 'Наборы'),
(444, 'С-Металл'),
(445, 'Поиски И-40 4б'),
(446, 'Трумпф'),
(447, 'УСИ (Казахстан)'),
(448, 'Mobil DTE 10 Excel 46 (20 л)'),
(449, 'DTE 10 Excel'),
(450, 'Невошедшее'),
(451, 'SHELL OMALA S4 WE 320 (20 л)'),
(452, 'Shell Tellus S2 V 46 (20 л)'),
(453, 'Shell Tellus S3M 32 (209 л)'),
(454, 'Shell Tellus S3M 68 (20 л)'),
(455, 'MOBILITH SHC 220 (16 кг)'),
(456, 'MOBILUX EP 004 (18 кг)'),
(457, 'OKS 1110 (0,5 кг)'),
(458, 'Divinol Lithogrease 000 (1 кг)'),
(459, 'Gadus S2 V220 2 (0,4 кг)'),
(460, 'Gadus S2 V100 3 (0,4 кг)'),
(461, 'Gadus S2 V220 00 (18 кг)'),
(462, 'Gadus S4 V45AC 00/000 (18 кг)'),
(463, 'Optileb RB-1 (17 кг)'),
(464, 'ЦПК'),
(465, 'SKF LGEV2 (0,4 кг)'),
(466, 'Маслостар (Москва)'),
(467, 'SKF LGLT 2/1 (0,4 кг)'),
(468, 'Охлаждающая жидкость Motorex COOL-X (25л)'),
(469, 'Квалитет (ТЛТ)'),
(470, 'ПФМС-4С'),
(471, 'ПФМС-4С (0,8 кг)'),
(472, 'Химпродукт Москва'),
(473, 'HLP-46 бочка (180 кг)'),
(474, 'HLP-46 8400 л'),
(475, 'Промывочное масло РН (бочка 200л)'),
(476, 'Промывка бочка'),
(477, 'Редукторное 320 бочка'),
(478, 'Роснефть Редуктор CLP 320 (бочка)'),
(479, 'Заявка на мелкое и непонятное'),
(480, 'Масло силиконовое ПМС-5 (19 кг)'),
(481, 'Реахим  Ст.Купавна'),
(482, 'Смывка APS-E (200 гр в уп. 24 шт)'),
(483, 'АЛТ МО, пос.Быково'),
(484, 'Смазка Лита (170,5 кг)'),
(485, 'Смазка EFELE VH-491 (ведро 5 кг.)'),
(486, 'Масло синтетическое POE32 (Errecom) – 5л'),
(487, 'Морена Самара (846) 574-02-17)'),
(489, 'Масло синтетическое POE55 (Errecom) – 5л'),
(490, 'Масло синтетическое POE22 (Errecom) – 5л'),
(491, 'Смазка Лита (10 кг)'),
(492, 'Скипидар живичный (10 л)'),
(493, 'Неостат Дзержинск'),
(494, 'Масло гидравлическое ТНК Гидравлик OE HLP46 (кан 18 кг)'),
(495, 'Масло гидравлическое ТНК Гидравлик OE HLP68 (бочка 180 кг)'),
(496, 'RENOLIT SF 7-041 (18 кг)'),
(497, 'Инхим Москва'),
(498, 'Motul Snowmobile 2t'),
(499, 'Motul Snowmobile 2t (1л)'),
(500, 'Motul Snowmobile 2t (4л)'),
(501, 'Союз-Авто (225-40-15)'),
(502, 'АвтомастерОйл (ТЛТ)'),
(503, 'Пегас (265-57-27)'),
(504, 'Agip и гидравлика и 80w90'),
(505, 'ENI i-Sigma Universal 10w40 (20л)'),
(506, 'ТНК Транс Гипоид 80W-90 (20л)'),
(507, 'Роснефть Gidrotec OE HLP 46 (20л)'),
(508, 'Роснефть Gidrotec OE HLP 46 (216л)'),
(509, 'Лукойл ТМ-5 SAE 80W-90 API (50л)'),
(510, 'Тосол Felix Euro (-35 град.) (20л)'),
(511, 'Тосол и Магнатэк, в перспективе ХА-30'),
(512, 'Масло холодильное ХА-30 (216л) УФА'),
(513, 'Avantin 361 IN 180кг (бочка)'),
(514, 'Авантин 2018 пересчет цены'),
(515, 'Ц-52 февраль 18'),
(516, 'Средневолжская Трубно-Механическая (noginata@krm.npstroy.com)'),
(517, 'Смазка KR-941 силик. универс. (520 мл)'),
(518, 'Kerry силик Аэрозол 941'),
(519, '279 фев 18'),
(520, 'Смазка ВНИИНП-279 0,8кг'),
(521, 'ТНК Редуктор CLP 100 (бочка)'),
(522, 'Лукойл Трансол-200 (18кг)'),
(523, 'Смазка КМ 30 080 (1кг ? уточнить фасовку)'),
(524, 'Gadus S2 V220 0 (18 кг)'),
(525, 'Масло ИЛС-5 (бочка)'),
(526, 'ИЛС-5 3 бочки'),
(527, 'Большая заявка февраль 2018 №43'),
(528, 'ССХ'),
(529, 'Март 18'),
(530, 'Масло ТСП-15К 180кг'),
(531, 'ZIC ATF III'),
(532, 'Shell Rimula R5 Е, 10W40 20л'),
(533, 'Антифриз  G-11 (10кг) зеленый'),
(534, 'Масло марки "А" гидравлическое'),
(535, 'Масло М10ДМ бочка 180кг'),
(536, 'Смазка Солидол Жировой 9,5 кг '),
(537, 'Смазка графитная 9,5 кг'),
(538, 'Гидравлика 46 замена Аймола'),
(539, 'Литол 10кг и Aimol Indo Gear 100 2 бочки'),
(540, 'ТНК Гидротэк HVLP 46 OE (бочка)'),
(541, 'Shell Tellus S2 V 46 (209 л)'),
(542, 'КАСКАД Наприенко'),
(543, 'И-12 3 бочки и 10 ЦИАТИМОВ 221'),
(544, 'Нефрас 1бочка и И-20 2бочки'),
(545, 'НЭТЧ'),
(546, 'Shell Omala S2 G 320 (20л)'),
(547, 'Бочка тосола и 2 Омалы  (размазано ЛИкви моли за 3170)'),
(548, 'Тосол бочка (200л)'),
(549, 'ЭтАц'),
(550, 'ЭТИЛАЦЕТАТ бочка 180 кг'),
(551, 'Адверс'),
(552, 'Avantin 361 IN 18кг (канистра 20л)'),
(553, 'Авантин 2 канистры замена Бласокута'),
(554, 'Oemeta Frigomet NF 470/30N (бочка 220 кг)'),
(555, 'Фригомет'),
(556, 'УТС РУС (ШАТРОВ)'),
(557, 'LM Pro-Line Silikon-Spray (0,4л)'),
(558, 'Регион-Снаб (Ликви Моли Самара)'),
(559, 'Rocol Foodlube Universal 2 (аналог CASSIDA EPS 2) 10кг'),
(560, 'SKF FGFP 2 (0,4 кг)'),
(561, 'Bechem Berusynth H1 32 (аналог CASSIDA HF 32) (20л)'),
(562, 'Bechem Berusynth H1 46 (аналог CASSIDA HF 46) (20л)'),
(563, 'Bechem Berusynth H1 220 (аналог CASSIDA GL 220) (20л)'),
(564, 'Renolin THERM 320/ FM HEAT TRANSFER FLUID (20л)'),
(565, 'KLuberfood NH1 94-402 (0,4 кг)'),
(566, 'Масло индустриальное И-5 (бочка 180кг)'),
(567, 'И-5 3 бочки'),
(568, 'СУПЕРКОНТ 1.1 кг'),
(569, 'СМОЛА ПЛС-ЛС 1 кг'),
(570, 'СУПЕРКОНТ'),
(571, 'СУПЕРКОНТ  г. Красноярск'),
(572, 'ИНТЕРХИМ Дзержинск'),
(573, 'СМОЛА'),
(574, 'ВД 3 по 400мл'),
(575, 'И-12 3 бочки'),
(576, 'Пробная заявка'),
(577, 'КОмплексная '),
(578, 'Масло моторное Роснефть Maximum Diesel 10w40 (20л)'),
(579, 'Тосол Top40 (10кг)'),
(580, 'Антифриз G-12 красный МиГ (10кг)'),
(581, 'АТФ'),
(582, 'Mobil ATF 220 Dexron II (20л)'),
(583, 'Развитие');

-- --------------------------------------------------------

--
-- Структура таблицы `byers`
--

CREATE TABLE `byers` (
  `byers_id` smallint(5) UNSIGNED NOT NULL,
  `byers_nameid` mediumint(8) UNSIGNED NOT NULL,
  `clearp` float UNSIGNED NOT NULL,
  `obnal` smallint(5) UNSIGNED NOT NULL,
  `wtime` float UNSIGNED NOT NULL
) ENGINE=InnoDB DEFAULT CHARSET=utf8 COLLATE=utf8_unicode_ci;

--
-- Дамп данных таблицы `byers`
--

INSERT INTO `byers` (`byers_id`, `byers_nameid`, `clearp`, `obnal`, `wtime`) VALUES
(42, 106, 0, 0, 0),
(43, 107, 0, 0, 0),
(44, 108, 0, 0, 0),
(45, 109, 0, 0, 0),
(46, 132, 0, 0, 0),
(47, 146, 0, 0, 0),
(48, 153, 0, 0, 0),
(49, 163, 0, 0, 0),
(50, 169, 0, 0, 0),
(51, 170, 0, 0, 0),
(52, 184, 0, 0, 0),
(53, 209, 0, 0, 0),
(54, 272, 0, 0, 0),
(55, 294, 0, 0, 0),
(56, 299, 0, 0, 0),
(57, 300, 0, 0, 0),
(58, 314, 0, 0, 0),
(59, 328, 0, 0, 0),
(60, 333, 0, 0, 0),
(61, 341, 0, 0, 0),
(62, 356, 0, 0, 0),
(63, 399, 0, 0, 0),
(64, 403, 0, 0, 0),
(65, 406, 0, 0, 0),
(66, 410, 0, 0, 0),
(67, 424, 0, 0, 0),
(68, 427, 0, 0, 0),
(69, 447, 0, 0, 0),
(70, 516, 0, 0, 0),
(71, 528, 0, 0, 0),
(72, 545, 0, 0, 0),
(73, 551, 0, 0, 0);

-- --------------------------------------------------------

--
-- Структура таблицы `giveaways`
--

CREATE TABLE `giveaways` (
  `given_away` timestamp NOT NULL DEFAULT CURRENT_TIMESTAMP,
  `giveaways_id` smallint(5) UNSIGNED NOT NULL,
  `comment` varchar(255) COLLATE utf8_unicode_ci DEFAULT NULL,
  `giveaway_sum` float UNSIGNED NOT NULL,
  `requestid` mediumint(8) UNSIGNED NOT NULL
) ENGINE=InnoDB DEFAULT CHARSET=utf8 COLLATE=utf8_unicode_ci;

-- --------------------------------------------------------

--
-- Структура таблицы `payments`
--

CREATE TABLE `payments` (
  `payed` timestamp NOT NULL DEFAULT CURRENT_TIMESTAMP,
  `payments_id` smallint(5) UNSIGNED NOT NULL,
  `number` smallint(5) UNSIGNED NOT NULL,
  `comment` varchar(255) COLLATE utf8_unicode_ci DEFAULT NULL,
  `amount` float UNSIGNED NOT NULL,
  `requestid` mediumint(8) UNSIGNED NOT NULL
) ENGINE=InnoDB DEFAULT CHARSET=utf8 COLLATE=utf8_unicode_ci;

-- --------------------------------------------------------

--
-- Структура таблицы `pricings`
--

CREATE TABLE `pricings` (
  `pricingid` smallint(5) UNSIGNED NOT NULL,
  `positionid` smallint(5) UNSIGNED NOT NULL,
  `byerid` smallint(5) UNSIGNED NOT NULL,
  `tradeid` smallint(5) UNSIGNED NOT NULL,
  `sellerid` smallint(5) UNSIGNED NOT NULL,
  `zak` float UNSIGNED NOT NULL,
  `kol` smallint(5) UNSIGNED NOT NULL,
  `tzr` smallint(5) UNSIGNED DEFAULT NULL,
  `wtime` float UNSIGNED DEFAULT NULL,
  `fixed` smallint(5) UNSIGNED NOT NULL,
  `op` float UNSIGNED NOT NULL,
  `tp` float UNSIGNED NOT NULL,
  `opr` float UNSIGNED NOT NULL,
  `tpr` float UNSIGNED NOT NULL,
  `firstobp` float UNSIGNED NOT NULL,
  `firstobpr` float UNSIGNED NOT NULL,
  `firstoh` float UNSIGNED NOT NULL,
  `marge` float UNSIGNED NOT NULL,
  `margek` float UNSIGNED NOT NULL,
  `rop` float UNSIGNED NOT NULL,
  `realop` float UNSIGNED NOT NULL,
  `rtp` float UNSIGNED NOT NULL,
  `realtp` float UNSIGNED NOT NULL,
  `clearp` float UNSIGNED NOT NULL,
  `obp` float UNSIGNED NOT NULL,
  `oh` smallint(5) UNSIGNED NOT NULL,
  `price` float UNSIGNED NOT NULL,
  `rent` float UNSIGNED NOT NULL,
  `winner` smallint(5) UNSIGNED NOT NULL
) ENGINE=InnoDB DEFAULT CHARSET=utf8 COLLATE=utf8_unicode_ci;

--
-- Дамп данных таблицы `pricings`
--

INSERT INTO `pricings` (`pricingid`, `positionid`, `byerid`, `tradeid`, `sellerid`, `zak`, `kol`, `tzr`, `wtime`, `fixed`, `op`, `tp`, `opr`, `tpr`, `firstobp`, `firstobpr`, `firstoh`, `marge`, `margek`, `rop`, `realop`, `rtp`, `realtp`, `clearp`, `obp`, `oh`, `price`, `rent`, `winner`) VALUES
(23, 0, 0, 0, 0, 123, 12, 31231, 231, 0, 2312, 312, 724904, 2359530, 31, 731453, 1628070, 0, 0, 0, 0, 0, 0, 52.2524, 31, 0, 3115780, 0, 0),
(24, 0, 0, 0, 0, 123, 12, 31231, 231, 0, 2312, 312, 724904, 2359530, 31, 731453, 1628070, 0, 0, 0, 0, 0, 0, 52.2524, 31, 0, 3115780, 0, 0),
(28, 98, 0, 12, 14, 1, 1, 1, 0.03, 0, 1, 1, 0.02, 0.0202, 1, 0, 0.02, 0, 0, 0, 0, 0, 0, 0.980296, 1, 0, 2.0402, 0.979708, 0),
(43, 98, 0, 12, 15, 1231, 12, 3123, 0.99, 0, 1231, 231, 53597.7, 133869, 23123, 30954400, 0, 0, 0, 0, 0, 0, 0, 0, 23123, 0, 191820, 27.3884, 0),
(49, 115, 46, 26, 25, 2300, 1, 1000, 0.99, 0, 24.5, 7.15, 808.5, 293.758, 10, 29.38, 264.38, 0, 0, 0, 0, 0, 0, 6.00555, 10, 0, 4402.26, 18.0019, 1),
(51, 120, 0, 27, 26, 496, 6, 10, 3, 0, 27.03, 0, 136.772, 0, 0, 0, 0, 0, 0, 0, 0, 0, 0, 0, 0, 0, 642.772, 20.0015, 1),
(53, 121, 0, 28, 27, 64865, 2, 400, 3, 0, 27, 0, 17621.6, 0, 0, 0, 0, 0, 0, 0, 0, 0, 0, 0, 0, 0, 82886.5, 19.9843, 1),
(54, 122, 0, 29, 28, 19026, 2, 400, 3, 0, 27.03, 0, 5250.85, 0, 0, 0, 0, 0, 0, 0, 0, 0, 0, 0, 0, 0, 24676.8, 20.0017, 0),
(55, 122, 0, 30, 28, 644, 80, 10, 3, 0, 27.04, 0, 176.842, 0, 0, 0, 0, 0, 0, 0, 0, 0, 0, 0, 0, 0, 830.842, 20.0074, 1),
(56, 123, 0, 31, 29, 37873, 2, 800, 3, 0, 27.03, 0, 10453.3, 0, 0, 0, 0, 0, 0, 0, 0, 0, 0, 0, 0, 0, 49126.3, 20.0017, 1),
(57, 124, 0, 32, 30, 8485, 100, 20, 3, 0, 27.23, 0, 2315.91, 0, 0, 0, 0, 0, 0, 0, 0, 0, 0, 0, 0, 0, 10820.9, 20.118, 0),
(58, 124, 0, 33, 30, 378932, 2, 1000, 3, 0, 27.23, 0, 103455, 0, 0, 0, 0, 0, 0, 0, 0, 0, 0, 0, 0, 0, 483387, 20.1181, 1),
(61, 125, 0, 34, 31, 9980, 1, 100, 0, 0, 30, 0, 3024, 0, 0, 0, 0, 0, 0, 0, 0, 0, 0, 0, 0, 0, 13104, 23.0769, 0),
(62, 125, 0, 34, 24, 9888, 1, 100, 0, 0, 25, 0, 2497, 0, 0, 0, 0, 0, 0, 0, 0, 0, 0, 0, 0, 0, 12485, 20, 1),
(63, 125, 0, 34, 32, 9600, 1, 100, 0, 0, 25, 0, 2425, 0, 0, 0, 0, 0, 0, 0, 0, 0, 0, 0, 0, 0, 12125, 20, 0),
(64, 125, 0, 35, 32, 9200, 1, 100, 0, 0, 25, 0, 2325, 0, 0, 0, 0, 0, 0, 0, 0, 0, 0, 0, 0, 0, 11625, 20, 0),
(65, 125, 0, 35, 23, 8700, 1, 100, 0, 0, 25, 0, 2200, 0, 0, 0, 0, 0, 0, 0, 0, 0, 0, 0, 0, 0, 11000, 20, 0),
(113, 191, 0, 27, 18, 1, 1, 1, 0, 0, 0, 0, 0, 0, 0, 0, 0, 0, 0, 0, 0, 0, 0, 0, 0, 0, 2, 0, 0),
(114, 191, 0, 27, 18, 1, 1, 1, 0, 0, 0, 0, 0, 0, 0, 0, 0, 0, 0, 0, 0, 0, 0, 0, 0, 0, 2, 0, 0),
(115, 191, 0, 27, 18, 1, 1, 1, 0, 0, 0, 0, 0, 0, 0, 0, 0, 0, 0, 0, 0, 0, 0, 0, 0, 0, 2, 0, 0),
(116, 191, 0, 27, 18, 1, 1, 1, 0, 0, 0, 0, 0, 0, 0, 0, 0, 0, 0, 0, 0, 0, 0, 0, 0, 0, 2, 0, 0),
(117, 191, 0, 27, 18, 1, 1, 1, 0, 0, 0, 0, 0, 0, 0, 0, 0, 0, 0, 0, 0, 0, 0, 0, 0, 0, 2, 0, 0),
(118, 191, 0, 27, 18, 1, 1, 1, 0, 0, 0, 0, 0, 0, 0, 0, 0, 0, 0, 0, 0, 0, 0, 0, 0, 0, 2, 0, 0),
(119, 191, 0, 27, 18, 1, 1, 1, 0, 0, 0, 0, 0, 0, 0, 0, 0, 0, 0, 0, 0, 0, 0, 0, 0, 0, 2, 0, 0),
(120, 191, 0, 27, 18, 1, 1, 1, 0, 0, 0, 0, 0, 0, 0, 0, 0, 0, 0, 0, 0, 0, 0, 0, 0, 0, 2, 0, 0),
(121, 191, 0, 27, 18, 1, 1, 1, 0, 0, 0, 0, 0, 0, 0, 0, 0, 0, 0, 0, 0, 0, 0, 0, 0, 0, 2, 0, 0),
(122, 191, 0, 27, 18, 1, 1, 1, 0, 0, 0, 0, 0, 0, 0, 0, 0, 0, 0, 0, 0, 0, 0, 0, 0, 0, 2, 0, 0),
(123, 191, 0, 27, 18, 1, 1, 1, 0, 0, 0, 0, 0, 0, 0, 0, 0, 0, 0, 0, 0, 0, 0, 0, 0, 0, 2, 0, 0),
(124, 191, 0, 27, 18, 1, 1, 1, 0, 0, 0, 0, 0, 0, 0, 0, 0, 0, 0, 0, 0, 0, 0, 0, 0, 0, 2, 0, 0),
(125, 191, 0, 27, 18, 1, 1, 1, 0, 0, 0, 0, 0, 0, 0, 0, 0, 0, 0, 0, 0, 0, 0, 0, 0, 0, 2, 0, 0),
(126, 191, 0, 27, 18, 1, 1, 1, 0, 0, 0, 0, 0, 0, 0, 0, 0, 0, 0, 0, 0, 0, 0, 0, 0, 0, 2, 0, 0),
(127, 191, 0, 27, 18, 1, 1, 1, 0, 0, 0, 0, 0, 0, 0, 0, 0, 0, 0, 0, 0, 0, 0, 0, 0, 0, 2, 0, 0),
(128, 191, 0, 27, 18, 1, 1, 1, 0, 0, 0, 0, 0, 0, 0, 0, 0, 0, 0, 0, 0, 0, 0, 0, 0, 0, 2, 0, 0),
(129, 191, 0, 27, 18, 1, 1, 1, 0, 0, 0, 0, 0, 0, 0, 0, 0, 0, 0, 0, 0, 0, 0, 0, 0, 0, 2, 0, 0),
(130, 191, 0, 27, 18, 1, 1, 1, 0, 0, 0, 0, 0, 0, 0, 0, 0, 0, 0, 0, 0, 0, 0, 0, 0, 0, 2, 0, 0),
(131, 191, 0, 27, 18, 1, 1, 1, 0, 0, 0, 0, 0, 0, 0, 0, 0, 0, 0, 0, 0, 0, 0, 0, 0, 0, 2, 0, 0),
(132, 191, 0, 27, 18, 1, 1, 1, 0, 0, 0, 0, 0, 0, 0, 0, 0, 0, 0, 0, 0, 0, 0, 0, 0, 0, 2, 0, 0),
(133, 191, 0, 27, 18, 1, 1, 1, 0, 0, 0, 0, 0, 0, 0, 0, 0, 0, 0, 0, 0, 0, 0, 0, 0, 0, 2, 0, 0),
(134, 191, 0, 27, 18, 1, 1, 1, 0, 0, 0, 0, 0, 0, 0, 0, 0, 0, 0, 0, 0, 0, 0, 0, 0, 0, 2, 0, 0),
(135, 191, 0, 27, 18, 1, 1, 1, 0, 0, 0, 0, 0, 0, 0, 0, 0, 0, 0, 0, 0, 0, 0, 0, 0, 0, 2, 0, 0),
(136, 191, 0, 27, 18, 1, 1, 1, 0, 0, 0, 0, 0, 0, 0, 0, 0, 0, 0, 0, 0, 0, 0, 0, 0, 0, 2, 0, 0),
(137, 191, 0, 27, 18, 1, 1, 1, 0, 0, 0, 0, 0, 0, 0, 0, 0, 0, 0, 0, 0, 0, 0, 0, 0, 0, 2, 0, 0),
(138, 191, 0, 27, 18, 1, 1, 1, 0, 0, 0, 0, 0, 0, 0, 0, 0, 0, 0, 0, 0, 0, 0, 0, 0, 0, 2, 0, 0),
(139, 191, 0, 27, 18, 1, 1, 1, 0, 0, 0, 0, 0, 0, 0, 0, 0, 0, 0, 0, 0, 0, 0, 0, 0, 0, 2, 0, 0),
(140, 191, 0, 27, 18, 1, 1, 1, 0, 0, 0, 0, 0, 0, 0, 0, 0, 0, 0, 0, 0, 0, 0, 0, 0, 0, 2, 0, 0),
(141, 191, 0, 27, 18, 1, 1, 1, 0, 0, 0, 0, 0, 0, 0, 0, 0, 0, 0, 0, 0, 0, 0, 0, 0, 0, 2, 0, 0),
(142, 191, 0, 27, 18, 1, 1, 1, 0, 0, 0, 0, 0, 0, 0, 0, 0, 0, 0, 0, 0, 0, 0, 0, 0, 0, 2, 0, 0),
(143, 191, 0, 27, 18, 1, 1, 1, 0, 0, 0, 0, 0, 0, 0, 0, 0, 0, 0, 0, 0, 0, 0, 0, 0, 0, 2, 0, 0),
(144, 195, 0, 18, 24, 5000, 5, 100, 0, 0, 24, 0, 1224, 0, 0, 0, 0, 0, 0, 0, 0, 0, 0, 0, 0, 0, 6324, 19.3548, 1),
(147, 195, 0, 13, 18, 1, 1, 1, 1, 0, 1, 1, 0.02, 0.0202, 1, 0, 0.02, 0, 0, 0, 0, 0, 0, 0.980296, 0, 0, 2.0402, 0.96069, 0),
(148, 237, 0, 67, 34, 2250, 1, 1100, 2, 1, 52.21, 5.89, 0, 0, 10, 30.03, 0, 1250, 1250, 1020, 82, 230, 18, 5, 0, 230, 4600, 21.287, 1),
(149, 230, 0, 60, 35, 2400, 5, 200, 1.5, 0, 26.17, 5.89, 680.42, 193.217, 10, 19.32, 173.9, 0, 0, 0, 0, 0, 0, 5.00628, 0, 0, 3473.64, 19.0005, 0),
(151, 198, 0, 37, 38, 52000, 3, 800, 1.5, 0, 26.17, 5.89, 13817.8, 3923.79, 10, 392.38, 3531.41, 0, 0, 0, 0, 0, 0, 5.00614, 0, 0, 70541.5, 19.0005, 0),
(152, 230, 0, 60, 34, 1500, 5, 200, 1.5, 0, 65, 5.89, 1105, 165.214, 10, 16.52, 148.69, 0, 0, 0, 0, 0, 0, 5.00604, 0, 0, 2970.21, 36.0866, 0),
(154, 218, 0, 50, 37, 1800, 20, 200, 1.5, 0, 26.17, 5.89, 523.4, 148.628, 10, 10.91, 133.77, 0, 0, 0, 0, 0, 0, 5.00631, 0, 0, 2672.03, 19.0005, 0),
(156, 239, 0, 68, 28, 8750, 3, 60, 0, 1, 18.61, 4.2, 0, 0, 10, 43.89, 0, 8670, 2890, 2390, 83, 500, 17, 3.83, 10, 450, 11750, 20.3404, 1),
(157, 219, 0, 51, 17, 17000, 2, 500, 2, 0, 36.06, 5, 6310.5, 1190.53, 10, 119.05, 1071.48, 0, 0, 0, 0, 0, 0, 4.28574, 0, 0, 25001, 24.2313, 0),
(158, 219, 0, 51, 39, 15000, 2, 450, 0, 1, 55.32, 5, 0, 0, 10, 119.98, 0, 19100, 9550, 8300, 87, 1250, 13, 5, 0, 1250, 25000, 33.2, 1),
(159, 219, 0, 51, 29, 16700, 2, 500, 0, 0, 38.43, 5, 6609.96, 1190.5, 10, 119.05, 1071.45, 0, 0, 0, 0, 0, 0, 4.28572, 0, 0, 25000.5, 26.4394, 0),
(160, 240, 0, 41, 23, 8100, 2, 100, 0, 0, 11.29, 0, 925.78, 0, 0, 0, 0, 0, 0, 0, 0, 0, 0, 0, 0, 0, 9125.78, 10.1447, 1),
(161, 235, 0, 65, 40, 2280, 1, 1100, 1.5, 0, 19.58, 5.89, 661.804, 238.062, 10, 23.81, 214.25, 0, 0, 0, 0, 0, 0, 5.006, 0, 0, 4279.87, 14.9992, 1),
(163, 202, 0, 41, 41, 10152, 5, 500, 1.5, 0, 26.17, 5.89, 2787.63, 791.594, 10, 79.16, 712.43, 0, 0, 0, 0, 0, 0, 5.00611, 0, 0, 14231.2, 19.0005, 0),
(165, 224, 0, 24, 41, 9310, 50, 400, 1.5, 0, 19.58, 5.89, 1901.22, 683.901, 10, 68.39, 615.51, 0, 0, 0, 0, 0, 0, 5.00613, 0, 0, 12295.1, 14.9993, 1),
(166, 204, 0, 70, 42, 650, 350, 12, 1.5, 0, 26.17, 5.89, 173.245, 49.196, 10, 4.92, 44.28, 0, 0, 0, 0, 0, 0, 5.00655, 0, 0, 884.441, 19.001, 0),
(167, 204, 0, 43, 43, 550, 350, 12, 1.5, 0, 19.59, 5.89, 110.096, 39.5864, 10, 3.96, 35.63, 0, 0, 0, 0, 0, 0, 5.00645, 0, 0, 711.682, 15.0063, 1),
(168, 201, 0, 40, 43, 10300, 4, 1500, 1.5, 0, 26.17, 5.89, 3088.06, 876.907, 10, 87.69, 789.22, 0, 0, 0, 0, 0, 0, 5.00616, 0, 0, 15765, 19.0005, 0),
(169, 205, 0, 44, 43, 10900, 11, 1500, 1.5, 0, 26.17, 5.89, 3245.08, 921.495, 10, 92.15, 829.35, 0, 0, 0, 0, 0, 0, 5.00616, 0, 0, 16566.6, 19.0005, 0),
(170, 206, 0, 77, 16, 2210, 5, 60, 1.5, 0, 19.59, 5.89, 444.693, 159.895, 10, 15.99, 143.91, 0, 0, 0, 0, 0, 0, 5.00628, 0, 0, 2874.59, 15.0056, 1),
(172, 213, 0, 35, 23, 8700, 5, 175, 1.5, 0, 19.59, 5.89, 1738.61, 625.142, 10, 62.51, 562.63, 0, 0, 0, 0, 0, 0, 5.00616, 0, 0, 11238.8, 15.0057, 1),
(174, 214, 0, 46, 20, 47, 50, 4, 1.5, 0, 19.58, 5.89, 9.9858, 3.59206, 10, 75.17, 3.23, 0, 0, 0, 0, 0, 0, 5.00171, 0, 0, 64.5779, 15.0056, 1),
(175, 220, 0, 52, 37, 4725, 10, 400, 1.5, 0, 19.58, 5.89, 1003.47, 360.967, 10, 36.1, 324.87, 0, 0, 0, 0, 0, 0, 5.00613, 0, 0, 6489.44, 14.9992, 1),
(176, 221, 0, 53, 34, 22570, 1, 3500, 2, 0, 24.78, 5.89, 6460.15, 1916.03, 10, 191.6, 1724.43, 0, 0, 0, 0, 0, 0, 5.00616, 0, 0, 34446.2, 18.0042, 0),
(178, 222, 0, 54, 44, 16500, 1, 700, 1.5, 0, 19.58, 5.89, 3367.76, 1211.44, 10, 121.14, 1090.3, 0, 0, 0, 0, 0, 0, 5.00615, 0, 0, 21779.2, 14.9993, 1),
(179, 225, 0, 56, 42, 2150, 1, 700, 2, 0, 24.78, 5.89, 706.23, 209.462, 10, 20.95, 188.51, 0, 0, 0, 0, 0, 0, 5.00599, 0, 0, 3765.69, 18.0041, 0),
(180, 223, 0, 55, 43, 10200, 10, 1500, 2, 0, 25, 5.89, 2925, 861.412, 10, 86.14, 775.27, 0, 0, 0, 0, 0, 0, 5.00613, 10, 0, 15486.4, 18.132, 0),
(181, 226, 0, 13, 43, 10500, 1, 2100, 1.5, 0, 26.17, 5.89, 3297.42, 936.358, 10, 93.64, 842.72, 0, 0, 0, 0, 0, 0, 5.00612, 0, 0, 16833.8, 19.0005, 0),
(182, 228, 0, 58, 36, 12880, 1, 2150, 1.5, 0, 19.59, 5.89, 2944.38, 1058.69, 10, 105.87, 952.82, 0, 0, 0, 0, 0, 0, 5.00613, 0, 0, 19033.1, 15.0057, 1),
(183, 229, 0, 59, 20, 995, 10, 100, 1.5, 0, 19.59, 5.89, 214.51, 77.1302, 10, 7.71, 69.42, 0, 0, 0, 0, 0, 0, 5.00634, 0, 0, 1386.64, 15.0057, 1),
(184, 229, 0, 59, 42, 1340, 3, 333, 1.5, 0, 26.17, 5.89, 437.824, 124.328, 10, 12.43, 111.9, 0, 0, 0, 0, 0, 0, 5.00637, 0, 0, 2235.15, 19.0003, 0),
(185, 232, 0, 62, 42, 3552, 4, 400, 2, 0, 23.52, 5.89, 929.51, 287.521, 10, 28.75, 258.77, 0, 0, 0, 0, 0, 0, 5.00616, 0, 0, 5169.03, 17.263, 0),
(187, 233, 0, 63, 35, 2100, 4, 150, 2, 0, 25.92, 5.89, 583.2, 166.875, 10, 16.69, 150.19, 0, 0, 0, 0, 0, 0, 5.00621, 0, 0, 3000.08, 18.6619, 0),
(188, 234, 0, 64, 36, 9030, 1, 2500, 1.5, 0, 19.58, 5.89, 2257.57, 812.088, 10, 81.21, 730.88, 0, 0, 0, 0, 0, 0, 5.00614, 0, 0, 14599.7, 14.9993, 1),
(189, 238, 0, 61, 42, 673, 25, 50, 1.5, 0, 683.72, 5.89, 4943.3, 333.745, 10, 33.37, 300.37, 0, 0, 0, 0, 0, 0, 5.00613, 0, 0, 6000.04, 79.9161, 0),
(190, 238, 0, 61, 35, 1750, 25, 32, 2, 0, 215.86, 5.89, 3846.63, 331.526, 10, 33.15, 298.38, 0, 0, 0, 0, 0, 0, 5.00625, 0, 0, 5960.15, 61.9576, 0),
(191, 200, 0, 71, 45, 122, 2000, 8, 1.98, 0, 16.23, 5.89, 21.099, 8.89973, 10, 0.89, 8.01, 0, 0, 0, 0, 0, 0, 5.00629, 0, 0, 159.999, 12.6654, 0),
(192, 200, 0, 39, 47, 95, 2000, 8, 1.5, 0, 19.58, 5.89, 20.1674, 7.25456, 10, 0.72, 6.53, 0, 0, 0, 0, 0, 0, 5.00683, 0, 0, 130.422, 15.0012, 1),
(194, 218, 0, 73, 49, 1193, 20, 275, 1.5, 0, 19.58, 5.89, 287.434, 103.395, 10, 10.34, 93.06, 0, 0, 0, 0, 0, 0, 5.00638, 0, 0, 1858.83, 14.9991, 1),
(195, 199, 0, 38, 50, 69, 500, 8, 1.5, 0, 19.58, 5.89, 15.0766, 5.42331, 10, 0.54, 4.88, 0, 0, 0, 0, 0, 0, 5.00513, 0, 0, 97.4999, 15.0027, 1),
(196, 241, 0, 74, 51, 7500, 3, 1725, 0.99, 1, 21.12, 5, 0, 0, 10, 55.87, 0, 7500, 2500, 1917, 77, 583, 23, 4.48, 10, 525, 11725, 16.026, 0),
(197, 218, 0, 50, 52, 2600, 20, 200, 2, 0, 25, 5.89, 700, 206.15, 10, 10.91, 185.53, 0, 0, 0, 0, 0, 0, 5.006, 0, 0, 3706.15, 18.132, 0),
(198, 220, 0, 52, 52, 7800, 10, 200, 2, 0, 25, 5.89, 2000, 589, 10, 58.9, 530.1, 0, 0, 0, 0, 0, 0, 5.00614, 10, 0, 10589, 18.132, 0),
(199, 198, 0, 37, 53, 44500, 3, 800, 1.5, 0, 26.17, 5.89, 11855, 3366.43, 10, 336.64, 3029.79, 0, 0, 0, 0, 0, 0, 5.00614, 0, 0, 60521.4, 19.0005, 0),
(201, 203, 0, 42, 54, 14136, 2, 200, 1.5, 0, 19.59, 5.89, 2808.42, 1009.81, 10, 100.98, 908.83, 0, 0, 0, 0, 0, 0, 5.00616, 0, 0, 18154.2, 15.0057, 1),
(202, 230, 0, 60, 53, 2920, 5, 130, 1.5, 0, 26.17, 5.89, 798.185, 226.658, 10, 22.67, 203.99, 0, 0, 0, 0, 0, 0, 5.00608, 0, 0, 4074.84, 19.0006, 0),
(203, 238, 0, 61, 53, 3540, 100, 12, 1.5, 0, 19.58, 5.89, 695.482, 250.177, 10, 25.02, 225.16, 0, 0, 0, 0, 0, 0, 5.00616, 0, 0, 4497.66, 14.9993, 1),
(205, 233, 0, 63, 53, 2213, 5, 150, 1.5, 0, 19.9, 5.89, 470.237, 166.878, 10, 16.69, 150.19, 0, 0, 0, 0, 0, 0, 5.00614, 0, 0, 3000.11, 15.2038, 0),
(206, 237, 0, 67, 53, 9300, 1, 600, 2, 0, 25, 5.89, 2475, 728.888, 10, 72.89, 656, 0, 0, 0, 0, 0, 0, 5.00615, 10, 0, 13103.9, 18.132, 0),
(207, 218, 0, 50, 55, 1950, 20, 250, 2, 0, 25, 5.89, 550, 161.975, 10, 10.91, 145.77, 0, 0, 0, 0, 0, 0, 5.00588, 0, 0, 2911.98, 18.132, 0),
(208, 220, 0, 52, 55, 6200, 10, 400, 1.5, 0, 26.17, 5.89, 1727.22, 490.473, 10, 49.05, 441.42, 0, 0, 0, 0, 0, 0, 5.00607, 0, 0, 8817.69, 19.0005, 0),
(209, 200, 0, 76, 56, 115, 2000, 0, 1.5, 0, 11.35, 5.89, 13.0525, 7.54229, 10, 0.75, 6.79, 0, 0, 0, 0, 0, 0, 5.00757, 0, 0, 135.595, 9.33554, 0),
(210, 236, 0, 66, 40, 2310, 1, 1500, 1.5, 0, 19.58, 5.89, 745.998, 268.348, 10, 26.84, 241.51, 0, 0, 0, 0, 0, 0, 5.00607, 0, 0, 4824.35, 14.9993, 1),
(211, 201, 0, 40, 54, 11350, 4, 100, 1.5, 0, 26.17, 5.89, 2996.47, 850.897, 10, 85.09, 765.81, 0, 0, 0, 0, 0, 0, 5.00616, 0, 0, 15297.4, 19.0005, 0),
(212, 201, 0, 40, 28, 10600, 4, 100, 1.5, 0, 26.17, 5.89, 2800.19, 795.161, 10, 79.52, 715.64, 0, 0, 0, 0, 0, 0, 5.0061, 0, 0, 14295.4, 19.0005, 0),
(213, 201, 0, 40, 57, 12802, 4, 100, 1.5, 0, 26.17, 5.89, 3376.45, 958.801, 10, 95.88, 862.92, 0, 0, 0, 0, 0, 0, 5.00613, 0, 0, 17237.3, 19.0005, 0),
(214, 201, 0, 40, 58, 11800, 4, 100, 1.5, 0, 26.17, 5.89, 3114.23, 884.338, 10, 88.43, 795.91, 0, 0, 0, 0, 0, 0, 5.00617, 0, 0, 15898.6, 19.0005, 0),
(215, 201, 0, 40, 49, 10240, 4, 1750, 1.5, 0, 26.17, 5.89, 3137.78, 891.026, 10, 89.1, 801.93, 0, 0, 0, 0, 0, 0, 5.00618, 0, 0, 16018.8, 19.0005, 0),
(216, 202, 0, 41, 54, 11050, 5, 100, 1.5, 0, 26.17, 5.89, 2917.96, 828.603, 10, 82.86, 745.74, 0, 0, 0, 0, 0, 0, 5.00612, 0, 0, 14896.6, 19.0005, 0),
(221, 205, 0, 44, 54, 11250, 10, 170, 1.5, 0, 26.17, 5.89, 2988.61, 848.667, 10, 84.87, 763.8, 0, 0, 0, 0, 0, 0, 5.00613, 10, 0, 15257.3, 19.0004, 0),
(222, 205, 0, 44, 28, 11450, 10, 170, 1.5, 0, 26.17, 5.89, 3040.95, 863.53, 10, 86.35, 777.18, 0, 0, 0, 0, 0, 0, 5.00616, 0, 0, 15524.5, 19.0004, 0),
(223, 205, 0, 44, 49, 12130, 12, 1200, 1.5, 0, 26.17, 5.89, 3488.46, 990.607, 10, 99.06, 891.55, 0, 0, 0, 0, 0, 0, 5.00616, 0, 0, 17809.1, 19.0005, 0),
(224, 205, 0, 44, 57, 12525, 12, 200, 1.5, 0, 26.17, 5.89, 3330.13, 945.647, 10, 94.56, 851.09, 0, 0, 0, 0, 0, 0, 5.00618, 0, 0, 17000.8, 19.0005, 0),
(225, 206, 0, 77, 42, 2150, 5, 200, 1.5, 0, 26.17, 5.89, 614.995, 174.638, 10, 17.46, 157.18, 0, 0, 0, 0, 0, 0, 5.00632, 0, 0, 3139.63, 19.0006, 0),
(226, 206, 0, 77, 20, 2426, 5, 10, 1.5, 0, 26.17, 5.89, 637.501, 181.029, 10, 18.1, 162.93, 0, 0, 0, 0, 0, 0, 5.00625, 0, 0, 3254.53, 19.0004, 0),
(227, 206, 0, 77, 49, 2562, 5, 200, 1.5, 0, 26.17, 5.89, 722.815, 205.256, 10, 20.53, 184.73, 0, 0, 0, 0, 0, 0, 5.00614, 0, 0, 3690.07, 19.0006, 0),
(228, 206, 0, 78, 57, 5982, 2, 30, 1.5, 0, 26.17, 5.89, 1573.34, 446.777, 10, 44.68, 402.1, 0, 0, 0, 0, 0, 0, 5.00615, 0, 0, 8032.12, 19.0005, 0),
(229, 215, 0, 47, 54, 14200, 2, 200, 1.5, 0, 26.17, 5.89, 3768.48, 1070.12, 10, 107.01, 963.11, 0, 0, 0, 0, 0, 0, 5.00613, 0, 0, 19238.6, 19.0005, 0),
(230, 215, 0, 47, 28, 12400, 2, 200, 1.5, 0, 26.17, 5.89, 3297.42, 936.358, 10, 93.64, 842.72, 0, 0, 0, 0, 0, 0, 5.00612, 0, 0, 16833.8, 19.0005, 0),
(231, 215, 0, 47, 49, 11410, 2, 1750, 1.5, 0, 26.17, 5.89, 3443.97, 977.974, 10, 97.8, 880.17, 0, 0, 0, 0, 0, 0, 5.0061, 0, 0, 17581.9, 19.0005, 0),
(232, 215, 0, 47, 23, 14856, 2, 200, 1.5, 0, 26.17, 5.89, 3940.16, 1118.87, 10, 111.89, 1006.98, 0, 0, 0, 0, 0, 0, 5.00611, 0, 0, 20115, 19.0005, 0),
(233, 215, 0, 47, 58, 11735, 2, 200, 1.5, 0, 26.17, 5.89, 3123.39, 886.939, 10, 88.69, 798.25, 0, 0, 0, 0, 0, 0, 5.00617, 0, 0, 15945.3, 19.0005, 0),
(234, 216, 0, 48, 70, 10080, 2, 500, 1.5, 0, 19.59, 5.89, 2072.62, 745.239, 10, 74.52, 670.72, 0, 0, 0, 0, 0, 0, 5.00617, 0, 0, 13397.9, 15.0057, 1),
(235, 216, 0, 48, 16, 12346, 2, 200, 1.5, 0, 26.17, 5.89, 3283.29, 932.345, 10, 93.23, 839.12, 0, 0, 0, 0, 0, 0, 5.00619, 0, 0, 16761.6, 19.0005, 0),
(236, 217, 0, 49, 54, 14300, 2, 200, 1.5, 0, 26.17, 5.89, 3794.65, 1077.55, 10, 107.75, 969.8, 0, 0, 0, 0, 0, 0, 5.00614, 0, 0, 19372.2, 19.0005, 0),
(237, 217, 0, 49, 28, 12500, 2, 200, 1.5, 0, 26.17, 5.89, 3323.59, 943.789, 10, 94.38, 849.41, 0, 0, 0, 0, 0, 0, 5.00614, 0, 0, 16967.4, 19.0005, 0),
(238, 217, 0, 49, 16, 13726, 2, 200, 1.5, 0, 26.17, 5.89, 3644.43, 1034.9, 10, 103.49, 931.41, 0, 0, 0, 0, 0, 0, 5.00615, 0, 0, 18605.3, 19.0005, 0),
(239, 217, 0, 49, 23, 11300, 2, 200, 1.5, 0, 26.17, 5.89, 3009.55, 854.612, 10, 85.46, 769.15, 0, 0, 0, 0, 0, 0, 5.00613, 0, 0, 15364.2, 19.0005, 0),
(240, 217, 0, 49, 58, 12916, 2, 200, 1.5, 0, 26.17, 5.89, 3432.46, 974.704, 10, 97.47, 877.23, 0, 0, 0, 0, 0, 0, 5.00612, 0, 0, 17523.2, 19.0005, 0),
(241, 217, 0, 49, 70, 9900, 2, 500, 1.5, 0, 19.59, 5.89, 2037.36, 732.56, 10, 73.26, 659.3, 0, 0, 0, 0, 0, 0, 5.0061, 0, 0, 13169.9, 15.0057, 1),
(242, 218, 0, 50, 35, 2400, 20, 300, 2, 0, 25, 5.89, 675, 198.788, 10, 10.91, 178.91, 0, 0, 0, 0, 0, 0, 5.00617, 0, 0, 3573.79, 18.132, 0),
(244, 220, 0, 52, 35, 5600, 10, 400, 2, 0, 25, 5.89, 1500, 441.75, 10, 44.17, 397.58, 0, 0, 0, 0, 0, 0, 5.0062, 0, 0, 7941.75, 18.132, 0),
(246, 221, 0, 53, 42, 20750, 1, 3300, 1.5, 0, 19.59, 5.89, 4711.4, 1694.05, 0, 0, 1694.05, 0, 0, 0, 0, 0, 0, 5.56239, 0, 0, 30455.4, 15.0057, 1),
(247, 222, 0, 54, 36, 21300, 1, 3000, 2, 0, 25, 5.89, 6075, 1789.09, 10, 178.91, 1610.18, 0, 0, 0, 0, 0, 0, 5.00614, 10, 0, 32164.1, 18.132, 0),
(248, 223, 0, 55, 28, 10000, 20, 150, 1.5, 0, 19.59, 5.89, 1988.39, 714.951, 10, 71.5, 643.45, 0, 0, 0, 0, 0, 0, 5.00609, 0, 0, 12853.3, 15.0057, 1),
(249, 223, 0, 55, 57, 12233, 10, 200, 2, 0, 25, 5.89, 3108.25, 915.38, 10, 91.54, 823.84, 0, 0, 0, 0, 0, 0, 5.00613, 10, 0, 16456.6, 18.132, 0),
(250, 223, 0, 55, 23, 13560, 10, 200, 2, 0, 25, 5.89, 3440, 1013.08, 10, 101.31, 911.77, 0, 0, 0, 0, 0, 0, 5.00613, 10, 0, 18213.1, 18.132, 0),
(251, 224, 0, 24, 54, 11700, 25, 200, 2, 0, 24.78, 5.89, 2948.82, 874.596, 10, 87.46, 787.14, 0, 0, 0, 0, 0, 0, 5.00616, 10, 0, 15723.4, 18.0041, 0),
(252, 224, 0, 24, 49, 9610, 25, 1750, 2, 0, 24.78, 5.89, 2815.01, 834.908, 10, 83.49, 751.42, 0, 0, 0, 0, 0, 0, 5.00616, 10, 0, 15009.9, 18.0042, 0),
(253, 224, 0, 24, 57, 12336, 25, 200, 2, 0, 24.78, 5.89, 3106.42, 921.339, 10, 92.13, 829.21, 0, 0, 0, 0, 0, 0, 5.00617, 10, 0, 16563.8, 18.0041, 0),
(254, 224, 0, 24, 23, 9800, 25, 200, 2, 0, 24.78, 5.89, 2478, 734.954, 10, 73.5, 661.45, 0, 0, 0, 0, 0, 0, 5.00607, 10, 0, 13213, 18.0041, 0),
(255, 225, 0, 56, 49, 2820, 1, 1000, 2, 0, 24.78, 5.89, 946.596, 280.753, 10, 28.07, 252.68, 0, 0, 0, 0, 0, 0, 5.00619, 10, 0, 5047.35, 18.0042, 0),
(256, 225, 0, 56, 16, 2220, 2, 100, 1.5, 0, 19.59, 5.89, 454.488, 163.417, 10, 16.34, 147.08, 0, 0, 0, 0, 0, 0, 5.00629, 0, 0, 2937.91, 15.0058, 1),
(257, 225, 0, 56, 57, 3323, 1, 50, 2, 0, 24.78, 5.89, 835.829, 247.9, 10, 24.79, 223.11, 0, 0, 0, 0, 0, 0, 5.00614, 10, 0, 4456.73, 18.0042, 0),
(258, 226, 0, 13, 54, 16300, 1, 200, 1.5, 0, 26.17, 5.89, 4318.05, 1226.18, 10, 122.62, 1103.56, 0, 0, 0, 0, 0, 0, 5.00612, 0, 0, 22044.2, 19.0005, 0),
(259, 226, 0, 13, 16, 18700, 1, 200, 2, 0, 24.78, 5.89, 4683.42, 1389.06, 10, 138.91, 1250.15, 0, 0, 0, 0, 0, 0, 5.00611, 10, 0, 24972.5, 18.0041, 0),
(260, 226, 0, 13, 57, 17278, 1, 200, 2, 0, 24.78, 5.89, 4331.05, 1284.55, 10, 128.46, 1156.09, 0, 0, 0, 0, 0, 0, 5.00611, 10, 0, 23093.6, 18.0042, 0),
(261, 226, 0, 13, 23, 12300, 1, 200, 2, 0, 24.78, 5.89, 3097.5, 918.693, 10, 91.87, 826.82, 0, 0, 0, 0, 0, 0, 5.00612, 10, 0, 16516.2, 18.0041, 0),
(262, 226, 0, 13, 58, 12359, 1, 200, 2, 0, 24.78, 5.89, 3112.12, 923.029, 10, 92.3, 830.73, 0, 0, 0, 0, 0, 0, 5.00616, 10, 0, 16594.1, 18.0041, 0),
(263, 227, 0, 57, 28, 11600, 10, 175, 1.5, 0, 26.17, 5.89, 3081.52, 875.049, 10, 87.5, 787.55, 0, 0, 0, 0, 0, 0, 5.00618, 0, 0, 15731.6, 19.0005, 0),
(264, 229, 0, 59, 49, 1456, 3, 350, 1.5, 0, 26.17, 5.89, 472.63, 134.211, 10, 13.42, 120.79, 0, 0, 0, 0, 0, 0, 5.00613, 0, 0, 2412.84, 19.0005, 0),
(265, 229, 0, 59, 16, 1217, 3, 20, 1.5, 0, 26.17, 5.89, 323.723, 91.9266, 10, 9.19, 82.74, 0, 0, 0, 0, 0, 0, 5.00651, 0, 0, 1652.65, 19.0003, 0),
(266, 229, 0, 59, 57, 1456, 3, 20, 1.5, 0, 26.17, 5.89, 386.269, 109.688, 10, 10.97, 98.72, 0, 0, 0, 0, 0, 0, 5.00619, 0, 0, 1971.96, 19.0005, 0),
(267, 230, 0, 60, 42, 1150, 5, 200, 1.5, 0, 19.59, 5.89, 264.465, 95.092, 10, 9.51, 85.58, 0, 0, 0, 0, 0, 0, 5.00598, 0, 0, 1709.56, 15.0054, 1),
(269, 238, 0, 61, 37, 3250, 25, 40, 2, 0, 71.08, 5.89, 2338.53, 331.521, 10, 33.15, 298.37, 0, 0, 0, 0, 0, 0, 5.00616, 10, 0, 5960.05, 37.6673, 0),
(271, 232, 0, 79, 40, 3030, 4, 400, 1.5, 0, 19.58, 5.89, 671.594, 241.584, 10, 24.16, 217.42, 0, 0, 0, 0, 0, 0, 5.00601, 0, 0, 4343.18, 14.9992, 1),
(272, 233, 0, 63, 40, 1990, 10, 150, 1.5, 0, 19.59, 5.89, 419.226, 150.738, 10, 15.07, 135.67, 0, 0, 0, 0, 0, 0, 5.00634, 0, 0, 2709.96, 15.0058, 1),
(273, 235, 0, 65, 35, 3220, 1, 800, 2, 0, 67.97, 5.89, 2732.39, 397.716, 10, 39.77, 357.95, 0, 0, 0, 0, 0, 0, 5.00622, 0, 0, 7150.11, 36.6861, 0),
(274, 237, 0, 67, 42, 1700, 2, 500, 2, 0, 24.78, 5.89, 545.16, 161.69, 10, 16.17, 145.52, 0, 0, 0, 0, 0, 0, 5.00611, 10, 0, 2906.85, 18.0041, 0),
(275, 237, 0, 67, 40, 5466, 2, 500, 2, 0, 24.78, 5.89, 1478.37, 438.474, 10, 43.85, 394.62, 0, 0, 0, 0, 0, 0, 5.00606, 10, 0, 7882.85, 18.0041, 0),
(277, 198, 0, 37, 60, 45100, 3, 800, 1.5, 0, 19.59, 5.89, 8991.81, 3233.13, 10, 323.31, 2909.82, 0, 0, 0, 0, 0, 0, 5.00615, 0, 0, 58124.9, 15.0057, 1),
(278, 238, 0, 61, 61, 5152, 25, 40, 2, 0, 8.41, 5.89, 436.647, 331.527, 10, 33.15, 298.38, 0, 0, 0, 0, 0, 0, 5.00623, 0, 0, 5960.17, 7.03308, 0),
(279, 242, 0, 80, 62, 3920, 3, 0, 1, 0, 13.97, 5.42, 547.624, 242.145, 9, 21.79, 220.36, 0, 0, 0, 0, 0, 0, 4.67879, 0, 0, 4709.77, 11.3948, 1),
(280, 243, 0, 81, 63, 590.82, 24, 25, 0, 0, 30.35, 5.89, 186.901, 47.2803, 10, 4.73, 42.55, 0, 0, 0, 0, 0, 0, 5.00587, 0, 0, 850.002, 21.9882, 0),
(281, 244, 0, 82, 63, 397.1, 36, 20, 1, 0, 51.7, 5.89, 215.641, 37.2684, 10, 3.73, 33.54, 0, 0, 0, 0, 0, 0, 5.0059, 0, 0, 670.009, 31.5409, 0),
(282, 245, 0, 88, 23, 939.98, 1, 30, 0, 0, 27.7, 8.44, 268.684, 104.543, 10, 10.45, 94.09, 0, 0, 0, 0, 0, 0, 7.00487, 0, 0, 1343.21, 20.0029, 1),
(284, 246, 0, 89, 64, 375, 4, 10, 0, 0, 27.7, 8.44, 106.645, 41.4948, 10, 4.15, 37.34, 0, 0, 0, 0, 0, 0, 7.00379, 0, 0, 533.14, 20.0023, 1),
(285, 249, 0, 84, 20, 585, 1, 50, 0, 0, 29.04, 12.5, 184.404, 102.425, 10, 10.24, 92.19, 0, 0, 0, 0, 0, 0, 10.0008, 0, 0, 921.83, 20.0037, 0),
(286, 247, 0, 86, 17, 4916, 1, 300, 0, 0, 27.7, 8.44, 1444.83, 562.174, 10, 56.22, 505.95, 0, 0, 0, 0, 0, 0, 7.0047, 0, 0, 7223.01, 20.0032, 1),
(287, 247, 0, 86, 65, 5400, 1, 0, 0, 0, 23.35, 8.44, 1260.9, 562.18, 10, 56.22, 505.96, 0, 0, 0, 0, 0, 0, 7.00477, 0, 0, 7223.08, 17.4565, 0),
(288, 248, 0, 87, 65, 6700, 2, 0, 0, 0, 27.7, 8.44, 1855.9, 722.118, 10, 72.21, 649.91, 0, 0, 0, 0, 0, 0, 7.00484, 10, 0, 9278.02, 20.0032, 0),
(289, 248, 0, 87, 17, 6226, 2, 300, 0, 0, 27.7, 8.44, 1807.7, 703.364, 10, 70.34, 633.02, 0, 0, 0, 0, 0, 0, 7.00471, 10, 0, 9037.07, 20.0032, 1),
(290, 250, 0, 41, 18, 9580, 2, 400, 0, 0, 21.96, 0, 2191.61, 0, 0, 0, 0, 0, 0, 0, 0, 0, 0, 0, 0, 0, 12171.6, 18.0059, 0),
(291, 250, 0, 41, 41, 6610, 4, 400, 0, 0, 30.18, 0, 2115.62, 0, 0, 0, 0, 0, 0, 0, 0, 0, 0, 0, 0, 0, 9125.62, 23.1833, 0),
(292, 250, 0, 41, 23, 10450, 2, 0, 0, 0, 25, 0, 2612.5, 0, 0, 0, 0, 0, 0, 0, 0, 0, 0, 0, 0, 0, 13062.5, 20, 0),
(293, 250, 0, 41, 24, 9700, 2, 0, 0, 0, 25, 0, 2425, 0, 0, 0, 0, 0, 0, 0, 0, 0, 0, 0, 0, 0, 12125, 20, 0),
(294, 250, 0, 41, 31, 8000, 2, 50, 0, 0, 13.36, 0, 1075.48, 0, 0, 0, 0, 0, 0, 0, 0, 0, 0, 0, 0, 0, 9125.48, 11.7855, 1),
(295, 252, 0, 21, 62, 8700, 6, 0, 0.24, 0, 21.55, 6.39, 1874.85, 675.733, 10, 67.57, 608.16, 0, 0, 0, 0, 0, 0, 5.40559, 10, 0, 11250.6, 16.5845, 1),
(296, 252, 0, 91, 63, 12000, 4, 400, 0, 0, 21.42, 6.39, 2656.08, 962.083, 10, 96.21, 865.87, 0, 0, 0, 0, 0, 0, 5.40555, 10, 0, 16018.2, 16.5817, 0),
(297, 253, 0, 92, 66, 1590, 1, 0, 0, 0, 18.79, 5.89, 298.761, 111.248, 10, 11.13, 100.12, 0, 0, 0, 0, 0, 0, 5.00598, 10, 0, 2000.01, 14.9379, 1),
(298, 239, 0, 68, 23, 9400, 5, 100, 0, 0, 20.71, 4.65, 1967.45, 533.236, 10, 53.32, 479.92, 0, 0, 0, 0, 0, 0, 3.9991, 10, 0, 12000.7, 16.3945, 0),
(299, 254, 0, 93, 67, 6485, 2, 550, 0, 1, 20, 6, 0, 0, 11, 0, 0, 8766, 4383, 3698, 84, 685, 16, 5.34, 11, 610, 11418, 32.3875, 1),
(300, 256, 0, 95, 18, 26750, 6, 750, 0, 1, 20, 5, 0, 0, 10, 165, 0, 57282, 9547, 7658, 80, 1889, 20, 4.59, 10, 1700, 37047, 20.671, 1),
(301, 257, 0, 94, 18, 26750, 1, 833, 0, 1, 27.9, 5.01, 0, 0, 10, 176.75, 0, 9463, 9463, 7611, 80, 1852, 20, 4.5, 10, 1667, 37047, 20.5442, 1),
(302, 259, 0, 96, 68, 7000, 10, 100, 0, 1, 20, 6, 0, 0, 10, 51.12, 0, 96470, 9647, 8592, 89, 1055, 11, 5.67, 10, 950, 16747, 51.3047, 1),
(304, 263, 0, 97, 69, 11957, 1, 200, 0, 0, 35.73, 0, 4343.7, 0, 0, 0, 0, 0, 0, 0, 0, 0, 0, 0, 0, 0, 16500.7, 26.3243, 0),
(305, 201, 0, 40, 70, 9990, 4, 500, 1.5, 0, 19.59, 5.89, 2054.99, 738.9, 10, 73.89, 665.01, 0, 0, 0, 0, 0, 0, 5.00614, 0, 0, 13283.9, 15.0057, 1),
(306, 202, 0, 41, 70, 9000, 5, 500, 1.5, 0, 19.59, 5.89, 1861.05, 669.166, 10, 66.92, 602.25, 0, 0, 0, 0, 0, 0, 5.00614, 0, 0, 12030.2, 15.0057, 1),
(307, 202, 0, 41, 28, 10152, 5, 100, 1.5, 0, 26.17, 5.89, 2682.95, 761.868, 10, 76.19, 685.68, 0, 0, 0, 0, 0, 0, 5.00613, 10, 0, 13696.8, 19.0005, 0),
(308, 203, 0, 42, 70, 12150, 5, 500, 1.5, 0, 26.17, 5.89, 3310.5, 940.074, 10, 94.01, 846.06, 0, 0, 0, 0, 0, 0, 5.0061, 10, 0, 16900.6, 19.0005, 0),
(309, 205, 0, 44, 70, 10790, 10, 400, 1.5, 0, 19.59, 5.89, 2192.12, 788.207, 10, 78.82, 709.39, 0, 0, 0, 0, 0, 0, 5.00617, 0, 0, 14170.3, 15.0057, 1),
(310, 215, 0, 47, 70, 9540, 8, 500, 1.5, 0, 19.59, 5.89, 1966.84, 707.203, 10, 70.72, 636.48, 0, 0, 0, 0, 0, 0, 5.00612, 0, 0, 12714, 15.0057, 1),
(311, 222, 0, 54, 49, 15370, 1, 2000, 1.5, 0, 26.17, 5.89, 4545.73, 1290.84, 10, 129.08, 1161.76, 0, 0, 0, 0, 0, 0, 5.00617, 10, 0, 23206.6, 19.0005, 0),
(312, 223, 0, 55, 70, 10260, 20, 500, 1.5, 0, 26.17, 5.89, 2815.89, 799.62, 10, 79.96, 719.66, 0, 0, 0, 0, 0, 0, 5.00615, 10, 0, 14375.5, 19.0005, 0),
(313, 224, 0, 24, 28, 10131, 50, 150, 1.5, 0, 26.17, 5.89, 2690.54, 764.024, 10, 76.4, 687.62, 0, 0, 0, 0, 0, 0, 5.00613, 10, 0, 13735.6, 19.0005, 0),
(314, 224, 0, 24, 70, 9646, 50, 400, 1.5, 0, 19.59, 5.89, 1968.01, 707.625, 10, 70.76, 636.87, 0, 0, 0, 0, 0, 0, 5.0062, 0, 0, 12721.6, 15.0057, 0),
(315, 226, 0, 13, 70, 9630, 2, 500, 1.5, 0, 19.58, 5.89, 1983.45, 713.482, 10, 71.35, 642.13, 0, 0, 0, 0, 0, 0, 5.00611, 0, 0, 12826.9, 14.9993, 1),
(316, 227, 0, 57, 54, 13500, 20, 150, 1.5, 0, 26.17, 5.89, 3572.21, 1014.39, 10, 101.44, 912.95, 0, 0, 0, 0, 0, 0, 5.00614, 10, 0, 18236.6, 19.0005, 0),
(317, 227, 0, 57, 70, 10273, 20, 400, 1.5, 0, 19.58, 5.89, 2089.77, 751.727, 10, 75.17, 676.56, 0, 0, 0, 0, 0, 0, 5.00618, 0, 0, 13514.5, 14.9993, 1),
(318, 251, 0, 90, 23, 12800, 1, 100, 0, 0, 12.41, 0, 1600.89, 0, 0, 0, 0, 0, 0, 0, 0, 0, 0, 0, 0, 0, 14500.9, 11.0399, 0),
(319, 251, 0, 90, 32, 10760, 1, 150, 0, 0, 32.91, 0, 3590.48, 0, 0, 0, 0, 0, 0, 0, 0, 0, 0, 0, 0, 0, 14500.5, 24.7611, 1),
(320, 264, 0, 54, 71, 36957, 1, 500, 2.01, 0, 19.83, 5.89, 7427.72, 2643.71, 10, 264.37, 2379.34, 0, 0, 0, 0, 0, 0, 5.00614, 10, 0, 47528.4, 14.9997, 0),
(321, 265, 0, 100, 72, 24000, 1, 2000, 2, 0, 21.75, 7.15, 5655, 2263.33, 10, 226.33, 2037, 0, 0, 0, 0, 0, 0, 6.0056, 10, 0, 33918.3, 16.0055, 1),
(323, 286, 0, 114, 68, 7200, 1, 400, 0, 0, 18.43, 0, 1400.68, 0, 0, 0, 0, 0, 0, 0, 0, 0, 0, 0, 0, 0, 9000.68, 15.5619, 0),
(325, 284, 0, 113, 15, 330, 160, 1, 1, 0, 26.89, 0, 89.0059, 0, 0, 0, 0, 0, 0, 0, 0, 0, 0, 0, 0, 0, 420.006, 20.7687, 1),
(326, 283, 0, 111, 0, 3180, 11, 500, 1, 0, 25, 0, 920, 0, 0, 0, 0, 0, 0, 0, 0, 0, 0, 0, 0, 0, 4600, 19.6, 0),
(327, 272, 0, 14, 70, 11600, 4, 700, 1, 0, 25, 0, 3075, 0, 0, 0, 0, 0, 0, 0, 0, 0, 0, 0, 0, 0, 15375, 19.6, 1),
(328, 282, 0, 110, 70, 10890, 1, 800, 1, 0, 25.75, 0, 3010.18, 0, 0, 0, 0, 0, 0, 0, 0, 0, 0, 0, 0, 0, 14700.2, 20.0676, 1),
(329, 281, 0, 109, 70, 10710, 1, 800, 1, 0, 23.38, 0, 2691.04, 0, 0, 0, 0, 0, 0, 0, 0, 0, 0, 0, 0, 0, 14201, 18.5706, 1),
(330, 280, 0, 44, 70, 10790, 1, 750, 1, 0, 23.06, 0, 2661.12, 0, 0, 0, 0, 0, 0, 0, 0, 0, 0, 0, 0, 0, 14201.1, 18.364, 0),
(331, 276, 0, 105, 70, 9980, 1, 750, 1, 0, 25.82, 0, 2770.49, 0, 0, 0, 0, 0, 0, 0, 0, 0, 0, 0, 0, 0, 13500.5, 20.111, 1),
(332, 274, 0, 74, 51, 7900, 18, 800, 1, 0, 25.29, 0, 2200.23, 0, 0, 0, 0, 0, 0, 0, 0, 0, 0, 0, 0, 0, 10900.2, 19.7815, 1),
(333, 267, 0, 101, 70, 10260, 6, 500, 1, 0, 25, 0, 2690, 0, 0, 0, 0, 0, 0, 0, 0, 0, 0, 0, 0, 0, 13450, 19.6, 1),
(334, 268, 0, 49, 70, 10080, 18, 700, 1, 0, 25.24, 0, 2720.87, 0, 0, 0, 0, 0, 0, 0, 0, 0, 0, 0, 0, 0, 13500.9, 19.7502, 1),
(335, 270, 0, 24, 70, 9520, 30, 500, 1, 0, 24.76, 0, 2480.95, 0, 0, 0, 0, 0, 0, 0, 0, 0, 0, 0, 0, 0, 12501, 19.4492, 1),
(336, 277, 0, 106, 28, 11963, 3, 50, 1, 0, 24.87, 0, 2987.63, 0, 0, 0, 0, 0, 0, 0, 0, 0, 0, 0, 0, 0, 15000.6, 19.5184, 0),
(337, 277, 0, 115, 73, 7343, 3, 500, 1, 0, 28.78, 0, 2257.22, 0, 0, 0, 0, 0, 0, 0, 0, 0, 0, 0, 0, 0, 10100.2, 21.9013, 1),
(338, 270, 0, 24, 28, 10942, 30, 100, 1, 0, 20, 0, 2208.4, 0, 0, 0, 0, 0, 0, 0, 0, 0, 0, 0, 0, 0, 13250.4, 16.3333, 0),
(339, 280, 0, 44, 28, 11457, 72, 100, 1, 0, 19.41, 0, 2243.21, 0, 0, 0, 0, 0, 0, 0, 0, 0, 0, 0, 0, 0, 13800.2, 15.9298, 1),
(341, 275, 0, 42, 54, 14350, 4, 100, 1, 0, 20, 0, 2890, 0, 0, 0, 0, 0, 0, 0, 0, 0, 0, 0, 0, 0, 17340, 16.3333, 1),
(342, 279, 0, 108, 74, 10926, 1, 1300, 1, 0, 25.56, 0, 3124.97, 0, 0, 0, 0, 0, 0, 0, 0, 0, 0, 0, 0, 0, 15351, 19.9497, 1),
(343, 271, 0, 102, 18, 26750, 30, 200, 1, 0, 25.05, 0, 6750.98, 0, 0, 0, 0, 0, 0, 0, 0, 0, 0, 0, 0, 0, 33701, 19.6314, 1),
(344, 267, 0, 101, 66, 12800, 6, 100, 1, 0, 24.04, 0, 3101.16, 0, 0, 0, 0, 0, 0, 0, 0, 0, 0, 0, 0, 0, 16001.2, 18.9932, 0),
(345, 278, 0, 107, 37, 14450, 1, 1200, 1, 0, 24.61, 0, 3851.47, 0, 0, 0, 0, 0, 0, 0, 0, 0, 0, 0, 0, 0, 19501.5, 19.3546, 1),
(346, 279, 0, 108, 37, 12200, 1, 1200, 1, 0, 25, 0, 3350, 0, 0, 0, 0, 0, 0, 0, 0, 0, 0, 0, 0, 0, 16750, 19.6, 0),
(347, 283, 0, 111, 37, 3000, 11, 500, 1, 0, 25, 0, 875, 0, 0, 0, 0, 0, 0, 0, 0, 0, 0, 0, 0, 0, 4375, 19.6, 1),
(348, 287, 0, 116, 65, 49500, 1, 0, 3, 0, 20.52, 0, 10157.4, 0, 0, 0, 0, 0, 0, 0, 0, 0, 0, 0, 0, 0, 59657.4, 16.0046, 1),
(349, 287, 0, 116, 75, 47111, 1, 3000, 3, 0, 20.52, 0, 10282.8, 0, 0, 0, 0, 0, 0, 0, 0, 0, 0, 0, 0, 0, 60393.8, 16.0047, 0),
(350, 287, 0, 116, 17, 46682, 1, 3000, 3, 0, 20.52, 0, 10194.7, 0, 0, 0, 0, 0, 0, 0, 0, 0, 0, 0, 0, 0, 59876.7, 16.0047, 0),
(351, 288, 0, 113, 16, 370, 42, 3, 2.01, 0, 28.75, 7.15, 107.238, 34.337, 10, 3.43, 30.91, 0, 0, 0, 0, 0, 0, 6.00691, 10, 0, 514.574, 20.0027, 0),
(352, 292, 0, 118, 16, 405, 5, 0, 2, 0, 28.74, 7.15, 116.397, 37.2799, 10, 3.73, 33.55, 0, 0, 0, 0, 0, 0, 6.00526, 10, 0, 558.677, 20.0015, 0),
(353, 295, 0, 119, 16, 116, 1180, 2, 2.01, 0, 28.76, 7.15, 33.9368, 10.8635, 10, 1.09, 9.77, 0, 0, 0, 0, 0, 0, 6.00122, 10, 0, 162.8, 20.0096, 0),
(354, 294, 0, 121, 16, 83, 65, 2, 2, 0, 28.76, 7.15, 24.446, 7.82539, 10, 0.78, 7.05, 0, 0, 0, 0, 0, 0, 6.0117, 10, 0, 117.271, 20.0151, 0),
(355, 298, 0, 122, 16, 117, 30, 1, 2, 0, 28.76, 7.15, 33.9368, 10.8635, 10, 1.09, 9.77, 0, 0, 0, 0, 0, 0, 6.00122, 10, 0, 162.8, 20.0137, 1),
(356, 301, 0, 46, 16, 190, 30, 1, 2, 0, 28.76, 7.15, 54.9316, 17.5841, 10, 1.76, 15.82, 0, 0, 0, 0, 0, 0, 6.00344, 10, 0, 263.516, 20.0113, 0),
(357, 288, 0, 128, 20, 122, 42, 2, 2, 0, 28.74, 7.15, 35.6376, 11.4141, 10, 1.14, 10.27, 0, 0, 0, 0, 0, 0, 6.00403, 10, 0, 171.052, 20.0024, 1),
(358, 289, 0, 117, 20, 465.5, 40, 5, 2, 0, 28.74, 7.15, 135.222, 43.3091, 10, 4.33, 38.98, 0, 0, 0, 0, 0, 0, 6.00588, 10, 0, 649.031, 20.0008, 0),
(359, 291, 0, 73, 49, 1193, 1, 1000, 2, 0, 28.74, 7.15, 630.268, 201.864, 10, 20.19, 181.67, 0, 0, 0, 0, 0, 0, 6.00536, 10, 0, 3025.13, 20.0011, 1),
(360, 293, 0, 129, 20, 526, 6, 5, 2, 0, 28.74, 7.15, 152.609, 48.8781, 10, 4.89, 43.99, 0, 0, 0, 0, 0, 0, 6.00556, 10, 0, 732.487, 20.0011, 1),
(361, 294, 0, 121, 20, 63, 62, 1, 2, 0, 28.75, 7.15, 18.4, 5.8916, 10, 0.59, 5.3, 0, 0, 0, 0, 0, 0, 6.00284, 10, 0, 88.2916, 20.0064, 1),
(362, 295, 0, 119, 20, 114, 1178, 1, 2, 0, 28.74, 7.15, 33.051, 10.5856, 10, 1.06, 9.53, 0, 0, 0, 0, 0, 0, 6.00744, 10, 0, 158.637, 20.0004, 1),
(363, 301, 0, 46, 20, 200, 30, 1, 2, 0, 28.74, 7.15, 57.7674, 18.5019, 10, 1.85, 16.65, 0, 0, 0, 0, 0, 0, 6.00499, 10, 0, 277.269, 20.0019, 0),
(364, 292, 0, 118, 15, 272, 5, 1, 2, 0, 28.74, 7.15, 78.4602, 25.1294, 10, 2.51, 22.62, 0, 0, 0, 0, 0, 0, 6.00654, 10, 0, 376.59, 20.001, 1),
(366, 303, 0, 130, 51, 8300, 6, 1687, 1, 0, 19.24, 5.39, 1921.5, 641.868, 10, 64.19, 577.68, 0, 0, 0, 0, 0, 0, 4.60289, 0, 0, 12550.4, 15.0041, 1),
(367, 296, 0, 127, 77, 832, 2, 400, 2, 0, 28.74, 7.15, 354.077, 113.404, 10, 11.34, 102.06, 0, 0, 0, 0, 0, 0, 6.00536, 0, 0, 1699.48, 20.0012, 1),
(368, 297, 0, 126, 77, 24642, 1, 1000, 2, 0, 28.74, 7.15, 7369.51, 2360.32, 10, 236.03, 2124.29, 0, 0, 0, 0, 0, 0, 6.0056, 0, 0, 35371.8, 20.001, 1),
(369, 288, 0, 131, 15, 354, 42, 2, 2, 0, 28.74, 7.15, 102.314, 32.7695, 10, 3.28, 29.49, 0, 0, 0, 0, 0, 0, 6.00508, 10, 0, 491.084, 20.0002, 0),
(370, 304, 0, 77, 42, 2355, 9, 250, 2, 0, 28.74, 7.15, 748.677, 239.788, 10, 1.69, 215.81, 0, 0, 0, 0, 0, 0, 6.00562, 0, 0, 3593.46, 20.0011, 1),
(371, 293, 0, 120, 42, 1163, 3, 250, 2, 0, 28.74, 7.15, 406.096, 130.065, 10, 6.71, 117.06, 0, 0, 0, 0, 0, 0, 6.00566, 0, 0, 1949.16, 20.0012, 0),
(372, 300, 0, 70, 42, 628.6, 2, 100, 2, 0, 28.74, 7.15, 209.4, 67.067, 10, 6.71, 60.36, 0, 0, 0, 0, 0, 0, 6.00557, 10, 0, 1005.07, 20.0011, 1),
(373, 298, 0, 122, 42, 115, 32, 50, 2, 0, 28.74, 7.15, 47.421, 15.1881, 10, 1.52, 13.67, 0, 0, 0, 0, 0, 0, 6.00591, 10, 0, 227.609, 20.0006, 0),
(374, 289, 0, 117, 69, 450, 40, 10, 2, 0, 28.74, 7.15, 132.204, 42.3426, 10, 4.23, 38.11, 0, 0, 0, 0, 0, 0, 6.00586, 10, 0, 634.547, 20.0004, 1),
(375, 301, 0, 46, 42, 134, 30, 50, 2, 0, 28.74, 7.15, 52.8816, 16.937, 10, 1.69, 15.25, 0, 0, 0, 0, 0, 0, 6.00823, 10, 0, 253.819, 20.0004, 1),
(376, 305, 0, 132, 40, 1100, 4, 500, 2, 0, 33.11, 8, 529.76, 170.381, 11, 18.74, 151.64, 0, 0, 0, 0, 0, 0, 6.59264, 11, 0, 2300.14, 22.1104, 0),
(377, 305, 0, 132, 40, 1100, 4, 500, 2, 0, 33.11, 8, 529.76, 170.381, 11, 18.74, 151.64, 0, 0, 0, 0, 0, 0, 6.59264, 11, 0, 2300.14, 22.1104, 0),
(378, 306, 0, 132, 40, 1100, 4, 500, 2, 0, 33.11, 8, 529.76, 170.381, 11, 18.74, 151.64, 0, 0, 0, 0, 0, 0, 6.59264, 11, 0, 2300.14, 22.1104, 0),
(379, 288, 0, 113, 15, 332, 44, 2, 2, 0, 29.09, 8, 97.1606, 34.4928, 11, 3.79, 30.7, 0, 0, 0, 0, 0, 0, 6.59289, 0, 0, 465.653, 20.0307, 0),
(380, 307, 0, 133, 20, 246, 530, 3, 2, 0, 30.16, 8, 75.0984, 25.9279, 11, 2.85, 23.08, 0, 0, 0, 0, 0, 0, 6.59379, 11, 0, 350.026, 20.5973, 0),
(381, 308, 0, 134, 20, 77, 20, 1, 2, 0, 30.58, 8, 23.8524, 8.14819, 11, 0.9, 7.25, 0, 0, 0, 0, 0, 0, 6.59087, 11, 0, 110.001, 20.8144, 0),
(382, 309, 0, 135, 58, 58, 5, 0, 2, 0, 28.74, 7.15, 16.6692, 5.33885, 10, 0.53, 4.81, 0, 0, 0, 0, 0, 0, 6.0119, 10, 0, 80.008, 20.002, 1),
(383, 309, 0, 135, 15, 69, 5, 0, 2, 0, 28.74, 7.15, 19.8306, 6.35139, 10, 0.63, 5.72, 0, 0, 0, 0, 0, 0, 6.00954, 10, 0, 95.182, 20.0004, 0),
(384, 309, 0, 135, 20, 63, 5, 0, 2, 0, 28.74, 7.15, 18.1062, 5.79909, 10, 0.58, 5.22, 0, 0, 0, 0, 0, 0, 6.00654, 10, 0, 86.9053, 20.0052, 0),
(385, 310, 0, 136, 58, 115, 154, 1, 2, 0, 28.74, 7.15, 33.3384, 10.6777, 10, 1.07, 9.61, 0, 0, 0, 0, 0, 0, 6.00565, 10, 0, 160.016, 20.002, 1),
(386, 310, 0, 136, 15, 136, 154, 1, 2, 0, 28.74, 7.15, 39.3738, 12.6107, 10, 1.26, 11.35, 0, 0, 0, 0, 0, 0, 6.00578, 10, 0, 188.985, 19.9991, 0),
(387, 310, 0, 136, 20, 116, 154, 1, 2, 0, 28.74, 7.15, 33.6258, 10.7697, 10, 1.08, 9.69, 0, 0, 0, 0, 0, 0, 6.00388, 10, 0, 161.396, 20.0035, 0),
(388, 311, 0, 142, 58, 65.67, 600, 1, 2, 0, 28.74, 7.15, 19.161, 6.13691, 10, 0.61, 5.53, 0, 0, 0, 0, 0, 0, 6.01297, 0, 0, 91.9679, 20, 0),
(389, 311, 0, 137, 15, 63.43, 600, 1, 2, 0, 28.74, 7.15, 18.5172, 5.93072, 10, 0.59, 5.34, 0, 0, 0, 0, 0, 0, 6.00824, 0, 0, 88.8779, 20.0041, 0),
(390, 311, 0, 137, 20, 58, 600, 1, 2, 0, 28.74, 7.15, 16.9566, 5.4309, 10, 0.54, 4.89, 0, 0, 0, 0, 0, 0, 6.00829, 10, 0, 81.3875, 20.005, 1),
(391, 312, 0, 143, 20, 603, 47, 5, 2, 0, 28.74, 7.15, 174.739, 55.9659, 10, 5.6, 50.37, 0, 0, 0, 0, 0, 0, 6.00569, 10, 0, 838.705, 20.0011, 1),
(392, 313, 0, 140, 78, 318.67, 396, 1, 1.98, 0, 34.54, 7.15, 110.414, 30.751, 10, 3.08, 27.67, 0, 0, 0, 0, 0, 0, 6.00432, 0, 0, 460.835, 23.0099, 0),
(393, 313, 0, 141, 78, 291.38, 360, 1, 2, 0, 34.54, 7.15, 100.988, 28.1258, 10, 2.81, 25.32, 0, 0, 0, 0, 0, 0, 6.00721, 0, 0, 421.494, 23.0016, 1),
(394, 314, 0, 14, 51, 9000, 48, 1000, 2, 0, 28.74, 7.15, 2874, 920.491, 10, 92.05, 828.44, 0, 0, 0, 0, 0, 0, 6.00559, 10, 0, 13794.5, 20.001, 1),
(395, 315, 0, 117, 69, 450, 3, 0, 0, 0, 22.23, 0, 100.035, 0, 0, 0, 0, 0, 0, 0, 0, 0, 0, 0, 0, 0, 550.035, 18.1861, 0),
(396, 316, 0, 144, 15, 175, 34, 0, 0, 0, 24.43, 4.71, 42.7525, 10.2561, 0, 0, 10.26, 0, 0, 0, 0, 0, 0, 4.49983, 0, 0, 228.009, 18.7493, 0),
(397, 317, 0, 145, 15, 70, 22, 0, 0, 0, 21.43, 0, 15.001, 0, 0, 0, 0, 0, 0, 0, 0, 0, 0, 0, 0, 0, 85.001, 17.6469, 1),
(398, 318, 0, 146, 79, 4095, 1, 600, 0, 0, 23.01, 0, 1080.32, 0, 0, 0, 0, 0, 0, 0, 0, 0, 0, 0, 0, 0, 5775.32, 18.7058, 0),
(400, 319, 0, 147, 63, 12782, 2, 400, 0.5, 0, 38.83, 0, 5118.57, 0, 0, 0, 0, 0, 0, 0, 0, 0, 0, 0, 0, 0, 18300.6, 27.6898, 1),
(401, 320, 0, 147, 63, 12735, 3, 400, 0.5, 0, 39.33, 0, 5166, 0, 0, 0, 0, 0, 0, 0, 0, 0, 0, 0, 0, 0, 18301, 27.9457, 1),
(402, 321, 0, 148, 18, 7600, 2, 400, 1, 0, 23.5, 5.27, 1880, 520.676, 10, 52.07, 468.61, 0, 0, 0, 0, 0, 0, 4.50557, 10, 0, 10400.7, 17.7142, 1),
(403, 322, 0, 148, 18, 9580, 2, 425, 0.99, 1, 21.07, 5.31, 0, 0, 10, 64.32, 0, 5140, 2570, 1931, 75, 639, 25, 4.57, 10, 575, 12575, 15.0518, 0),
(404, 322, 0, 148, 70, 10350, 2, 400, 1, 0, 20.76, 5.27, 2231.7, 684.136, 10, 68.41, 615.73, 0, 0, 0, 0, 0, 0, 4.50562, 0, 0, 13665.8, 16.0039, 0),
(405, 318, 0, 146, 80, 4650, 1, 0, 0.5, 0, 24.2, 0, 1125.3, 0, 0, 0, 0, 0, 0, 0, 0, 0, 0, 0, 0, 0, 5775.3, 19.2899, 1),
(406, 323, 0, 149, 28, 2062, 1, 0, 0, 0, 24.88, 0, 513.026, 0, 0, 0, 0, 0, 0, 0, 0, 0, 0, 0, 0, 0, 2575.03, 19.9233, 0),
(407, 322, 0, 148, 66, 10800, 2, 50, 1, 0, 20.76, 5.27, 2252.46, 690.5, 10, 63.51, 621.45, 0, 0, 0, 0, 0, 0, 4.50556, 0, 0, 13793, 16.0039, 1),
(408, 266, 0, 151, 37, 16500, 1, 1500, 2, 0, 20, 6, 3600, 1296, 10, 129.6, 1166.4, 0, 0, 0, 0, 0, 0, 5.09434, 10, 0, 22896, 15.0943, 0),
(409, 266, 0, 152, 37, 2100, 5, 100, 2, 0, 20, 6, 440, 158.4, 10, 15.84, 142.56, 0, 0, 0, 0, 0, 0, 5.09434, 10, 0, 2798.4, 15.0943, 0),
(410, 324, 0, 41, 51, 8000, 4, 1500, 1, 0, 20.99, 0, 1994.05, 0, 0, 0, 0, 0, 0, 0, 0, 0, 0, 0, 0, 0, 11494, 17.0016, 1),
(411, 325, 0, 24, 51, 8600, 4, 1500, 1, 0, 20.99, 0, 2119.99, 0, 0, 0, 0, 0, 0, 0, 0, 0, 0, 0, 0, 0, 12220, 17.0016, 1),
(412, 329, 0, 13, 51, 9250, 4, 1500, 1, 0, 20.99, 0, 2256.43, 0, 0, 0, 0, 0, 0, 0, 0, 0, 0, 0, 0, 0, 13006.4, 17.0015, 0),
(413, 330, 0, 110, 51, 9800, 4, 1500, 1, 0, 20.99, 0, 2371.87, 0, 0, 0, 0, 0, 0, 0, 0, 0, 0, 0, 0, 0, 13671.9, 17.0016, 0),
(414, 331, 0, 117, 69, 450, 10, 10, 1, 0, 20.99, 0, 96.554, 0, 0, 0, 0, 0, 0, 0, 0, 0, 0, 0, 0, 0, 556.554, 17.0009, 1),
(415, 332, 0, 77, 16, 2120, 10, 10, 1, 0, 20.99, 0, 447.087, 0, 0, 0, 0, 0, 0, 0, 0, 0, 0, 0, 0, 0, 2577.09, 17.0017, 1),
(416, 333, 0, 14, 51, 9000, 4, 1500, 1, 0, 20.99, 0, 2203.95, 0, 0, 0, 0, 0, 0, 0, 0, 0, 0, 0, 0, 0, 12704, 17.0016, 1),
(417, 326, 0, 154, 70, 10530, 4, 600, 1, 0, 20.99, 0, 2336.19, 0, 0, 0, 0, 0, 0, 0, 0, 0, 0, 0, 0, 0, 13466.2, 17.0016, 1),
(418, 327, 0, 48, 70, 10350, 4, 600, 1, 0, 20.99, 0, 2298.41, 0, 0, 0, 0, 0, 0, 0, 0, 0, 0, 0, 0, 0, 13248.4, 17.0015, 1),
(419, 328, 0, 47, 70, 10260, 4, 600, 1, 0, 20.99, 0, 2279.51, 0, 0, 0, 0, 0, 0, 0, 0, 0, 0, 0, 0, 0, 13139.5, 17.0015, 1),
(420, 329, 0, 13, 70, 9900, 4, 600, 1, 0, 20.99, 0, 2203.95, 0, 0, 0, 0, 0, 0, 0, 0, 0, 0, 0, 0, 0, 12704, 17.0016, 1),
(421, 330, 0, 110, 70, 10620, 4, 600, 1, 0, 20.99, 0, 2355.08, 0, 0, 0, 0, 0, 0, 0, 0, 0, 0, 0, 0, 0, 13575.1, 17.0016, 1),
(422, 333, 0, 14, 70, 10300, 4, 600, 1, 0, 20.99, 0, 2287.91, 0, 0, 0, 0, 0, 0, 0, 0, 0, 0, 0, 0, 0, 13187.9, 17.0016, 0),
(423, 324, 0, 41, 31, 9900, 4, 0, 1, 0, 20.99, 0, 2078.01, 0, 0, 0, 0, 0, 0, 0, 0, 0, 0, 0, 0, 0, 11978, 17.0016, 0),
(424, 326, 0, 154, 31, 11900, 4, 0, 1, 0, 20.99, 0, 2497.81, 0, 0, 0, 0, 0, 0, 0, 0, 0, 0, 0, 0, 0, 14397.8, 17.0016, 0),
(425, 327, 0, 48, 31, 11500, 4, 0, 1, 0, 20.99, 0, 2413.85, 0, 0, 0, 0, 0, 0, 0, 0, 0, 0, 0, 0, 0, 13913.8, 17.0016, 0),
(426, 328, 0, 47, 31, 12300, 4, 0, 1, 0, 20.99, 0, 2581.77, 0, 0, 0, 0, 0, 0, 0, 0, 0, 0, 0, 0, 0, 14881.8, 17.0016, 0),
(427, 329, 0, 13, 31, 11200, 4, 0, 1, 0, 20.99, 0, 2350.88, 0, 0, 0, 0, 0, 0, 0, 0, 0, 0, 0, 0, 0, 13550.9, 17.0016, 0),
(428, 338, 0, 35, 23, 9050, 4, 10, 1, 0, 20.99, 0, 1901.69, 0, 0, 0, 0, 0, 0, 0, 0, 0, 0, 0, 0, 0, 10961.7, 17.0015, 1),
(429, 339, 0, 155, 42, 2330, 1, 18, 0.5, 0, 57.8, 0, 1357.14, 0, 0, 0, 0, 0, 0, 0, 0, 0, 0, 0, 0, 0, 3705.14, 36.2622, 0),
(430, 340, 0, 156, 42, 1398, 61, 18, 0.5, 0, 30.8, 0, 436.128, 0, 0, 0, 0, 0, 0, 0, 0, 0, 0, 0, 0, 0, 1852.13, 23.312, 0),
(431, 341, 0, 157, 42, 1630, 1, 18, 0.5, 0, 73.26, 0, 1207.32, 0, 0, 0, 0, 0, 0, 0, 0, 0, 0, 0, 0, 0, 2855.32, 41.8603, 1),
(432, 342, 0, 158, 42, 96, 16, 44, 0.5, 0, 19.28, 0, 26.9438, 0, 0, 0, 0, 0, 0, 0, 0, 0, 0, 0, 0, 0, 166.694, 15.9998, 0),
(433, 343, 0, 159, 42, 1165, 1, 225, 0.5, 0, 58.72, 0, 816.208, 0, 0, 0, 0, 0, 0, 0, 0, 0, 0, 0, 0, 0, 2206.21, 36.6261, 1),
(435, 344, 0, 41, 51, 8000, 10, 800, 0, 0, 10, 0, 880, 0, 0, 0, 0, 0, 0, 0, 0, 0, 0, 0, 0, 0, 9680, 9.09091, 1),
(437, 345, 0, 160, 82, 6540, 2, 1500, 0, 0, 15.06, 0, 1210.82, 0, 0, 0, 0, 0, 0, 0, 0, 0, 0, 0, 0, 0, 9250.82, 13.0888, 0),
(438, 346, 0, 161, 83, 20500, 1, 500, 1, 0, 22.5, 0, 4725, 0, 0, 0, 0, 0, 0, 0, 0, 0, 0, 0, 0, 0, 25725, 18, 0),
(439, 346, 0, 163, 83, 8000, 1, 500, 0.99, 0, 22.5, 0, 1912.5, 0, 0, 0, 0, 0, 0, 0, 0, 0, 0, 0, 0, 0, 10412.5, 18.0037, 0),
(440, 346, 0, 164, 83, 1400, 1, 500, 1, 0, 22.5, 0, 427.5, 0, 0, 0, 0, 0, 0, 0, 0, 0, 0, 0, 0, 0, 2327.5, 18, 0),
(441, 347, 0, 162, 83, 20500, 1, 500, 1, 0, 22.5, 0, 4725, 0, 0, 0, 0, 0, 0, 0, 0, 0, 0, 0, 0, 0, 25725, 18, 0),
(442, 347, 0, 163, 83, 8000, 1, 500, 1, 0, 22.5, 0, 1912.5, 0, 0, 0, 0, 0, 0, 0, 0, 0, 0, 0, 0, 0, 10412.5, 18, 0),
(443, 347, 0, 164, 83, 1400, 1, 500, 1, 0, 22.5, 0, 427.5, 0, 0, 0, 0, 0, 0, 0, 0, 0, 0, 0, 0, 0, 2327.5, 18, 0),
(444, 351, 0, 24, 24, 11073, 4, 10, 0, 0, 19.05, 0, 2111.31, 0, 0, 0, 0, 0, 0, 0, 0, 0, 0, 0, 0, 0, 13194.3, 16.0017, 0),
(445, 351, 0, 24, 31, 9900, 4, 0, 0, 0, 19.05, 0, 1885.95, 0, 0, 0, 0, 0, 0, 0, 0, 0, 0, 0, 0, 0, 11786, 16.0017, 1),
(446, 351, 0, 24, 18, 10200, 4, 300, 0, 0, 19.05, 0, 2000.25, 0, 0, 0, 0, 0, 0, 0, 0, 0, 0, 0, 0, 0, 12500.2, 16.0017, 0),
(447, 351, 0, 24, 57, 11800, 4, 0, 0, 0, 19.05, 0, 2247.9, 0, 0, 0, 0, 0, 0, 0, 0, 0, 0, 0, 0, 0, 14047.9, 16.0017, 0),
(448, 351, 0, 24, 41, 9034, 4, 500, 0, 0, 19.05, 0, 1816.23, 0, 0, 0, 0, 0, 0, 0, 0, 0, 0, 0, 0, 0, 11350.2, 16.0017, 0),
(449, 351, 0, 24, 70, 10620, 4, 500, 0, 0, 19.05, 0, 2118.36, 0, 0, 0, 0, 0, 0, 0, 0, 0, 0, 0, 0, 0, 13238.4, 16.0017, 0),
(451, 346, 0, 161, 84, 16660, 1, 500, 1.02, 0, 22.52, 0, 3864.43, 0, 0, 0, 0, 0, 0, 0, 0, 0, 0, 0, 0, 0, 21024.4, 18.0057, 1),
(452, 347, 0, 162, 84, 16660, 1, 500, 1.02, 0, 22.52, 0, 3864.43, 0, 0, 0, 0, 0, 0, 0, 0, 0, 0, 0, 0, 0, 21024.4, 18.0057, 1),
(453, 352, 0, 165, 80, 4700, 2, 0, 0, 0, 27.66, 0, 1300.02, 0, 0, 0, 0, 0, 0, 0, 0, 0, 0, 0, 0, 0, 6000.02, 21.6669, 1),
(454, 353, 0, 166, 65, 15696.5, 1, 500, 2, 0, 38.15, 6.03, 6178.96, 1349.24, 12, 161.91, 1187.33, 0, 0, 0, 0, 0, 0, 5.00461, 12, 0, 23724.7, 25.0026, 0),
(455, 353, 0, 167, 65, 3982, 6, 400, 2, 0, 38.15, 6.03, 1671.73, 365.04, 12, 43.8, 321.24, 0, 0, 0, 0, 0, 0, 5.00469, 12, 0, 6418.77, 25.0026, 0),
(456, 353, 0, 102, 18, 29500, 40, 200, 2, 0, 28.36, 6.03, 8422.92, 2298.81, 12, 275.86, 2022.95, 0, 0, 0, 0, 0, 0, 5.00461, 12, 0, 40421.7, 20.0041, 0),
(457, 353, 0, 168, 65, 49655.8, 1, 1500, 2, 0, 38.15, 6.03, 19515.9, 4261.51, 12, 511.38, 3750.13, 0, 0, 0, 0, 0, 0, 5.00463, 12, 0, 74933.2, 25.0027, 0),
(458, 353, 0, 169, 65, 6136, 1, 400, 2, 0, 38.15, 6.03, 2493.48, 544.478, 12, 65.34, 479.14, 0, 0, 0, 0, 0, 0, 5.00462, 12, 0, 9573.96, 25.0026, 0),
(459, 353, 0, 170, 79, 23640, 1, 400, 2, 0, 38.15, 6.03, 9171.26, 2002.64, 12, 240.32, 1762.32, 0, 0, 0, 0, 0, 0, 5.00461, 12, 0, 35213.9, 25.0027, 0),
(460, 353, 0, 171, 79, 7000, 1, 400, 2, 0, 38.15, 6.03, 2823.1, 616.453, 12, 73.97, 542.48, 0, 0, 0, 0, 0, 0, 5.00463, 12, 0, 10839.6, 25.0027, 0),
(461, 353, 0, 172, 85, 4250, 8, 100, 2, 0, 38.15, 6.03, 1659.53, 362.374, 12, 0, 318.89, 0, 0, 0, 0, 0, 0, 5.00463, 0, 0, 6371.9, 25.0027, 0),
(462, 353, 0, 174, 65, 220, 12, 50, 2, 0, 38.15, 6.03, 103.005, 22.4922, 12, 2.7, 19.79, 0, 0, 0, 0, 0, 0, 5.00383, 12, 0, 395.497, 25.0014, 1),
(463, 353, 0, 175, 65, 355, 12, 50, 2, 0, 38.15, 6.03, 154.508, 33.7383, 12, 4.05, 29.69, 0, 0, 0, 0, 0, 0, 5.00467, 12, 0, 593.246, 25.0031, 0),
(464, 353, 0, 176, 65, 10250, 1, 400, 2, 0, 38.15, 6.03, 4062.98, 887.192, 12, 106.46, 780.73, 0, 0, 0, 0, 0, 0, 5.00463, 12, 0, 15600.2, 25.0026, 0),
(465, 353, 0, 177, 65, 11950, 1, 400, 2.01, 0, 38.15, 6.03, 4711.52, 1028.81, 12, 123.46, 905.35, 0, 0, 0, 0, 0, 0, 5.00461, 12, 0, 18090.3, 24.9974, 0),
(466, 353, 0, 179, 77, 720, 1, 50, 2.01, 0, 38.15, 6.03, 293.755, 64.1444, 12, 7.7, 56.44, 0, 0, 0, 0, 0, 0, 5.00399, 12, 0, 1127.9, 24.997, 0),
(467, 353, 0, 178, 77, 24000, 1, 400, 2.01, 0, 38.15, 6.03, 9308.6, 2032.63, 12, 243.92, 1788.71, 0, 0, 0, 0, 0, 0, 5.00461, 12, 0, 35741.2, 24.9974, 0),
(468, 353, 0, 180, 77, 3975, 2, 200, 2, 0, 38.5, 6.03, 1607.38, 348.677, 12, 41.84, 306.84, 0, 0, 0, 0, 0, 0, 5.00469, 12, 0, 6131.05, 25.1684, 0),
(469, 353, 0, 181, 87, 13750, 2, 200, 2, 0, 38.15, 6.03, 5321.92, 1162.1, 12, 139.45, 1022.65, 0, 0, 0, 0, 0, 0, 5.00464, 12, 0, 20434, 25.0027, 0),
(470, 354, 0, 182, 88, 3000, 1, 1000, 0, 0, 25, 0, 1000, 0, 0, 0, 0, 0, 0, 0, 0, 0, 0, 0, 0, 0, 5000, 20, 1),
(471, 367, 0, 183, 66, 11900, 0, 0, 0, 0, 0, 0, 0, 0, 0, 0, 0, 0, 0, 0, 0, 0, 0, 0, 0, 0, 11900, 0, 0),
(472, 368, 0, 184, 28, 9000, 1, 300, 0, 0, 21.73, 5, 2020.89, 566.044, 10, 56.6, 509.44, 0, 0, 0, 0, 0, 0, 4.28571, 10, 0, 11886.9, 17.0009, 1),
(473, 369, 0, 185, 66, 15100, 1, 200, 1, 1, 21.38, 5, 0, 0, 9, 0, 0, 4200, 4200, 3230, 77, 970, 23, 4.97, 0, 970, 19499.7, 16.2331, 1),
(474, 378, 0, 193, 91, 4500, 6, 50, 1, 0, 25.65, 0, 1167.07, 0, 0, 0, 0, 0, 0, 0, 0, 0, 0, 0, 0, 0, 5717.08, 20.0057, 1),
(475, 377, 0, 192, 91, 4510, 6, 50, 1, 0, 25.65, 0, 1169.64, 0, 0, 0, 0, 0, 0, 0, 0, 0, 0, 0, 0, 0, 5729.64, 20.0056, 1),
(476, 376, 0, 182, 93, 2200, 7, 150, 1, 0, 25.65, 0, 602.775, 0, 0, 0, 0, 0, 0, 0, 0, 0, 0, 0, 0, 0, 2952.77, 20.0054, 1),
(477, 375, 0, 190, 91, 4350, 1, 50, 1, 0, 25.65, 0, 1128.6, 0, 0, 0, 0, 0, 0, 0, 0, 0, 0, 0, 0, 0, 5528.6, 20.0056, 1),
(478, 372, 0, 194, 42, 1340, 17, 200, 1, 0, 25.65, 0, 395.01, 0, 0, 0, 0, 0, 0, 0, 0, 0, 0, 0, 0, 0, 1935.01, 20.0056, 1),
(479, 379, 0, 195, 92, 2150, 2, 750, 1, 0, 25.65, 0, 743.85, 0, 0, 0, 0, 0, 0, 0, 0, 0, 0, 0, 0, 0, 3643.85, 20.0056, 1),
(480, 371, 0, 187, 90, 1632, 2, 700, 1, 0, 25.65, 0, 598.158, 0, 0, 0, 0, 0, 0, 0, 0, 0, 0, 0, 0, 0, 2930.16, 20.0056, 1),
(481, 370, 0, 186, 89, 21300, 1, 1000, 1, 0, 25.65, 0, 5719.95, 0, 0, 0, 0, 0, 0, 0, 0, 0, 0, 0, 0, 0, 28019.9, 20.0056, 1),
(482, 380, 0, 198, 28, 7600, 1, 50, 1, 0, 25.65, 0, 1962.22, 0, 0, 0, 0, 0, 0, 0, 0, 0, 0, 0, 0, 0, 9612.22, 20.0056, 1),
(483, 374, 0, 197, 66, 13337, 1, 200, 1, 0, 25.65, 0, 3472.24, 0, 0, 0, 0, 0, 0, 0, 0, 0, 0, 0, 0, 0, 17009.2, 20.0056, 1),
(484, 373, 0, 196, 66, 1381, 3, 50, 1, 0, 25.65, 0, 367.052, 0, 0, 0, 0, 0, 0, 0, 0, 0, 0, 0, 0, 0, 1798.05, 20.0055, 1),
(485, 323, 0, 149, 28, 2200, 2, 0, 0, 0, 24.55, 0, 540.1, 0, 0, 0, 0, 0, 0, 0, 0, 0, 0, 0, 0, 0, 2740.1, 19.711, 1),
(486, 381, 0, 189, 24, 6110.71, 1, 50, 1, 0, 25.65, 0, 1580.22, 0, 0, 0, 0, 0, 0, 0, 0, 0, 0, 0, 0, 0, 7740.93, 20.0055, 1),
(487, 382, 0, 199, 94, 600, 10, 0, 0.99, 0, 20.83, 5.59, 124.98, 40.5264, 13, 5.27, 35.26, 0, 0, 0, 0, 0, 0, 4.6061, 13, 0, 765.506, 16.0032, 0),
(488, 382, 0, 200, 94, 2000, 5, 0, 0.99, 0, 20.83, 5.59, 416.6, 135.088, 13, 17.56, 117.53, 0, 0, 0, 0, 0, 0, 4.60597, 0, 0, 2551.69, 16.0032, 1),
(489, 383, 0, 203, 28, 1381, 3, 30, 0, 0, 20.49, 0, 289.114, 0, 0, 0, 0, 0, 0, 0, 0, 0, 0, 0, 0, 0, 1700.11, 17.0053, 0),
(490, 383, 0, 204, 28, 12333, 1, 150, 0, 0, 20.49, 0, 2557.77, 0, 0, 0, 0, 0, 0, 0, 0, 0, 0, 0, 0, 0, 15040.8, 17.0056, 0),
(491, 383, 0, 204, 66, 11900, 1, 150, 0, 0, 19.01, 0, 2290.71, 0, 0, 0, 0, 0, 0, 0, 0, 0, 0, 0, 0, 0, 14340.7, 15.9735, 1),
(492, 384, 0, 202, 28, 1856, 2, 20, 0, 0, 20.49, 0, 384.392, 0, 0, 0, 0, 0, 0, 0, 0, 0, 0, 0, 0, 0, 2260.39, 17.0055, 1),
(493, 384, 0, 202, 66, 1770, 3, 20, 0, 0, 20.12, 0, 360.148, 0, 0, 0, 0, 0, 0, 0, 0, 0, 0, 0, 0, 0, 2150.15, 16.75, 0),
(494, 384, 0, 205, 54, 5000, 1, 20, 0, 0, 20.32, 0, 1020.06, 0, 0, 0, 0, 0, 0, 0, 0, 0, 0, 0, 0, 0, 6040.06, 16.8882, 0),
(496, 385, 0, 201, 95, 4500, 1, 0, 0, 0, 18.89, 0, 850.05, 0, 0, 0, 0, 0, 0, 0, 0, 0, 0, 0, 0, 0, 5350.05, 15.8886, 1),
(497, 385, 0, 201, 96, 5000, 1, 0, 0, 0, 23.46, 0, 1173, 0, 0, 0, 0, 0, 0, 0, 0, 0, 0, 0, 0, 0, 6173, 19.0021, 0),
(498, 386, 0, 206, 15, 1125, 3, 20, 0, 0, 22.28, 0, 255.106, 0, 0, 0, 0, 0, 0, 0, 0, 0, 0, 0, 0, 0, 1400.11, 18.2208, 1),
(499, 387, 0, 118, 15, 1391, 2, 10, 0, 0, 5.27, 0, 73.8327, 0, 0, 0, 0, 0, 0, 0, 0, 0, 0, 0, 0, 0, 1474.83, 5.00599, 1),
(500, 388, 0, 207, 31, 11805, 1, 100, 0.69, 0, 25.34, 12.26, 3016.73, 1829.4, 13, 237.82, 1591.58, 0, 0, 0, 0, 0, 0, 9.50133, 0, 0, 16751.1, 17.7606, 1),
(503, 389, 0, 208, 63, 869.5, 6, 30, 2.01, 0, 21.59, 12.99, 194.094, 141.993, 13, 18.46, 123.53, 0, 0, 0, 0, 0, 0, 10.0017, 13, 0, 1235.09, 15.083, 1),
(504, 392, 0, 54, 44, 17350, 1, 500, 1, 0, 21.92, 5.46, 3912.72, 1188.24, 13, 154.47, 1033.77, 0, 0, 0, 0, 0, 0, 4.50426, 13, 0, 22951, 16.7072, 0),
(505, 392, 0, 54, 49, 14360, 1, 2000, 1, 0, 20.8, 5.46, 3402.88, 1079.05, 13, 140.28, 938.77, 0, 0, 0, 0, 0, 0, 4.50424, 0, 0, 20841.9, 16.0005, 1),
(506, 393, 0, 209, 16, 137.7, 12, 5, 0, 0, 35.25, 3.63, 50.3018, 7.00596, 0, 0, 7.01, 0, 0, 0, 0, 0, 0, 3.50486, 0, 0, 200.008, 25.149, 1),
(507, 394, 0, 210, 42, 1440, 5, 100, 0.51, 0, 20.78, 0, 320.012, 0, 0, 0, 0, 0, 0, 0, 0, 0, 0, 0, 0, 0, 1860.01, 17.0292, 0),
(508, 394, 0, 210, 42, 1440, 5, 100, 0.51, 0, 20.78, 0, 320.012, 0, 0, 0, 0, 0, 0, 0, 0, 0, 0, 0, 0, 0, 1860.01, 17.0292, 0);
INSERT INTO `pricings` (`pricingid`, `positionid`, `byerid`, `tradeid`, `sellerid`, `zak`, `kol`, `tzr`, `wtime`, `fixed`, `op`, `tp`, `opr`, `tpr`, `firstobp`, `firstobpr`, `firstoh`, `marge`, `margek`, `rop`, `realop`, `rtp`, `realtp`, `clearp`, `obp`, `oh`, `price`, `rent`, `winner`) VALUES
(509, 395, 0, 215, 42, 12000, 3, 2299, 2.01, 0, 21.95, 6.1, 3138.63, 1063.7, 13, 138.28, 925.42, 0, 0, 0, 0, 0, 0, 5.00191, 13, 0, 18501.3, 16.2824, 1),
(510, 420, 0, 77, 16, 2210, 15, 0, 1, 0, 19.61, 3.62, 433.381, 95.6904, 14, 13.4, 82.29, 0, 0, 0, 0, 0, 0, 3.0043, 0, 0, 2739.07, 15.5057, 1),
(513, 431, 0, 223, 20, 568, 18, 0, 1, 0, 24.88, 3.62, 141.318, 25.6773, 14, 3.6, 22.08, 0, 0, 0, 0, 0, 0, 3.0041, 0, 0, 734.996, 18.8428, 1),
(514, 430, 0, 59, 20, 1074, 8, 0, 1, 0, 22.39, 3.62, 240.469, 47.5838, 14, 3.6, 40.92, 0, 0, 0, 0, 0, 0, 3.00429, 0, 0, 1362.05, 17.3019, 1),
(515, 432, 0, 217, 20, 4550, 4, 0, 1, 0, 22.81, 3.62, 1037.85, 202.28, 14, 28.32, 173.96, 0, 0, 0, 0, 0, 0, 3.00442, 0, 0, 5790.14, 17.5661, 1),
(516, 437, 0, 216, 51, 8700, 1, 1396, 1, 0, 23.31, 3.62, 2353.38, 450.667, 14, 63.09, 387.58, 0, 0, 0, 0, 0, 0, 3.00449, 0, 0, 12900, 17.8783, 1),
(517, 433, 0, 218, 65, 4300, 8, 0, 1, 0, 19.61, 3.62, 843.23, 186.185, 14, 26.07, 160.11, 0, 0, 0, 0, 0, 0, 3.00427, 0, 0, 5329.42, 15.5057, 1),
(518, 434, 0, 117, 20, 465, 5, 0, 1, 0, 19.61, 3.62, 91.1865, 20.134, 14, 2.82, 17.31, 0, 0, 0, 0, 0, 0, 3.00354, 0, 0, 576.32, 15.5063, 1),
(519, 435, 0, 219, 20, 448, 5, 0, 1, 0, 26.14, 6.18, 117.107, 34.9236, 14, 4.89, 30.03, 0, 0, 0, 0, 0, 0, 5.00474, 14, 0, 600.031, 19.127, 0),
(520, 435, 0, 219, 20, 448, 5, 0, 1, 0, 26.14, 6.18, 117.107, 34.9236, 14, 4.89, 30.03, 0, 0, 0, 0, 0, 0, 5.00474, 14, 0, 600.031, 19.127, 1),
(521, 440, 0, 219, 20, 484, 3, 0, 1, 0, 19.61, 3.62, 94.9124, 20.9566, 14, 2.93, 18.03, 0, 0, 0, 0, 0, 0, 3.00566, 0, 0, 599.869, 15.5054, 1),
(522, 436, 0, 220, 51, 8950, 4, 1396, 1, 0, 23.34, 3.62, 2414.76, 461.939, 14, 64.67, 397.27, 0, 0, 0, 0, 0, 0, 3.00446, 0, 0, 13222.7, 17.897, 1),
(523, 439, 0, 154, 18, 10650, 2, 582, 1, 0, 19.61, 3.62, 2202.6, 486.332, 14, 68.09, 418.24, 0, 0, 0, 0, 0, 0, 3.0044, 0, 0, 13920.9, 15.5058, 1),
(524, 441, 0, 221, 70, 10440, 2, 1163, 1, 0, 19.61, 3.62, 2275.35, 502.396, 14, 70.34, 432.06, 0, 0, 0, 0, 0, 0, 3.00443, 0, 0, 14380.7, 15.5058, 1),
(525, 442, 0, 224, 28, 16700, 2, 100, 1, 0, 20.25, 0, 3402, 0, 14, 0, 0, 0, 0, 0, 0, 0, 0, 0, 14, 0, 20202, 16.5031, 1),
(527, 443, 0, 225, 97, 19100, 2, 1500, 1, 0, 20.25, 0, 4171.5, 0, 14, 0, 0, 0, 0, 0, 0, 0, 0, 0, 14, 0, 24771.5, 16.5031, 1),
(528, 446, 0, 68, 31, 10400, 3, 50, 0, 0, 20.77, 6.18, 2170.47, 779.945, 14, 109.19, 670.75, 0, 0, 0, 0, 0, 0, 5.00544, 0, 0, 13400.4, 16.197, 0),
(529, 447, 0, 90, 31, 12300, 1, 100, 0, 0, 16.94, 0, 2100.56, 0, 14, 0, 0, 0, 0, 0, 0, 0, 0, 0, 14, 0, 14500.6, 14.4861, 0),
(530, 448, 0, 41, 18, 9050, 1, 582, 0, 0, 3.83, 0, 368.906, 0, 14, 0, 0, 0, 0, 0, 0, 0, 0, 0, 0, 0, 10000.9, 3.68877, 0),
(531, 448, 0, 41, 32, 9320, 2, 50, 0, 0, 6.73, 0, 630.601, 0, 14, 0, 0, 0, 0, 0, 0, 0, 0, 0, 14, 0, 10000.6, 6.30562, 1),
(532, 447, 0, 90, 32, 10980, 1, 50, 0, 0, 30.1, 0, 3320.03, 0, 14, 0, 0, 0, 0, 0, 0, 0, 0, 0, 14, 0, 14350, 23.136, 1),
(533, 449, 0, 70, 42, 619, 10, 41, 0, 0, 21.3, 6.18, 140.58, 49.4758, 14, 6.93, 42.55, 0, 0, 0, 0, 0, 0, 5.00555, 14, 0, 850.056, 16.5377, 1),
(534, 450, 0, 227, 69, 8865, 1, 0, 0, 0, 22.32, 13.95, 1978.67, 1512.69, 14, 211.78, 1300.91, 0, 0, 0, 0, 0, 0, 10.5283, 0, 0, 12356.4, 16.0134, 0),
(535, 451, 0, 226, 65, 4700, 2, 0, 0, 0, 22.75, 15.78, 1069.25, 910.388, 0, 0, 910.39, 0, 0, 0, 0, 0, 0, 13.6293, 0, 0, 6679.64, 16.0076, 1),
(536, 446, 0, 68, 70, 9900, 3, 500, 0, 0, 21.35, 6.18, 2220.4, 779.941, 14, 109.19, 670.75, 0, 0, 0, 0, 0, 0, 5.00547, 14, 0, 13400.3, 16.5697, 1),
(537, 452, 0, 228, 15, 18360, 5, 1151, 1, 0, 22.75, 0, 4438.75, 0, 12, 0, 0, 0, 0, 0, 0, 0, 0, 0, 0, 0, 23949.8, 18.1629, 1),
(540, 453, 0, 229, 63, 7315, 2, 500, 0, 0, 21.95, 0, 1715.39, 0, 13, 0, 0, 0, 0, 0, 0, 0, 0, 0, 13, 0, 9530.39, 17.9992, 1),
(541, 454, 0, 230, 98, 2587.2, 1, 40, 0, 0, 21.95, 0, 576.67, 0, 0, 0, 0, 0, 0, 0, 0, 0, 0, 0, 0, 0, 3203.87, 17.9992, 1),
(542, 455, 0, 231, 99, 456, 1, 10, 0, 0, 21.95, 0, 102.287, 0, 0, 0, 0, 0, 0, 0, 0, 0, 0, 0, 0, 0, 568.287, 17.9997, 1),
(543, 456, 0, 239, 37, 11070, 3, 1897, 0, 0, 8.36, 0, 1084.04, 0, 13, 0, 0, 0, 0, 0, 0, 0, 0, 0, 13, 0, 14051, 7.71502, 0),
(544, 457, 0, 240, 100, 3355, 1, 900, 0, 0, 26.59, 5, 1131.4, 269.32, 10, 26.93, 242.39, 0, 0, 0, 0, 0, 0, 4.28575, 10, 0, 5655.72, 20.0045, 0),
(545, 458, 0, 241, 101, 1880, 1, 400, 1, 0, 24.46, 5.72, 557.688, 162.316, 13, 21.1, 141.22, 0, 0, 0, 0, 0, 0, 4.70733, 13, 0, 3000, 18.2178, 0),
(546, 463, 0, 113, 15, 364, 3, 0, 0, 0, 21.73, 5, 79.0972, 22.1549, 12, 2.66, 19.49, 0, 0, 0, 0, 0, 0, 4.18913, 12, 0, 465.252, 17.0015, 1),
(547, 464, 0, 70, 42, 607.5, 12, 35, 0, 0, 76.15, 6.03, 489.264, 68.2454, 12, 8.19, 60.06, 0, 0, 0, 0, 0, 0, 5.00496, 12, 0, 1200.01, 40.7714, 1),
(548, 465, 0, 68, 31, 10400, 3, 57, 0, 0, 22.65, 4.87, 2368.51, 624.602, 12, 74.95, 549.65, 0, 0, 0, 0, 0, 0, 4.08658, 12, 0, 13450.1, 17.6096, 1),
(549, 466, 0, 242, 28, 1925, 10, 7, 1.02, 0, 11.91, 5.23, 230.101, 113.078, 12, 2.73, 99.51, 0, 0, 0, 0, 0, 0, 4.37372, 0, 0, 2275.18, 9.90717, 1),
(550, 467, 0, 243, 16, 415, 10, 4, 0.99, 0, 18.81, 4.57, 78.8139, 22.7501, 12, 0, 20.02, 0, 0, 0, 0, 0, 0, 3.84583, 0, 0, 520.564, 14.9145, 1),
(551, 468, 0, 244, 69, 512, 5, 17, 1.02, 0, 42.29, 8.94, 223.714, 67.2926, 12, 8.07, 59.22, 0, 0, 0, 0, 0, 0, 7.22189, 0, 0, 820.007, 26.7249, 1),
(552, 469, 0, 22, 20, 560, 5, 0, 1.02, 0, 15.18, 0, 85.008, 0, 0, 0, 0, 0, 0, 0, 0, 0, 0, 0, 0, 0, 645.008, 12.9108, 1),
(553, 470, 0, 245, 102, 5990, 2, 60, 1, 0, 19.24, 5.36, 1164.02, 386.671, 12, 46.4, 340.27, 0, 0, 0, 0, 0, 0, 4.47683, 12, 0, 7600.69, 15.0849, 1);

-- --------------------------------------------------------

--
-- Структура таблицы `requests`
--

CREATE TABLE `requests` (
  `created` timestamp NOT NULL DEFAULT CURRENT_TIMESTAMP,
  `requests_id` mediumint(5) UNSIGNED NOT NULL,
  `req_comment` varchar(255) COLLATE utf8_unicode_ci DEFAULT NULL,
  `requests_nameid` mediumint(8) UNSIGNED NOT NULL,
  `req_rent` float UNSIGNED NOT NULL DEFAULT '0',
  `byersid` smallint(5) UNSIGNED NOT NULL,
  `payment` tinyint(1) DEFAULT NULL,
  `req_sum` int(11) NOT NULL,
  `1c_num` int(4) DEFAULT NULL
) ENGINE=InnoDB DEFAULT CHARSET=utf8 COLLATE=utf8_unicode_ci;

--
-- Дамп данных таблицы `requests`
--

INSERT INTO `requests` (`created`, `requests_id`, `req_comment`, `requests_nameid`, `req_rent`, `byersid`, `payment`, `req_sum`, `1c_num`) VALUES
('0000-00-00 00:00:00', 25, NULL, 168, 18.36, 46, NULL, 4402, NULL),
('0000-00-00 00:00:00', 26, NULL, 171, 20.08, 51, NULL, 1301050, NULL),
('0000-00-00 00:00:00', 27, NULL, 185, 23.0769, 52, NULL, 0, NULL),
('0000-00-00 00:00:00', 45, NULL, 208, 19.35, 45, NULL, 31620, NULL),
('0000-00-00 00:00:00', 47, NULL, 245, 18.0843, 53, NULL, 0, NULL),
('0000-00-00 00:00:00', 48, NULL, 251, 20.34, 42, NULL, 35250, NULL),
('0000-00-00 00:00:00', 49, NULL, 255, 4.11358, 43, NULL, 0, NULL),
('0000-00-00 00:00:00', 50, NULL, 274, 0, 54, NULL, 0, NULL),
('0000-00-00 00:00:00', 51, NULL, 293, 11.82, 46, NULL, 16127, NULL),
('0000-00-00 00:00:00', 52, NULL, 298, 0, 55, NULL, 0, NULL),
('0000-00-00 00:00:00', 53, NULL, 306, 0, 57, NULL, 0, NULL),
('0000-00-00 00:00:00', 54, NULL, 307, 19.98, 56, NULL, 28772, NULL),
('0000-00-00 00:00:00', 55, NULL, 312, 18.2733, 43, NULL, 0, NULL),
('0000-00-00 00:00:00', 56, NULL, 315, 16.66, 58, NULL, 67500, NULL),
('0000-00-00 00:00:00', 59, NULL, 321, 32.67, 54, NULL, 449635, NULL),
('0000-00-00 00:00:00', 60, NULL, 329, 0, 45, NULL, 0, NULL),
('0000-00-00 00:00:00', 61, NULL, 334, 0, 60, NULL, 0, NULL),
('0000-00-00 00:00:00', 62, NULL, 339, 16.0055, 50, NULL, 0, NULL),
('0000-00-00 00:00:00', 63, NULL, 342, 19.3999, 61, NULL, 0, NULL),
('0000-00-00 00:00:00', 64, NULL, 359, 0, 62, NULL, 0, NULL),
('0000-00-00 00:00:00', 65, NULL, 363, 16, 51, NULL, 59657, NULL),
('0000-00-00 00:00:00', 66, NULL, 366, 20, 50, NULL, 318985, NULL),
('0000-00-00 00:00:00', 67, NULL, 381, 15.0041, 46, NULL, 0, NULL),
('0000-00-00 00:00:00', 68, NULL, 388, 20.4, 50, NULL, 926698, NULL),
('0000-00-00 00:00:00', 69, NULL, 400, 0, 63, NULL, 0, NULL),
('0000-00-00 00:00:00', 70, NULL, 402, 0, 46, NULL, 0, NULL),
('0000-00-00 00:00:00', 71, NULL, 405, 0, 64, NULL, 0, NULL),
('0000-00-00 00:00:00', 72, NULL, 408, 19.5005, 65, NULL, 0, NULL),
('0000-00-00 00:00:00', 73, NULL, 412, 28.12, 66, NULL, 91503, NULL),
('0000-00-00 00:00:00', 74, NULL, 413, 16.74, 46, NULL, 48386, NULL),
('0000-00-00 00:00:00', 76, NULL, 426, 17.0015, 67, NULL, 0, NULL),
('0000-00-00 00:00:00', 77, NULL, 433, 34.5151, 68, NULL, 0, NULL),
('0000-00-00 00:00:00', 78, NULL, 434, 9.28059, 43, NULL, 0, NULL),
('0000-00-00 00:00:00', 79, NULL, 435, 0, 43, NULL, 0, NULL),
('0000-00-00 00:00:00', 80, NULL, 443, 18.01, 61, NULL, 42048, NULL),
('0000-00-00 00:00:00', 81, NULL, 445, 16.0017, 44, NULL, 0, NULL),
('0000-00-00 00:00:00', 82, NULL, 449, 19.6723, 69, NULL, 0, NULL),
('0000-00-00 00:00:00', 83, NULL, 450, 25.02, 54, NULL, 4740, NULL),
('0000-00-00 00:00:00', 84, NULL, 470, 20, 68, NULL, 0, NULL),
('0000-00-00 00:00:00', 85, NULL, 474, 0, 66, NULL, 0, NULL),
('0000-00-00 00:00:00', 86, NULL, 476, 16.99, 52, NULL, 11886, NULL),
('0000-00-00 00:00:00', 87, NULL, 477, 16.23, 46, NULL, 19499, NULL),
('0000-00-00 00:00:00', 88, NULL, 479, 20.0052, 61, NULL, 0, NULL),
('0000-00-00 00:00:00', 89, NULL, 498, 16.31, 46, NULL, 12755, NULL),
('0000-00-00 00:00:00', 90, NULL, 504, 16.14, 63, NULL, 24210, NULL),
('0000-00-00 00:00:00', 91, NULL, 511, 16.43, 49, NULL, 23899, NULL),
('0000-00-00 00:00:00', 92, NULL, 514, 15.083, 53, NULL, 0, NULL),
('0000-00-00 00:00:00', 93, NULL, 515, 16, 46, NULL, 20841, NULL),
('0000-00-00 00:00:00', 94, NULL, 518, 25, 70, NULL, 2400, NULL),
('0000-00-00 00:00:00', 95, NULL, 519, 0, 68, NULL, 0, NULL),
('0000-00-00 00:00:00', 96, NULL, 526, 16.28, 54, NULL, 55503, NULL),
('0000-00-00 00:00:00', 97, NULL, 527, 0, 61, NULL, 0, NULL),
('0000-00-00 00:00:00', 98, NULL, 529, 16.54, 71, NULL, 258050, NULL),
('0000-00-00 00:00:00', 99, NULL, 538, 16.5031, 65, NULL, 0, NULL),
('0000-00-00 00:00:00', 100, NULL, 539, 0, 46, NULL, 0, NULL),
('0000-00-00 00:00:00', 101, NULL, 543, 16.0028, 42, NULL, 0, NULL),
('0000-00-00 00:00:00', 102, NULL, 544, 13.33, 43, NULL, 34350, NULL),
('0000-00-00 00:00:00', 103, NULL, 547, 16.01, 72, NULL, 13358, NULL),
('0000-00-00 00:00:00', 104, NULL, 549, 18.16, 61, NULL, 119745, NULL),
('0000-00-00 00:00:00', 105, NULL, 553, 18, 62, NULL, 19060, NULL),
('0000-00-00 00:00:00', 106, NULL, 555, 17.98, 61, NULL, 3771, NULL),
('0000-00-00 00:00:00', 107, NULL, 567, 0, 68, NULL, 0, NULL),
('0000-00-00 00:00:00', 108, NULL, 570, 0, 47, NULL, 0, NULL),
('0000-00-00 00:00:00', 109, NULL, 573, 0, 46, NULL, 0, NULL),
('2018-07-05 10:34:47', 110, NULL, 574, 38.65, 42, NULL, 15795, NULL),
('2018-07-05 10:34:47', 111, NULL, 575, 17.61, 42, NULL, 40350, NULL),
('2018-07-05 10:34:47', 112, NULL, 576, 0, 42, NULL, 0, NULL),
('2018-07-05 10:43:17', 113, NULL, 577, 12.93, 46, NULL, 35275, NULL),
('2018-07-05 12:42:22', 114, NULL, 581, 15.09, 52, NULL, 15200, 228);

-- --------------------------------------------------------

--
-- Структура таблицы `req_positions`
--

CREATE TABLE `req_positions` (
  `req_positionid` smallint(5) UNSIGNED NOT NULL,
  `pos_name` varchar(255) COLLATE utf8_unicode_ci NOT NULL,
  `winnerid` smallint(5) UNSIGNED NOT NULL,
  `requestid` mediumint(8) UNSIGNED NOT NULL,
  `giveaway` tinyint(1) DEFAULT NULL
) ENGINE=InnoDB DEFAULT CHARSET=utf8 COLLATE=utf8_unicode_ci;

--
-- Дамп данных таблицы `req_positions`
--

INSERT INTO `req_positions` (`req_positionid`, `pos_name`, `winnerid`, `requestid`, `giveaway`) VALUES
(115, 'Ондина 1л', 49, 25, NULL),
(120, 'Аеон 9000', 51, 26, NULL),
(121, 'Антифриз Кат', 53, 26, NULL),
(122, 'Смазка Fuchs Renolit', 55, 26, NULL),
(123, 'Клюберсинт как там его 35 л', 56, 26, NULL),
(124, 'Фаг Арканол 100кг', 58, 26, NULL),
(125, 'Керосин 1 бочка', 62, 27, NULL),
(195, 'Бариерта', 144, 45, NULL),
(198, 'Жидкость 7-50С-3 (16,4 кг)', 277, 47, NULL),
(199, 'Смазка силиконовая Si-M (тюбик)', 195, 47, NULL),
(200, 'Состав МВС-3Н (или А или Т, я хз, 24 кг)', 192, 47, NULL),
(201, 'Масло гидравлическое МГЕ-46В (бочка)', 305, 47, NULL),
(202, 'Масло индустриальное И-20 (бочка)', 306, 47, NULL),
(203, 'Масло авиационное МС-20 (бочка)', 201, 47, NULL),
(204, 'Смазка ЦИАТИМ-221 (банка 0,8кг)', 167, 47, NULL),
(205, 'Масло компрессорное КС-19 (бочка)', 309, 47, NULL),
(206, 'Литол-24 42кг', 170, 47, NULL),
(213, 'Керосин РТ бочка', 172, 47, NULL),
(214, 'Смазка ШРУС-4 (туба)', 174, 47, NULL),
(215, 'Масло моторное М8-В Автол (бочка)', 310, 47, NULL),
(216, 'Масло моторное М8Г2К (бочка)', 234, 47, NULL),
(217, 'Масло моторное М10Г2К (бочка)', 241, 47, NULL),
(218, 'Масло вакуумное ВМ-4 (16 кг)', 194, 47, NULL),
(220, 'Масло вакуумное ВМ-5с (15,5 кг)', 175, 47, NULL),
(221, 'Смазка ЛС-1П (бочка)', 246, 47, NULL),
(222, 'Масло цилиндровое Ц-52 (бочка)', 178, 47, NULL),
(223, 'Масло турбинное ТП-22С (бочка)', 248, 47, NULL),
(224, 'Масло индустриальное И-40 (бочка)', 165, 47, NULL),
(225, 'Смазка ЦИАТИМ-201 (21кг)', 256, 47, NULL),
(226, 'Масло гидравлическое ВМГЗ (бочка)', 315, 47, NULL),
(227, 'Масло трансформаторное ГК (бочка)', 317, 47, NULL),
(228, 'СОЖ Укринол (бочка)', 182, 47, NULL),
(229, 'Смазка Солидол Жировой (21 кг)', 183, 47, NULL),
(230, 'Смазка ВНИИНП-231 (1кг)', 267, 47, NULL),
(232, 'Смазка АМС-3 (бидон 11,8 кг)', 271, 47, NULL),
(233, 'Смазка ВНИИНП-286(ЭРА) (0,7кг)', 272, 47, NULL),
(234, 'СОЖ Сульфофризол (бочка)', 188, 47, NULL),
(235, 'Смазка МС-70 (бидон 16 кг)', 161, 47, NULL),
(236, 'Смазка МЗ', 210, 47, NULL),
(238, '100 шт - Смазка ОКБ-122-7 (0,75 кг) ', 203, 47, NULL),
(239, 'Масло индустриальное И-12 (бочка) - 3шт', 156, 48, NULL),
(240, '2 бочки И-20', 160, 49, NULL),
(241, 'Масло индустриальное ИГП-49', 0, 50, NULL),
(242, 'Mobilgear 600 XP 460 (20л)', 279, 51, NULL),
(243, 'Bechem Berulub FB 34 (0,4 кг)', 0, 52, NULL),
(244, 'Bechem Berulub W+B Spray (0,4 кг)', 0, 52, NULL),
(245, 'Керосин РТ 20л', 282, 54, NULL),
(246, 'Масло вазелиновое 16л', 284, 54, NULL),
(247, 'Shell Corena D 68 (20л)', 286, 54, NULL),
(248, 'Shell Corena P 150 (40л)', 289, 54, NULL),
(249, 'Масло моторное М10Г2К OR (10л)', 0, 53, NULL),
(250, 'Масло индустриальное И-20 (бочка) 2шт', 294, 55, NULL),
(251, 'Нефрас С2 80/120 (бочка) 1шт', 319, 55, NULL),
(252, 'хз какая смазка 100кг', 295, 56, NULL),
(253, 'VDL 100 ТНК Компрессор 20л', 297, 51, NULL),
(254, 'Масло компрессорное ALUB Blue ALMIG (10л)', 299, 59, NULL),
(255, 'Масло Tonna S3 M68 (Tonna S 68) безцинковое', 0, 59, NULL),
(256, 'Масло Mobil DTE 24  (208л) - гидравлическое.', 300, 59, NULL),
(257, 'Масло Mobil DTE 25 (208л) гидравлическое.', 301, 59, NULL),
(258, 'Жидкость техническая Антифроген N (кан.22,3 кг)', 0, 59, NULL),
(259, 'Motorex Cool Concentrate (5л)', 302, 59, NULL),
(260, 'Смазка Klueber TOPAS Isoflex NB 52 (1кг)', 0, 59, NULL),
(261, 'Смазка Kluber Klubersynth GE 46-1200 (25 кг)', 0, 59, NULL),
(262, 'Смазка многофункциональная "WD-40" (200 мл)', 0, 59, NULL),
(263, 'Мочевина, 1 куб.', 0, 60, NULL),
(264, 'Ц-52 бочка из Омска', 0, 61, NULL),
(265, 'ТСО 1 бочка', 321, 62, NULL),
(266, 'МВП  1 бочка и 5 бидонов', 322, 62, NULL),
(267, 'Масло М14В2(180кг) - 1000 кг', 333, 63, NULL),
(268, 'Масло М10Г2К(180кг) - 3000 кг', 334, 63, NULL),
(270, 'Масло индустриальное И-40 (бочка 180кг) - 5000 кг', 335, 63, NULL),
(271, 'Масло Mobil DTE 25 (180кг) - 5000кг', 343, 63, NULL),
(272, 'Масло трансформаторное Т-1500У (180кг) - 720 кг', 327, 63, NULL),
(273, 'Масло индустриальное ИГП-14 (бочка 180 кг) - 180 кг', 0, 63, NULL),
(274, 'Масло индустриальное ИГП-49 (бочка 180кг) -3000 кг', 332, 63, NULL),
(275, 'Масло авиационное МС-20 (бочка 180кг) - 720 кг', 341, 63, NULL),
(276, 'Масло индустриальное И-50 (бочка 180кг) - 6000 кг', 331, 63, NULL),
(277, 'Масло гидравлическое ТНК Гидравлик OE HLP46 (бочка 180 кг) - 540 кг', 337, 63, NULL),
(278, 'Масло гидравлическое ИГП-4 (бочка 180кг) - 180кг', 345, 63, NULL),
(279, 'Масло гидравлическое ИГП-8 (бочка 180кг) - 180 кг', 342, 63, NULL),
(280, 'Масло компрессорное КС-19 (бочка 180 кг) - 12060 кг', 339, 63, NULL),
(281, 'Масло трансмисс. ТАП-15 (бочка 180 кг) - 600 кг', 329, 63, NULL),
(282, 'Масло трансмисс. ТАД-17 (бочка 180 кг) - 180 кг', 328, 63, NULL),
(283, 'Масло авиационное СМ-4,5 (банка 15 кг) - 170,5 кг', 347, 63, NULL),
(284, 'Смазка WD-40 спрей 400 мл - 160 шт', 325, 63, NULL),
(285, 'Масло вакуумное Adixen A-120 (5кг) -40 кг', 0, 63, NULL),
(286, 'Motorex Spindlelube ISO VG 68 (4л)', 0, 64, NULL),
(287, 'Масло редукторное Shell Omala S2 G68 - бочка (208л)', 348, 65, NULL),
(288, 'Смазка WD-40 спрей 400 мл 42 шт', 357, 66, NULL),
(289, 'Тосол 10 л 40 шт', 374, 66, NULL),
(291, 'Масло вакуумное ВМ-4 (20л) 1шт', 359, 66, NULL),
(292, 'Castrol GTX Magnatec 5w-40 5 шт', 364, 66, NULL),
(293, 'Смазка графитная Ж 10 кг 6 шт', 360, 66, NULL),
(294, 'Смазка графитная УССА 0,8 кг 65 шт', 361, 66, NULL),
(295, 'Литол-24 в мелкой таре 1178 шт по 0,9 или 0,8', 362, 66, NULL),
(296, 'Смазка SKF LGHP 2  (0,42 кг) 2шт ', 367, 66, NULL),
(297, 'Смазка SKF LGHP 2  (18 кг) 1 шт', 368, 66, NULL),
(298, 'Смазка ЦИАТИМ-201 (0,8 кг) 30 шт', 355, 66, NULL),
(300, 'Смазка ЦИАТИМ-221 (банка 0,9кг) (Ойл-Ком) 2 шт', 372, 66, NULL),
(301, 'Смазка ШРУС-4 (туба 0,8 кг) 30 шт', 375, 66, NULL),
(303, 'АМТ-300 6б', 366, 67, NULL),
(304, 'Литол-24 21 кг всего 200кг', 370, 66, NULL),
(306, 'Смазка ЭПС-98 (Банка 1,3кг)', 0, 66, NULL),
(307, 'Литол-24  2 кг', 0, 66, NULL),
(308, 'Масло цепное OR (1л)', 0, 66, NULL),
(309, 'DOT-4 455 мл 5 шт', 382, 68, NULL),
(310, 'DOT-4 910 мл 150 шт', 385, 68, NULL),
(311, 'Промывка 600л ЦЕНЫ ЗА ЛИТР', 390, 68, NULL),
(312, 'Марка Р 500л', 391, 68, NULL),
(313, 'Аддинол 15на40 400кг ЦЕНА В КГ', 393, 68, NULL),
(314, 'Масло трансмисс. ТЭП-15 (бочка 180 кг) 8тн', 394, 68, NULL),
(315, 'Тосол 30л', 0, 69, NULL),
(316, 'Mannol silicone spray 400ml 2 коробки', 0, 70, NULL),
(317, 'Герметик Автосил 180 мл', 397, 71, NULL),
(318, 'Mobilube 85-w140 (20л)', 405, 72, NULL),
(319, 'Bechem Berutemp 500 T2 (0,8 кг) - 2шт ЗАКУПКА август-сентябрь', 400, 73, NULL),
(320, 'Bechem Berutemp 500 T2 (0,8 кг) - 3шт ЗАКУПКА сентябрь-октябрь', 401, 73, NULL),
(321, 'расценка апреля 2017', 402, 74, NULL),
(322, 'расценка сентябрь-октябрь 2017', 407, 74, NULL),
(323, 'Революкс', 485, 72, NULL),
(324, 'И-20', 410, 76, NULL),
(325, 'И-40', 411, 76, NULL),
(326, 'М8ДМ', 417, 76, NULL),
(327, 'М8Г2К', 418, 76, NULL),
(328, 'М8В', 419, 76, NULL),
(329, 'ВМГЗ', 420, 76, NULL),
(330, 'ТМ5', 421, 76, NULL),
(331, 'ТОСОЛ', 414, 76, NULL),
(332, 'Литол-24 21кг', 415, 76, NULL),
(333, 'ТЭП-15', 416, 76, NULL),
(338, 'РТ', 428, 76, NULL),
(339, 'Смазка ВНИИНП-275 0,8кг', 0, 77, NULL),
(340, 'Смазка ВНИИНП-273 0,8кг', 0, 77, NULL),
(341, 'Смазка ВНИИНП-232 0,8кг', 431, 77, NULL),
(343, 'Смазка ВНИИНП-202 10кг', 433, 77, NULL),
(344, 'И-20 10 бочек', 435, 78, NULL),
(345, 'СОЖ МР-7 (бочка 180кг)', 0, 79, NULL),
(346, 'Набор AL', 451, 80, NULL),
(347, 'Набор CU', 452, 80, NULL),
(351, 'Масло И-40', 445, 81, NULL),
(352, 'Mobil DTE 10 Excel 46 (20 л)', 453, 82, NULL),
(353, 'Разовая расценка на раз все цены в одной позиции', 462, 83, NULL),
(354, 'Смазка ПФМС-4С (0,8 кг)', 470, 84, NULL),
(363, 'Смазка ВНИИНП-275', 0, 84, NULL),
(364, 'Смазка ВНИИНП-273', 0, 84, NULL),
(365, 'Смазка ВНИИНП-232', 0, 84, NULL),
(366, 'Смазка ЦИАТИМ-202 10кг', 0, 84, NULL),
(367, 'HLP-46 бочка (180 кг)', 0, 85, NULL),
(368, 'Промывочное масло РН (бочка 200л)', 472, 86, NULL),
(369, 'Роснефть Редуктор CLP 320 (бочка)', 473, 87, NULL),
(370, 'Силиконовое масло  низкой вязкости Baysilone M5 -20 кг.', 481, 88, NULL),
(371, 'Смывка APS-E     ТУ 231921-003-78125300-2006   в количестве  5,3 кг. ', 480, 88, NULL),
(372, 'Смазка Лита ТУ38.1011308-90   - 170,5 кг.', 478, 88, NULL),
(373, 'ТНК Гидравлик HLP46 или РН-И-Г-С-46д  - 50 кг.', 484, 88, NULL),
(374, 'ТНК Гидравлик HLP68 или РН-И-Г-С-68д  - 200 кг.', 483, 88, NULL),
(375, 'Масло синтетическое EMKARATE  RL32H  (1k)  - 5 кг.', 477, 88, NULL),
(376, 'Смазка силиконовая термостойкая  -5 кг.- ', 476, 88, NULL),
(377, 'Масло компрессорное SE 55 – 30 л.', 475, 88, NULL),
(378, 'Масло компрессорное SEZ 22 – 30 л', 474, 88, NULL),
(379, 'Скипидар 20л', 479, 88, NULL),
(380, 'RENOLIT SF 7-041 (18 кг)', 482, 88, NULL),
(381, 'Смазка EFELE VH-491 (ведро 5 кг.)', 486, 88, NULL),
(382, 'Motul Snowmobile 2t', 488, 89, NULL),
(383, 'Гидравлика 46 бочка или 3 по 20л', 491, 90, NULL),
(384, '80w90 50л или 2 по 20л', 492, 90, NULL),
(385, 'ENI i-Sigma Universal 10w40 бочка или 3 по 20л', 496, 90, NULL),
(386, 'Тосол Felix Euro (-35 град.) (20л) - 3 шт', 498, 91, NULL),
(387, 'Размазываем в тосоле Castrol GTX Magnatec 5w-40 (4л) - 2 шт', 499, 91, NULL),
(388, 'Масло холодильное ХА-30 (216л) УФА 1 бочка', 500, 91, NULL),
(389, 'Avantin 361 IN 180кг (бочка) - 6шт', 503, 92, NULL),
(392, 'ц-52 1 бочка', 505, 93, NULL),
(393, 'Смазка KR-941 силик. универс. (520 мл)', 506, 94, NULL),
(394, 'Смазка ВНИИНП-279 0,8кг', 0, 95, NULL),
(395, 'Масло ИЛС-5 (бочка) 3 шт', 509, 96, NULL),
(396, 'Масло гидравлическое МГЕ-46В (бочка) 2 бочки', 0, 97, NULL),
(397, 'ТНК Редуктор CLP 100 (бочка) 1 бочка', 0, 97, NULL),
(398, 'Лукойл Трансол-200 (18кг) 40кг', 0, 97, NULL),
(399, 'Масло моторное М8ДМ (бочка) 1 бочка', 0, 97, NULL),
(400, 'Масло моторное М14В2 (бочка 180 кг) 9 бочек', 0, 97, NULL),
(401, 'Смазка КМ 30 080 (1кг ? уточнить фасовку) мин норма отгрузки', 0, 97, NULL),
(402, 'Масло дизельное п/с 10w40 - 100л', 0, 97, NULL),
(403, 'Gadus S2 V220 0  10кг', 0, 97, NULL),
(404, 'SHELL OMALA S4 WE 320 (20 л) 40л', 0, 97, NULL),
(405, 'Смазка ОКБ-122-7 (0,75 кг) - 12кг', 0, 97, NULL),
(420, 'Литол-24 21к', 510, 98, NULL),
(430, 'Смазка Солидол Жировой 21 кг', 514, 98, NULL),
(431, 'Смазка графитная 9,5 кг', 513, 98, NULL),
(432, 'ZIC ATF 3 20 л', 515, 98, NULL),
(433, 'Shell Rimula R5 Е , 10W40 (20 л)', 517, 98, NULL),
(434, 'Тосол 10 л', 518, 98, NULL),
(436, 'Масло марка "А" гидр. 180 кг', 522, 98, NULL),
(437, 'Масло трансмисс. ТСП-15К (бочка 180 кг)', 516, 98, NULL),
(439, 'Масло моторное М8ДМ (бочка 180 кг)', 523, 98, NULL),
(440, 'Антифриз  G-11 (10кг) зеленый', 521, 98, NULL),
(441, 'Масло М10ДМ бочка 180кг', 524, 98, NULL),
(442, 'Гидротэк', 525, 99, NULL),
(443, 'Шелл от Напреенки', 527, 99, NULL),
(444, 'Масло редукторное Aimol Indo Gear Oil  -  208 л', 0, 100, NULL),
(445, 'Смазка Литол-24  -  10 кг', 0, 100, NULL),
(446, 'И-12 3 бочки', 536, 101, NULL),
(447, 'Нефрас С2 80/120 (бочка) 1', 532, 102, NULL),
(448, 'Масло индустриальное И-20 (бочка) 2', 531, 102, NULL),
(449, 'Смазка ЦИАТИМ-221 (банка 0,9кг) (Ойл-Ком) 10шт', 533, 101, NULL),
(450, 'бочка тосола', 0, 103, NULL),
(451, 'Shell Omala S2 G 320 (20л) 2 шт', 535, 103, NULL),
(452, 'ЭТИЛАЦЕТАТ бочка 180 кг', 537, 104, NULL),
(453, 'Avantin 361 IN 18кг (канистра 20л)', 540, 105, NULL),
(454, 'Oemeta Frigomet NF 470/30N (бочка 220 кг)', 541, 106, NULL),
(455, 'LM Pro-Line Silikon-Spray (0,4л)', 542, 106, NULL),
(456, 'Масло индустриальное И-5 (бочка 180кг)', 0, 107, NULL),
(457, 'СУПЕРКОНТ 1.1 кг', 0, 108, NULL),
(458, 'СМОЛА ПЛС-ЛС 1 кг', 0, 109, NULL),
(462, 'Литол-24 18кг 500шт', 0, 61, NULL),
(463, 'Смазка WD-40 спрей 400 мл', 546, 110, NULL),
(464, 'Смазка ЦИАТИМ-221 (банка 0,9кг) (Ойл-Ком)', 547, 110, NULL),
(465, 'Масло индустриальное И-12 (бочка) 3 бочки', 548, 111, NULL),
(466, 'Масло моторное Роснефть Maximum Diesel 10w40 (20л)', 549, 113, NULL),
(467, 'Тосол Top40 (10кг) ', 550, 113, NULL),
(468, 'Антифриз G-12 красный МиГ (10кг)', 551, 113, NULL),
(469, 'Масло гидравлическое Гидромарка А 10л OilRight', 552, 113, NULL),
(470, 'Mobil ATF 220 Dexron II (20л) 2 шт', 553, 114, NULL);

-- --------------------------------------------------------

--
-- Структура таблицы `sellers`
--

CREATE TABLE `sellers` (
  `sellers_id` smallint(5) UNSIGNED NOT NULL,
  `sellers_nameid` mediumint(8) UNSIGNED NOT NULL
) ENGINE=InnoDB DEFAULT CHARSET=utf8 COLLATE=utf8_unicode_ci;

--
-- Дамп данных таблицы `sellers`
--

INSERT INTO `sellers` (`sellers_id`, `sellers_nameid`) VALUES
(14, 110),
(15, 111),
(16, 112),
(17, 113),
(18, 133),
(19, 145),
(20, 157),
(23, 161),
(24, 162),
(25, 166),
(26, 173),
(27, 175),
(28, 178),
(29, 180),
(30, 182),
(31, 188),
(32, 189),
(33, 244),
(34, 246),
(35, 247),
(36, 248),
(37, 249),
(38, 250),
(39, 253),
(40, 257),
(41, 258),
(42, 259),
(43, 260),
(44, 262),
(45, 263),
(46, 264),
(47, 266),
(48, 267),
(49, 270),
(50, 271),
(51, 275),
(52, 276),
(53, 277),
(54, 278),
(55, 280),
(56, 281),
(57, 283),
(58, 284),
(59, 288),
(60, 289),
(61, 290),
(62, 292),
(63, 295),
(64, 309),
(65, 311),
(66, 318),
(67, 322),
(68, 327),
(69, 331),
(70, 332),
(71, 335),
(72, 340),
(73, 361),
(74, 362),
(75, 365),
(77, 383),
(78, 398),
(79, 409),
(80, 415),
(81, 417),
(82, 437),
(83, 444),
(84, 446),
(85, 464),
(86, 466),
(87, 469),
(88, 472),
(89, 481),
(90, 483),
(91, 487),
(92, 493),
(93, 497),
(94, 501),
(95, 502),
(96, 503),
(97, 542),
(98, 556),
(99, 558),
(100, 571),
(101, 572),
(102, 583);

-- --------------------------------------------------------

--
-- Структура таблицы `trades`
--

CREATE TABLE `trades` (
  `trades_id` smallint(5) UNSIGNED NOT NULL,
  `trades_nameid` mediumint(8) UNSIGNED NOT NULL
) ENGINE=InnoDB DEFAULT CHARSET=utf8 COLLATE=utf8_unicode_ci;

--
-- Дамп данных таблицы `trades`
--

INSERT INTO `trades` (`trades_id`, `trades_nameid`) VALUES
(10, 114),
(11, 115),
(12, 116),
(13, 117),
(14, 131),
(15, 142),
(18, 147),
(19, 150),
(21, 152),
(22, 155),
(24, 160),
(25, 165),
(26, 167),
(27, 172),
(28, 174),
(29, 176),
(30, 177),
(31, 179),
(32, 181),
(33, 183),
(34, 186),
(35, 187),
(36, 212),
(37, 213),
(38, 214),
(39, 215),
(40, 216),
(41, 217),
(42, 218),
(43, 219),
(44, 220),
(45, 221),
(46, 222),
(47, 223),
(48, 224),
(49, 225),
(50, 226),
(51, 227),
(52, 228),
(53, 229),
(54, 230),
(55, 231),
(56, 232),
(57, 233),
(58, 234),
(59, 235),
(60, 236),
(61, 237),
(62, 238),
(63, 239),
(64, 240),
(65, 241),
(66, 242),
(67, 243),
(68, 252),
(69, 256),
(70, 261),
(71, 265),
(72, 268),
(73, 269),
(74, 273),
(75, 279),
(76, 282),
(77, 285),
(78, 286),
(79, 287),
(80, 291),
(81, 296),
(82, 297),
(83, 301),
(84, 302),
(85, 303),
(86, 304),
(87, 305),
(88, 308),
(89, 310),
(90, 313),
(91, 316),
(92, 317),
(93, 323),
(95, 325),
(96, 326),
(97, 330),
(98, 336),
(99, 337),
(100, 338),
(101, 343),
(102, 344),
(103, 345),
(104, 346),
(105, 347),
(106, 348),
(107, 349),
(108, 350),
(109, 351),
(110, 352),
(111, 353),
(112, 354),
(113, 355),
(114, 358),
(115, 360),
(116, 364),
(117, 367),
(118, 368),
(119, 369),
(120, 370),
(121, 371),
(122, 372),
(123, 373),
(124, 374),
(125, 375),
(126, 376),
(127, 377),
(128, 378),
(129, 379),
(130, 380),
(131, 384),
(132, 385),
(133, 386),
(134, 387),
(135, 389),
(136, 390),
(137, 391),
(138, 392),
(139, 393),
(140, 394),
(141, 395),
(142, 396),
(143, 397),
(144, 401),
(145, 404),
(146, 407),
(147, 411),
(148, 414),
(149, 416),
(150, 418),
(151, 419),
(152, 420),
(154, 422),
(155, 428),
(156, 429),
(157, 430),
(158, 431),
(159, 432),
(160, 436),
(161, 439),
(162, 440),
(163, 441),
(164, 442),
(165, 448),
(166, 451),
(167, 452),
(168, 453),
(169, 454),
(170, 455),
(171, 456),
(172, 457),
(173, 458),
(174, 459),
(175, 460),
(176, 461),
(177, 462),
(178, 463),
(179, 465),
(180, 467),
(181, 468),
(182, 471),
(183, 473),
(184, 475),
(185, 478),
(186, 480),
(187, 482),
(188, 484),
(189, 485),
(190, 486),
(192, 489),
(193, 490),
(194, 491),
(195, 492),
(196, 494),
(197, 495),
(198, 496),
(199, 499),
(200, 500),
(201, 505),
(202, 506),
(203, 507),
(204, 508),
(205, 509),
(206, 510),
(207, 512),
(208, 513),
(209, 517),
(210, 520),
(211, 521),
(212, 522),
(213, 523),
(214, 524),
(215, 525),
(216, 530),
(217, 531),
(218, 532),
(219, 533),
(220, 534),
(221, 535),
(222, 536),
(223, 537),
(224, 540),
(225, 541),
(226, 546),
(227, 548),
(228, 550),
(229, 552),
(230, 554),
(231, 557),
(232, 559),
(233, 560),
(234, 561),
(235, 562),
(236, 563),
(237, 564),
(238, 565),
(239, 566),
(240, 568),
(241, 569),
(242, 578),
(243, 579),
(244, 580),
(245, 582);

--
-- Индексы сохранённых таблиц
--

--
-- Индексы таблицы `allnames`
--
ALTER TABLE `allnames`
  ADD PRIMARY KEY (`nameid`);

--
-- Индексы таблицы `byers`
--
ALTER TABLE `byers`
  ADD PRIMARY KEY (`byers_id`),
  ADD KEY `byer_nameid` (`byers_nameid`);

--
-- Индексы таблицы `giveaways`
--
ALTER TABLE `giveaways`
  ADD PRIMARY KEY (`giveaways_id`),
  ADD KEY `requestid` (`requestid`);

--
-- Индексы таблицы `payments`
--
ALTER TABLE `payments`
  ADD PRIMARY KEY (`payments_id`),
  ADD KEY `requestid` (`requestid`);

--
-- Индексы таблицы `pricings`
--
ALTER TABLE `pricings`
  ADD PRIMARY KEY (`pricingid`);

--
-- Индексы таблицы `requests`
--
ALTER TABLE `requests`
  ADD PRIMARY KEY (`requests_id`),
  ADD KEY `req_nameid` (`requests_nameid`);

--
-- Индексы таблицы `req_positions`
--
ALTER TABLE `req_positions`
  ADD PRIMARY KEY (`req_positionid`),
  ADD UNIQUE KEY `pos_name` (`pos_name`),
  ADD KEY `requestid` (`requestid`);

--
-- Индексы таблицы `sellers`
--
ALTER TABLE `sellers`
  ADD PRIMARY KEY (`sellers_id`),
  ADD KEY `seller_nameid` (`sellers_nameid`);

--
-- Индексы таблицы `trades`
--
ALTER TABLE `trades`
  ADD PRIMARY KEY (`trades_id`),
  ADD KEY `trade_nameid` (`trades_nameid`);

--
-- AUTO_INCREMENT для сохранённых таблиц
--

--
-- AUTO_INCREMENT для таблицы `allnames`
--
ALTER TABLE `allnames`
  MODIFY `nameid` mediumint(8) UNSIGNED NOT NULL AUTO_INCREMENT, AUTO_INCREMENT=584;
--
-- AUTO_INCREMENT для таблицы `byers`
--
ALTER TABLE `byers`
  MODIFY `byers_id` smallint(5) UNSIGNED NOT NULL AUTO_INCREMENT, AUTO_INCREMENT=74;
--
-- AUTO_INCREMENT для таблицы `giveaways`
--
ALTER TABLE `giveaways`
  MODIFY `giveaways_id` smallint(5) UNSIGNED NOT NULL AUTO_INCREMENT;
--
-- AUTO_INCREMENT для таблицы `payments`
--
ALTER TABLE `payments`
  MODIFY `payments_id` smallint(5) UNSIGNED NOT NULL AUTO_INCREMENT;
--
-- AUTO_INCREMENT для таблицы `pricings`
--
ALTER TABLE `pricings`
  MODIFY `pricingid` smallint(5) UNSIGNED NOT NULL AUTO_INCREMENT, AUTO_INCREMENT=554;
--
-- AUTO_INCREMENT для таблицы `requests`
--
ALTER TABLE `requests`
  MODIFY `requests_id` mediumint(5) UNSIGNED NOT NULL AUTO_INCREMENT, AUTO_INCREMENT=115;
--
-- AUTO_INCREMENT для таблицы `req_positions`
--
ALTER TABLE `req_positions`
  MODIFY `req_positionid` smallint(5) UNSIGNED NOT NULL AUTO_INCREMENT, AUTO_INCREMENT=471;
--
-- AUTO_INCREMENT для таблицы `sellers`
--
ALTER TABLE `sellers`
  MODIFY `sellers_id` smallint(5) UNSIGNED NOT NULL AUTO_INCREMENT, AUTO_INCREMENT=103;
--
-- AUTO_INCREMENT для таблицы `trades`
--
ALTER TABLE `trades`
  MODIFY `trades_id` smallint(5) UNSIGNED NOT NULL AUTO_INCREMENT, AUTO_INCREMENT=246;
--
-- Ограничения внешнего ключа сохраненных таблиц
--

--
-- Ограничения внешнего ключа таблицы `byers`
--
ALTER TABLE `byers`
  ADD CONSTRAINT `byers_ibfk_1` FOREIGN KEY (`byers_nameid`) REFERENCES `allnames` (`nameid`) ON UPDATE CASCADE;

--
-- Ограничения внешнего ключа таблицы `giveaways`
--
ALTER TABLE `giveaways`
  ADD CONSTRAINT `giveaways_ibfk_1` FOREIGN KEY (`requestid`) REFERENCES `requests` (`requests_id`) ON UPDATE CASCADE;

--
-- Ограничения внешнего ключа таблицы `payments`
--
ALTER TABLE `payments`
  ADD CONSTRAINT `payments_ibfk_1` FOREIGN KEY (`requestid`) REFERENCES `requests` (`requests_id`) ON UPDATE CASCADE;

--
-- Ограничения внешнего ключа таблицы `requests`
--
ALTER TABLE `requests`
  ADD CONSTRAINT `requests_ibfk_1` FOREIGN KEY (`requests_nameid`) REFERENCES `allnames` (`nameid`) ON UPDATE CASCADE;

--
-- Ограничения внешнего ключа таблицы `req_positions`
--
ALTER TABLE `req_positions`
  ADD CONSTRAINT `req_positions_ibfk_1` FOREIGN KEY (`requestid`) REFERENCES `requests` (`requests_id`) ON UPDATE CASCADE;

--
-- Ограничения внешнего ключа таблицы `sellers`
--
ALTER TABLE `sellers`
  ADD CONSTRAINT `sellers_ibfk_1` FOREIGN KEY (`sellers_nameid`) REFERENCES `allnames` (`nameid`) ON UPDATE CASCADE;

--
-- Ограничения внешнего ключа таблицы `trades`
--
ALTER TABLE `trades`
  ADD CONSTRAINT `trades_ibfk_1` FOREIGN KEY (`trades_nameid`) REFERENCES `allnames` (`nameid`) ON UPDATE CASCADE;

/*!40101 SET CHARACTER_SET_CLIENT=@OLD_CHARACTER_SET_CLIENT */;
/*!40101 SET CHARACTER_SET_RESULTS=@OLD_CHARACTER_SET_RESULTS */;
/*!40101 SET COLLATION_CONNECTION=@OLD_COLLATION_CONNECTION */;
