-- MySQL dump 10.13  Distrib 5.7.26, for Linux (x86_64)
--
-- Host: localhost    Database: prices_ip
-- ------------------------------------------------------
-- Server version	5.7.26-0ubuntu0.16.04.1

/*!40101 SET @OLD_CHARACTER_SET_CLIENT=@@CHARACTER_SET_CLIENT */;
/*!40101 SET @OLD_CHARACTER_SET_RESULTS=@@CHARACTER_SET_RESULTS */;
/*!40101 SET @OLD_COLLATION_CONNECTION=@@COLLATION_CONNECTION */;
/*!40101 SET NAMES utf8 */;
/*!40103 SET @OLD_TIME_ZONE=@@TIME_ZONE */;
/*!40103 SET TIME_ZONE='+00:00' */;
/*!40014 SET @OLD_UNIQUE_CHECKS=@@UNIQUE_CHECKS, UNIQUE_CHECKS=0 */;
/*!40014 SET @OLD_FOREIGN_KEY_CHECKS=@@FOREIGN_KEY_CHECKS, FOREIGN_KEY_CHECKS=0 */;
/*!40101 SET @OLD_SQL_MODE=@@SQL_MODE, SQL_MODE='NO_AUTO_VALUE_ON_ZERO' */;
/*!40111 SET @OLD_SQL_NOTES=@@SQL_NOTES, SQL_NOTES=0 */;

--
-- Table structure for table `allnames`
--

DROP TABLE IF EXISTS `allnames`;
/*!40101 SET @saved_cs_client     = @@character_set_client */;
/*!40101 SET character_set_client = utf8 */;
CREATE TABLE `allnames` (
  `nameid` mediumint(8) unsigned NOT NULL AUTO_INCREMENT,
  `name` varchar(255) COLLATE utf8_unicode_ci NOT NULL,
  PRIMARY KEY (`nameid`)
) ENGINE=InnoDB AUTO_INCREMENT=68 DEFAULT CHARSET=utf8 COLLATE=utf8_unicode_ci;
/*!40101 SET character_set_client = @saved_cs_client */;

--
-- Dumping data for table `allnames`
--

LOCK TABLES `allnames` WRITE;
/*!40000 ALTER TABLE `allnames` DISABLE KEYS */;
INSERT INTO `allnames` VALUES (1,'Улитов Сергей Викторович'),(2,'Сызранская Керамика'),(3,'ЧИРОЛ'),(4,'СУПЕРКОНТ'),(5,'ПЭК'),(6,'СОЖ Avantin 361 I-N (18 кг) в шт'),(7,'Наш Партнер'),(8,'СТС Люкс'),(9,'Саминтех (Би Питрон)'),(10,'ООО Дикомп-Классик'),(11,'Прогресс'),(12,'Стройиндустрия'),(13,'ВиК'),(14,'ООО АМ-Ойл'),(15,'ПРОМ ТЭК 272-56-48 / 266-84-35'),(16,'АО МЕДХИМ'),(17,'ТК Химэкспресс '),(18,'ЕвроСмаз (495) 730-64-15'),(19,'ДВК ТД'),(20,'Shell Tonna S3 M68 (20 л) масло для направляющих в шт'),(21,'КС-19 (216,5/180 кг) - масло компрессорное  в шт'),(22,'Castrol Magnatec 5w-40 (4 л) в шт'),(23,'Смазка Литол-24 (2 кг) в шт'),(24,'Масло Berusynth H1 220 (20л.) в шт'),(25,'СОЖ Avantin 361 I-N (180 кг) в шт'),(26,'Электропроводящая смазка СУПЕРКОНТ СКМ (1.1кг) в шт'),(27,'Тосол 10кг в шт'),(28,'Масло гидравлическое МГЕ-46 В (10л) в шт'),(29,'Нефрас С2 80/120 (216,5 л) в шт'),(30,'И-20 А (216,5л/180 кг) - масло индустриальное  в шт'),(31,'Масло Optigear Synt  RO 150 (20л) в шт'),(32,'Shell Corena S2 P 150 (Corena P 150) (20л)- компрессорное масло в шт'),(33,'Shell Corena S3 R 68 (20л)- компрессорное масло в шт'),(34,'Eni i-Sint 10W40 масло моторное п/с (4л) в шт'),(35,'Смазка ТОМФЛОН М3-50 (45кг) в шт'),(36,'Смазка ТОМФЛОН М3-50 (10кг) в шт'),(37,'Масло вазелиновое МХ-250 с пищ доп. минеральное(канистра 4 кг) в шт'),(38,'И-12 А (216,5л/180 кг) - масло индустриальное  в шт'),(39,'Керосин (канистра 20л) в шт'),(40,'Жидкость СИГБОЛ (0,455кг) ТУ 38.101741-78 (с изм.1-6) присадка антистатическая  в шт'),(41,'Бактерицид BECHEM BAKTERIZID RH (5 кг) в шт'),(42,'Shell Omala S2 GХ320 (Omala 320) (20 л) масло редукторное в шт'),(43,'Смазка Литол-24 (180кг) в шт'),(44,'Shell Corena S4 R 68 (20л)- компрессорное масло в шт'),(45,'Смазка Berutemp PA 1 MO (1 кг) в шт'),(46,'Смазка Berulub W+B Spray с пищевым допуском (400мл) в шт'),(47,'Смазка ПВК пушечная ГОСТ 19537-83 (2кг) в шт'),(48,'Смазка TUTELA ZETA 2  литиевая минер-я ведро 20кг в шт'),(49,'Масло моторное ENI I-Sigma Universal 10w-40 (20 л) п/синт в шт'),(50,'ВЫМПЕЛЬНАЯ ДОСТАВКА-С '),(51,'Смазка Castrol Optitemp RB-1 для протяжки (1кг)  в шт'),(52,'Смазка Lithium Grease EP 3 (180кг) в шт'),(55,'ИНСп-40 (20 л) - масло для направляющих в шт'),(56,'ООО ТД ПОВОЛЖЬЕ-СМ (Восток Тлт)'),(57,'ВОЛГАТЕХСЕРВИС'),(58,'ЭВЕРЕСТ'),(59,'ИП Подовинников Максим Викторович'),(60,'ИП Авинов Евгений Павлович (ИП Авинов) '),(61,'ООО Лубритэк (как Покупатель в ИП)'),(62,'ООО Масла и Смазки (ДженКом)'),(63,'ЭВЕРЕСТ'),(64,'ООО Молния (ТК)'),(65,'ООО Лубритэк (Поставщик из базы ИП)'),(66,'СДЭК-Сервис (ТК из базы ИП)'),(67,'ООО ТД Дженерал Компани');
/*!40000 ALTER TABLE `allnames` ENABLE KEYS */;
UNLOCK TABLES;

--
-- Table structure for table `byers`
--

DROP TABLE IF EXISTS `byers`;
/*!40101 SET @saved_cs_client     = @@character_set_client */;
/*!40101 SET character_set_client = utf8 */;
CREATE TABLE `byers` (
  `byers_id` smallint(5) unsigned NOT NULL AUTO_INCREMENT,
  `byers_nameid` mediumint(8) unsigned NOT NULL,
  `ov_firstobp` float(5,2) unsigned DEFAULT NULL,
  `ov_tp` float(5,2) unsigned DEFAULT NULL,
  `ov_wt` float(4,2) unsigned DEFAULT NULL,
  `comment` varchar(300) COLLATE utf8_unicode_ci DEFAULT NULL,
  `onec_id` varchar(15) COLLATE utf8_unicode_ci DEFAULT NULL,
  `byers_uid` varchar(50) COLLATE utf8_unicode_ci DEFAULT NULL,
  PRIMARY KEY (`byers_id`),
  UNIQUE KEY `byers_uid` (`byers_uid`),
  KEY `byer_nameid` (`byers_nameid`),
  CONSTRAINT `byers_ibfk_1` FOREIGN KEY (`byers_nameid`) REFERENCES `allnames` (`nameid`) ON UPDATE CASCADE
) ENGINE=InnoDB AUTO_INCREMENT=13 DEFAULT CHARSET=utf8 COLLATE=utf8_unicode_ci;
/*!40101 SET character_set_client = @saved_cs_client */;

--
-- Dumping data for table `byers`
--

LOCK TABLES `byers` WRITE;
/*!40000 ALTER TABLE `byers` DISABLE KEYS */;
INSERT INTO `byers` VALUES (1,1,NULL,NULL,NULL,NULL,'﻿000000002','60e14d10-448f-11e8-8d93-50465d50a210'),(2,2,NULL,NULL,NULL,NULL,'000000007','50b0f68e-600d-11e8-a735-50465d50a210'),(3,7,NULL,NULL,NULL,NULL,'000000011','35a0ec13-6b16-11e8-908a-50465d50a210'),(4,8,NULL,NULL,NULL,NULL,'000000013','c77ccd19-744b-11e8-a626-50465d50a210'),(5,9,NULL,NULL,NULL,NULL,'000000014','c6d13880-7471-11e8-a626-50465d50a210'),(6,10,NULL,NULL,NULL,NULL,'000000022','e78314ca-832d-11e8-80b6-50465d50a210'),(7,11,NULL,NULL,NULL,NULL,'000000031','d2547c60-b820-11e8-b988-6c626df87d4c'),(8,12,NULL,NULL,NULL,NULL,'000000041','6d6a84af-9101-11e9-aee5-50465d50a210'),(9,57,NULL,NULL,NULL,NULL,'000000033','674dacef-2b92-11e9-941f-6c626df87d4c'),(10,58,NULL,NULL,NULL,NULL,'000000035','b40867d7-3b36-11e9-96d9-50465d50a210'),(11,60,NULL,NULL,NULL,NULL,'000000036','5e9c7309-3f30-11e9-be76-50465d50a210'),(12,61,NULL,NULL,NULL,NULL,'000000037','4d716a52-514c-11e9-aa6c-50465d50a210');
/*!40000 ALTER TABLE `byers` ENABLE KEYS */;
UNLOCK TABLES;

--
-- Table structure for table `executes`
--

DROP TABLE IF EXISTS `executes`;
/*!40101 SET @saved_cs_client     = @@character_set_client */;
/*!40101 SET character_set_client = utf8 */;
CREATE TABLE `executes` (
  `executes_id` mediumint(5) unsigned NOT NULL AUTO_INCREMENT,
  `executes_uid` varchar(50) COLLATE utf8_unicode_ci NOT NULL,
  `requests_uid` varchar(50) COLLATE utf8_unicode_ci NOT NULL,
  `executed` date NOT NULL,
  `execute_1c_num` varchar(15) COLLATE utf8_unicode_ci NOT NULL,
  PRIMARY KEY (`executes_id`)
) ENGINE=InnoDB AUTO_INCREMENT=33 DEFAULT CHARSET=utf8 COLLATE=utf8_unicode_ci;
/*!40101 SET character_set_client = @saved_cs_client */;

--
-- Dumping data for table `executes`
--

LOCK TABLES `executes` WRITE;
/*!40000 ALTER TABLE `executes` DISABLE KEYS */;
INSERT INTO `executes` VALUES (1,'﻿a1d6f483-9620-11e8-939d-50465d50a210','e78314d2-832d-11e8-80b6-50465d50a210','2018-08-08','00000000005'),(2,'1f3bb7c0-ea48-11e8-8362-50465d50a210','0a5a96ab-e34c-11e8-8112-50465d50a210','2018-11-21','00000000013'),(3,'73c13df0-0827-11e9-a44f-50465d50a210','17c839c8-fd3f-11e8-888d-6c626df87d4c','2018-12-26','00000000015'),(4,'6e05ed48-3383-11e9-a3a4-50465d50a210','1178b750-2f73-11e9-88bb-6c626df87f88','2019-02-20','00000000003'),(5,'598d84a2-d908-11e8-ae13-50465d50a210','2fe6f87b-d839-11e8-88f3-50465d50a210','2018-11-01','00000000012'),(6,'1506e748-40aa-11e9-b599-50465d50a210','e96faa34-3f2c-11e9-8945-6c626df87f88','2019-03-07','00000000005'),(7,'cb727ea5-6b1e-11e8-908a-50465d50a210','35a0ec1a-6b16-11e8-908a-50465d50a210','2018-06-09','00000000002'),(8,'062d8a2e-82af-11e9-9a40-6c626df87d4c','fd952f04-5f6a-11e9-9192-6c626df87f88','2019-05-30','00000000015'),(9,'e5658151-9c6b-11e8-98d4-50465d50a210','15c88e8f-964e-11e8-939d-50465d50a210','2018-08-10','00000000006'),(10,'4cffb310-5c2d-11e9-b1ba-50465d50a210','674dacf3-2b92-11e9-941f-6c626df87d4c','2019-04-15','00000000008'),(11,'a49f36bb-1ede-11e9-8344-50465d50a210','1a4373d7-17e4-11e9-9aab-6c626df87d4c','2019-01-23','00000000001'),(12,'b6150fb6-60fd-11e9-8bc3-50465d50a210','7fca886b-4653-11e9-9b90-6c626df87f88','2019-04-17','00000000011'),(13,'a3cf7f7a-8114-11e9-b71c-50465d50a210','bbac9c9c-2944-11e9-a0dd-6c626df87f88','2019-05-29','00000000013'),(14,'cf9ef7a3-35a1-11e9-a231-50465d50a210','bbac9c9d-2944-11e9-a0dd-6c626df87f88','2019-02-21','00000000004'),(15,'51915bc3-c0c8-11e8-a085-6c626df87d4c','754dd9b7-b1da-11e8-a0f6-6c626df87f88','2018-09-26','00000000010'),(16,'e2669c5b-5f34-11e8-9398-50465d50a210','82ef333e-49ec-11e8-a1f3-50465d50a210','2018-05-24','00000000001'),(17,'598d84a0-d908-11e8-ae13-50465d50a210','a70555fc-cafc-11e8-a571-6c626df87f88','2018-10-31','00000000011'),(18,'428e4b55-fc58-11e8-a590-50465d50a210','428e4b53-fc58-11e8-a590-50465d50a210','2018-12-10','00000000014'),(19,'59e8e384-b5bd-11e8-bb45-6c626df87d4c','c77ccd1f-744b-11e8-a626-50465d50a210','2018-09-12','00000000008'),(20,'59e8e385-b5bd-11e8-bb45-6c626df87d4c','c77ccd22-744b-11e8-a626-50465d50a210','2018-09-12','00000000009'),(21,'c77ccd25-744b-11e8-a626-50465d50a210','50b0f695-600d-11e8-a735-50465d50a210','2018-06-20','00000000003'),(22,'c589360e-455f-11e9-bfa3-6c626df87f88','f494f583-35cc-11e9-addb-6c626df87f88','2019-03-13','00000000006'),(23,'9ea1e258-9974-11e9-80dc-50465d50a210','6d6a84b5-9101-11e9-aee5-50465d50a210','2019-06-28','00000000019'),(24,'b6150fb5-60fd-11e9-8bc3-50465d50a210','213bb4ac-44b4-11e9-afdb-6c626df87f88','2019-04-17','00000000010'),(25,'b6150fb9-60fd-11e9-8bc3-50465d50a210','2cf27f8d-5ac3-11e9-b1ba-50465d50a210','2019-04-17','00000000012'),(26,'53ec9cde-9737-11e9-847c-50465d50a210','47e877a9-9260-11e9-b2c8-50465d50a210','2019-06-25','00000000017'),(27,'4a8689fb-affe-11e8-bda9-50465d50a210','fcb6aa5e-9a23-11e8-b693-50465d50a210','2018-09-04','00000000007'),(28,'81ec5c4f-9270-11e9-b2c8-50465d50a210','63a58a04-876a-11e9-b6a9-6c626df87d4c','2019-06-19','00000000016'),(29,'1a9cc1d5-840d-11e8-9f7d-50465d50a210','175c65f8-753d-11e8-ba40-50465d50a210','2018-07-10','00000000004'),(30,'981a36bf-2a12-11e9-9ba5-50465d50a210','bad860cd-b5c4-11e8-bb45-6c626df87d4c','2019-02-07','00000000002'),(31,'488e3cd3-81cf-11e9-b71c-50465d50a210','d19f02a7-757d-11e9-bf9e-6c626df87f88','2019-05-29','00000000014'),(32,'dc65e64b-5612-11e9-83dd-50465d50a210','8c3b9eed-4592-11e9-bfa3-6c626df87f88','2019-04-04','00000000007');
/*!40000 ALTER TABLE `executes` ENABLE KEYS */;
UNLOCK TABLES;

--
-- Table structure for table `giveaways`
--

DROP TABLE IF EXISTS `giveaways`;
/*!40101 SET @saved_cs_client     = @@character_set_client */;
/*!40101 SET character_set_client = utf8 */;
CREATE TABLE `giveaways` (
  `given_away` date NOT NULL,
  `giveaways_id` smallint(5) unsigned NOT NULL AUTO_INCREMENT,
  `comment` varchar(255) COLLATE utf8_unicode_ci DEFAULT NULL,
  `giveaway_sum` float(14,2) unsigned NOT NULL,
  `requestid` mediumint(8) unsigned NOT NULL,
  `byersid` smallint(5) unsigned NOT NULL,
  PRIMARY KEY (`giveaways_id`)
) ENGINE=InnoDB DEFAULT CHARSET=utf8 COLLATE=utf8_unicode_ci;
/*!40101 SET character_set_client = @saved_cs_client */;

--
-- Dumping data for table `giveaways`
--

LOCK TABLES `giveaways` WRITE;
/*!40000 ALTER TABLE `giveaways` DISABLE KEYS */;
/*!40000 ALTER TABLE `giveaways` ENABLE KEYS */;
UNLOCK TABLES;

--
-- Table structure for table `options`
--

DROP TABLE IF EXISTS `options`;
/*!40101 SET @saved_cs_client     = @@character_set_client */;
/*!40101 SET character_set_client = utf8 */;
CREATE TABLE `options` (
  `options_id` varchar(20) COLLATE utf8_unicode_ci NOT NULL DEFAULT 'general',
  `ga_period` enum('year','quarter','month') COLLATE utf8_unicode_ci NOT NULL DEFAULT 'year'
) ENGINE=InnoDB DEFAULT CHARSET=utf8 COLLATE=utf8_unicode_ci;
/*!40101 SET character_set_client = @saved_cs_client */;

--
-- Dumping data for table `options`
--

LOCK TABLES `options` WRITE;
/*!40000 ALTER TABLE `options` DISABLE KEYS */;
/*!40000 ALTER TABLE `options` ENABLE KEYS */;
UNLOCK TABLES;

--
-- Table structure for table `payments`
--

DROP TABLE IF EXISTS `payments`;
/*!40101 SET @saved_cs_client     = @@character_set_client */;
/*!40101 SET character_set_client = utf8 */;
CREATE TABLE `payments` (
  `payed` date NOT NULL,
  `payments_id` smallint(5) unsigned NOT NULL AUTO_INCREMENT,
  `onec_id` varchar(15) COLLATE utf8_unicode_ci DEFAULT NULL,
  `payments_uid` varchar(50) COLLATE utf8_unicode_ci DEFAULT NULL,
  `number` smallint(5) unsigned NOT NULL,
  `sum` float(14,2) unsigned NOT NULL,
  `requestid` mediumint(8) unsigned NOT NULL,
  PRIMARY KEY (`payments_id`),
  UNIQUE KEY `payments_uid` (`payments_uid`),
  KEY `requestid` (`requestid`),
  CONSTRAINT `payments_ibfk_1` FOREIGN KEY (`requestid`) REFERENCES `requests` (`requests_id`) ON UPDATE CASCADE
) ENGINE=InnoDB AUTO_INCREMENT=7 DEFAULT CHARSET=utf8 COLLATE=utf8_unicode_ci;
/*!40101 SET character_set_client = @saved_cs_client */;

--
-- Dumping data for table `payments`
--

LOCK TABLES `payments` WRITE;
/*!40000 ALTER TABLE `payments` DISABLE KEYS */;
INSERT INTO `payments` VALUES ('2018-10-16',1,'00000000018','dc35613b-d136-11e8-beb9-6c626df87d4c',686,30125.00,15),('2018-11-09',2,'00000000019','918fdb93-e433-11e8-9006-50465d50a210',789,37270.00,17),('2019-01-15',3,'00000000001','a49f36ba-1ede-11e9-8344-50465d50a210',21,30430.00,22),('2019-02-18',4,'00000000002','6e05ed47-3383-11e9-a3a4-50465d50a210',29,7950.00,27),('2019-04-10',5,'00000000004','9adda872-5b8b-11e9-b1ba-50465d50a210',74,14310.00,26),('2019-06-13',6,'﻿00000000020','1559b354-90de-11e9-aee5-50465d50a210',320,18200.00,42);
/*!40000 ALTER TABLE `payments` ENABLE KEYS */;
UNLOCK TABLES;

--
-- Table structure for table `pricings`
--

DROP TABLE IF EXISTS `pricings`;
/*!40101 SET @saved_cs_client     = @@character_set_client */;
/*!40101 SET character_set_client = utf8 */;
CREATE TABLE `pricings` (
  `pricingid` smallint(5) unsigned NOT NULL AUTO_INCREMENT,
  `positionid` smallint(5) unsigned NOT NULL,
  `tradeid` smallint(5) unsigned NOT NULL,
  `sellerid` smallint(5) unsigned DEFAULT NULL,
  `zak` float unsigned DEFAULT NULL,
  `kol` smallint(5) unsigned NOT NULL,
  `tzr` smallint(5) unsigned NOT NULL DEFAULT '0',
  `tzrknam` smallint(5) unsigned NOT NULL DEFAULT '0',
  `tzrkpok` smallint(5) unsigned NOT NULL DEFAULT '0',
  `wtime` float unsigned DEFAULT NULL,
  `fixed` smallint(5) unsigned NOT NULL,
  `op` float(9,2) unsigned NOT NULL,
  `tp` float(8,2) unsigned DEFAULT NULL,
  `opr` float unsigned NOT NULL,
  `tpr` float unsigned DEFAULT NULL,
  `firstobp` float unsigned DEFAULT NULL,
  `firstobpr` float unsigned DEFAULT NULL,
  `firstoh` float unsigned DEFAULT NULL,
  `marge` float unsigned DEFAULT NULL,
  `margek` float unsigned DEFAULT NULL,
  `rop` float unsigned DEFAULT NULL,
  `realop` float unsigned DEFAULT NULL,
  `rtp` float unsigned DEFAULT NULL,
  `realtp` float unsigned DEFAULT NULL,
  `clearp` float(9,2) unsigned DEFAULT NULL,
  `obp` float unsigned DEFAULT NULL,
  `oh` smallint(5) unsigned DEFAULT NULL,
  `price` float(14,3) unsigned NOT NULL,
  `rent` float unsigned NOT NULL,
  `winner` smallint(5) unsigned DEFAULT NULL,
  `wtr` float unsigned NOT NULL DEFAULT '0',
  `wtimeday` tinyint(3) unsigned NOT NULL DEFAULT '0',
  PRIMARY KEY (`pricingid`)
) ENGINE=InnoDB AUTO_INCREMENT=78 DEFAULT CHARSET=utf8 COLLATE=utf8_unicode_ci;
/*!40101 SET character_set_client = @saved_cs_client */;

--
-- Dumping data for table `pricings`
--

LOCK TABLES `pricings` WRITE;
/*!40000 ALTER TABLE `pricings` DISABLE KEYS */;
INSERT INTO `pricings` VALUES (2,2,7,0,0,1,0,0,0,0,0,0.00,0.00,0,NULL,0,NULL,NULL,NULL,NULL,NULL,NULL,NULL,NULL,NULL,NULL,NULL,89750.000,0,NULL,0,0),(3,3,8,0,0,1,0,0,0,0,0,0.00,0.00,0,NULL,0,NULL,NULL,NULL,NULL,NULL,NULL,NULL,NULL,NULL,NULL,NULL,5655.000,0,NULL,0,0),(4,4,10,0,0,2,0,0,0,0,0,0.00,0.00,0,NULL,0,NULL,NULL,NULL,NULL,NULL,NULL,NULL,NULL,NULL,NULL,NULL,900.000,0,NULL,0,0),(5,5,12,0,0,2,0,0,0,0,0,0.00,0.00,0,NULL,0,NULL,NULL,NULL,NULL,NULL,NULL,NULL,NULL,NULL,NULL,NULL,10500.000,0,NULL,0,0),(6,6,11,0,0,1,0,0,0,0,0,0.00,0.00,0,NULL,0,NULL,NULL,NULL,NULL,NULL,NULL,NULL,NULL,NULL,NULL,NULL,14500.000,0,NULL,0,0),(7,7,13,0,0,1,0,0,0,0,0,0.00,0.00,0,NULL,0,NULL,NULL,NULL,NULL,NULL,NULL,NULL,NULL,NULL,NULL,NULL,21975.000,0,NULL,0,0),(8,8,15,0,0,1,0,0,0,0,0,0.00,0.00,0,NULL,0,NULL,NULL,NULL,NULL,NULL,NULL,NULL,NULL,NULL,NULL,NULL,6700.000,0,NULL,0,0),(9,18,15,0,0,1,0,0,0,0,0,0.00,0.00,0,NULL,0,NULL,NULL,NULL,NULL,NULL,NULL,NULL,NULL,NULL,NULL,NULL,7000.000,0,NULL,0,0),(10,9,32,0,0,3,0,0,0,0,0,0.00,0.00,0,NULL,0,NULL,NULL,NULL,NULL,NULL,NULL,NULL,NULL,NULL,NULL,NULL,6000.000,0,NULL,0,0),(11,21,1,0,0,1,0,0,0,0,0,0.00,0.00,0,NULL,0,NULL,NULL,NULL,NULL,NULL,NULL,NULL,NULL,NULL,NULL,NULL,9750.000,0,NULL,0,0),(12,22,2,0,0,1,0,0,0,0,0,0.00,0.00,0,NULL,0,NULL,NULL,NULL,NULL,NULL,NULL,NULL,NULL,NULL,NULL,NULL,7750.000,0,NULL,0,0),(13,23,3,0,0,1,0,0,0,0,0,0.00,0.00,0,NULL,0,NULL,NULL,NULL,NULL,NULL,NULL,NULL,NULL,NULL,NULL,NULL,17500.000,0,NULL,0,0),(14,24,14,0,0,1,0,0,0,0,0,0.00,0.00,0,NULL,0,NULL,NULL,NULL,NULL,NULL,NULL,NULL,NULL,NULL,NULL,NULL,9325.000,0,NULL,0,0),(15,25,15,0,0,1,0,0,0,0,0,0.00,0.00,0,NULL,0,NULL,NULL,NULL,NULL,NULL,NULL,NULL,NULL,NULL,NULL,NULL,8875.000,0,NULL,0,0),(16,26,1,0,0,4,0,0,0,0,0,0.00,0.00,0,NULL,0,NULL,NULL,NULL,NULL,NULL,NULL,NULL,NULL,NULL,NULL,NULL,10250.000,0,NULL,0,0),(17,27,11,0,0,1,0,0,0,0,0,0.00,0.00,0,NULL,0,NULL,NULL,NULL,NULL,NULL,NULL,NULL,NULL,NULL,NULL,NULL,15000.000,0,NULL,0,0),(18,28,12,0,0,2,0,0,0,0,0,0.00,0.00,0,NULL,0,NULL,NULL,NULL,NULL,NULL,NULL,NULL,NULL,NULL,NULL,NULL,11000.000,0,NULL,0,0),(19,29,6,0,0,1,0,0,0,0,0,0.00,0.00,0,NULL,0,NULL,NULL,NULL,NULL,NULL,NULL,NULL,NULL,NULL,NULL,NULL,24775.000,0,NULL,0,0),(20,30,14,0,0,1,0,0,0,0,0,0.00,0.00,0,NULL,0,NULL,NULL,NULL,NULL,NULL,NULL,NULL,NULL,NULL,NULL,NULL,9325.000,0,NULL,0,0),(21,31,15,0,0,1,0,0,0,0,0,0.00,0.00,0,NULL,0,NULL,NULL,NULL,NULL,NULL,NULL,NULL,NULL,NULL,NULL,NULL,8875.000,0,NULL,0,0),(22,32,5,0,0,5,0,0,0,0,0,0.00,0.00,0,NULL,0,NULL,NULL,NULL,NULL,NULL,NULL,NULL,NULL,NULL,NULL,NULL,380.000,0,NULL,0,0),(23,33,6,0,0,1,0,0,0,0,0,0.00,0.00,0,NULL,0,NULL,NULL,NULL,NULL,NULL,NULL,NULL,NULL,NULL,NULL,NULL,24775.000,0,NULL,0,0),(24,34,1,0,0,3,0,0,0,0,0,0.00,0.00,0,NULL,0,NULL,NULL,NULL,NULL,NULL,NULL,NULL,NULL,NULL,NULL,NULL,10250.000,0,NULL,0,0),(25,35,21,0,0,1,0,0,0,0,0,0.00,0.00,0,NULL,0,NULL,NULL,NULL,NULL,NULL,NULL,NULL,NULL,NULL,NULL,NULL,1785.000,0,NULL,0,0),(26,36,14,0,0,1,0,0,0,0,0,0.00,0.00,0,NULL,0,NULL,NULL,NULL,NULL,NULL,NULL,NULL,NULL,NULL,NULL,NULL,9290.000,0,NULL,0,0),(27,37,15,0,0,1,0,0,0,0,0,0.00,0.00,0,NULL,0,NULL,NULL,NULL,NULL,NULL,NULL,NULL,NULL,NULL,NULL,NULL,8725.000,0,NULL,0,0),(28,38,1,0,0,1,0,0,0,0,0,0.00,0.00,0,NULL,0,NULL,NULL,NULL,NULL,NULL,NULL,NULL,NULL,NULL,NULL,NULL,9500.000,0,NULL,0,0),(29,39,24,0,0,1,0,0,0,0,0,0.00,0.00,0,NULL,0,NULL,NULL,NULL,NULL,NULL,NULL,NULL,NULL,NULL,NULL,NULL,7150.000,0,NULL,0,0),(30,40,1,0,0,2,0,0,0,0,0,0.00,0.00,0,NULL,0,NULL,NULL,NULL,NULL,NULL,NULL,NULL,NULL,NULL,NULL,NULL,9995.000,0,NULL,0,0),(31,16,14,0,0,3,0,0,0,0,0,0.00,0.00,0,NULL,0,NULL,NULL,NULL,NULL,NULL,NULL,NULL,NULL,NULL,NULL,NULL,8350.000,0,NULL,0,0),(32,17,19,0,0,4,0,0,0,0,0,0.00,0.00,0,NULL,0,NULL,NULL,NULL,NULL,NULL,NULL,NULL,NULL,NULL,NULL,NULL,520.000,0,NULL,0,0),(33,42,21,0,0,2,0,0,0,0,0,0.00,0.00,0,NULL,0,NULL,NULL,NULL,NULL,NULL,NULL,NULL,NULL,NULL,NULL,NULL,1775.000,0,NULL,0,0),(34,19,15,0,0,2,0,0,0,0,0,0.00,0.00,0,NULL,0,NULL,NULL,NULL,NULL,NULL,NULL,NULL,NULL,NULL,NULL,NULL,8375.000,0,NULL,0,0),(35,20,14,0,0,2,0,0,0,0,0,0.00,0.00,0,NULL,0,NULL,NULL,NULL,NULL,NULL,NULL,NULL,NULL,NULL,NULL,NULL,9250.000,0,NULL,0,0),(36,41,14,0,0,3,0,0,0,0,0,0.00,0.00,0,NULL,0,NULL,NULL,NULL,NULL,NULL,NULL,NULL,NULL,NULL,NULL,NULL,8795.000,0,NULL,0,0),(37,43,14,0,0,2,0,0,0,0,0,0.00,0.00,0,NULL,0,NULL,NULL,NULL,NULL,NULL,NULL,NULL,NULL,NULL,NULL,NULL,9350.000,0,NULL,0,0),(38,45,15,0,0,1,0,0,0,0,0,0.00,0.00,0,NULL,0,NULL,NULL,NULL,NULL,NULL,NULL,NULL,NULL,NULL,NULL,NULL,8750.000,0,NULL,0,0),(39,46,16,0,0,3,0,0,0,0,0,0.00,0.00,0,NULL,0,NULL,NULL,NULL,NULL,NULL,NULL,NULL,NULL,NULL,NULL,NULL,1400.000,0,NULL,0,0),(40,47,31,0,0,1,0,0,0,0,0,0.00,0.00,0,NULL,0,NULL,NULL,NULL,NULL,NULL,NULL,NULL,NULL,NULL,NULL,NULL,5950.000,0,NULL,0,0),(41,48,30,0,0,2,0,0,0,0,0,0.00,0.00,0,NULL,0,NULL,NULL,NULL,NULL,NULL,NULL,NULL,NULL,NULL,NULL,NULL,9100.000,0,NULL,0,0),(42,49,29,0,0,5,0,0,0,0,0,0.00,0.00,0,NULL,0,NULL,NULL,NULL,NULL,NULL,NULL,NULL,NULL,NULL,NULL,NULL,225.000,0,NULL,0,0),(43,50,36,0,0,3,0,0,0,0,0,0.00,0.00,0,NULL,0,NULL,NULL,NULL,NULL,NULL,NULL,NULL,NULL,NULL,NULL,NULL,2650.000,0,NULL,0,0),(44,51,28,0,0,36,0,0,0,0,0,0.00,0.00,0,NULL,0,NULL,NULL,NULL,NULL,NULL,NULL,NULL,NULL,NULL,NULL,NULL,795.000,0,NULL,0,0),(45,52,21,0,0,1,0,0,0,0,0,0.00,0.00,0,NULL,0,NULL,NULL,NULL,NULL,NULL,NULL,NULL,NULL,NULL,NULL,NULL,1800.000,0,NULL,0,0),(46,53,14,0,0,2,0,0,0,0,0,0.00,0.00,0,NULL,0,NULL,NULL,NULL,NULL,NULL,NULL,NULL,NULL,NULL,NULL,NULL,9350.000,0,NULL,0,0),(47,54,15,0,0,1,0,0,0,0,0,0.00,0.00,0,NULL,0,NULL,NULL,NULL,NULL,NULL,NULL,NULL,NULL,NULL,NULL,NULL,8750.000,0,NULL,0,0),(48,55,11,0,0,1,0,0,0,0,0,0.00,0.00,0,NULL,0,NULL,NULL,NULL,NULL,NULL,NULL,NULL,NULL,NULL,NULL,NULL,14950.000,0,NULL,0,0),(49,56,12,0,0,2,0,0,0,0,0,0.00,0.00,0,NULL,0,NULL,NULL,NULL,NULL,NULL,NULL,NULL,NULL,NULL,NULL,NULL,10975.000,0,NULL,0,0),(50,57,21,0,0,2,0,0,0,0,0,0.00,0.00,0,NULL,0,NULL,NULL,NULL,NULL,NULL,NULL,NULL,NULL,NULL,NULL,NULL,1795.000,0,NULL,0,0),(51,58,14,0,0,1,0,0,0,0,0,0.00,0.00,0,NULL,0,NULL,NULL,NULL,NULL,NULL,NULL,NULL,NULL,NULL,NULL,NULL,9350.000,0,NULL,0,0),(52,59,15,0,0,2,0,0,0,0,0,0.00,0.00,0,NULL,0,NULL,NULL,NULL,NULL,NULL,NULL,NULL,NULL,NULL,NULL,NULL,8745.000,0,NULL,0,0),(53,15,27,0,0,12,0,0,0,0,0,0.00,0.00,0,NULL,0,NULL,NULL,NULL,NULL,NULL,NULL,NULL,NULL,NULL,NULL,NULL,4950.000,0,NULL,0,0),(54,44,21,0,0,2,0,0,0,0,0,0.00,0.00,0,NULL,0,NULL,NULL,NULL,NULL,NULL,NULL,NULL,NULL,NULL,NULL,NULL,1750.000,0,NULL,0,0),(55,60,19,0,0,4,0,0,0,0,0,0.00,0.00,0,NULL,0,NULL,NULL,NULL,NULL,NULL,NULL,NULL,NULL,NULL,NULL,NULL,525.000,0,NULL,0,0),(56,61,14,0,0,1,0,0,0,0,0,0.00,0.00,0,NULL,0,NULL,NULL,NULL,NULL,NULL,NULL,NULL,NULL,NULL,NULL,NULL,9250.000,0,NULL,0,0),(57,62,26,0,0,1,0,0,0,0,0,0.00,0.00,0,NULL,0,NULL,NULL,NULL,NULL,NULL,NULL,NULL,NULL,NULL,NULL,NULL,19500.000,0,NULL,0,0),(58,14,23,0,0,1,0,0,0,0,0,0.00,0.00,0,NULL,0,NULL,NULL,NULL,NULL,NULL,NULL,NULL,NULL,NULL,NULL,NULL,12100.000,0,NULL,0,0),(59,13,25,0,0,30,0,0,0,0,0,0.00,0.00,0,NULL,0,NULL,NULL,NULL,NULL,NULL,NULL,NULL,NULL,NULL,NULL,NULL,23900.000,0,NULL,0,0),(60,12,33,0,0,30,0,0,0,0,0,0.00,0.00,0,NULL,0,NULL,NULL,NULL,NULL,NULL,NULL,NULL,NULL,NULL,NULL,NULL,33950.000,0,NULL,0,0),(61,63,24,0,0,1,0,0,0,0,0,0.00,0.00,0,NULL,0,NULL,NULL,NULL,NULL,NULL,NULL,NULL,NULL,NULL,NULL,NULL,6995.000,0,NULL,0,0),(62,64,14,0,0,2,0,0,0,0,0,0.00,0.00,0,NULL,0,NULL,NULL,NULL,NULL,NULL,NULL,NULL,NULL,NULL,NULL,NULL,9225.000,0,NULL,0,0),(63,65,15,0,0,1,0,0,0,0,0,0.00,0.00,0,NULL,0,NULL,NULL,NULL,NULL,NULL,NULL,NULL,NULL,NULL,NULL,NULL,8525.000,0,NULL,0,0),(64,66,21,0,0,2,0,0,0,0,0,0.00,0.00,0,NULL,0,NULL,NULL,NULL,NULL,NULL,NULL,NULL,NULL,NULL,NULL,NULL,1650.000,0,NULL,0,0),(65,11,1,0,0,2,0,0,0,0,0,0.00,0.00,0,NULL,0,NULL,NULL,NULL,NULL,NULL,NULL,NULL,NULL,NULL,NULL,NULL,9575.000,0,NULL,0,0),(66,67,15,0,0,1,0,0,0,0,0,0.00,0.00,0,NULL,0,NULL,NULL,NULL,NULL,NULL,NULL,NULL,NULL,NULL,NULL,NULL,8525.000,0,NULL,0,0),(67,68,14,0,0,2,0,0,0,0,0,0.00,0.00,0,NULL,0,NULL,NULL,NULL,NULL,NULL,NULL,NULL,NULL,NULL,NULL,NULL,9225.000,0,NULL,0,0),(68,69,21,0,0,2,0,0,0,0,0,0.00,0.00,0,NULL,0,NULL,NULL,NULL,NULL,NULL,NULL,NULL,NULL,NULL,NULL,NULL,1575.000,0,NULL,0,0),(69,70,1,0,0,2,0,0,0,0,0,0.00,0.00,0,NULL,0,NULL,NULL,NULL,NULL,NULL,NULL,NULL,NULL,NULL,NULL,NULL,9575.000,0,NULL,0,0),(70,71,23,0,0,1,0,0,0,0,0,0.00,0.00,0,NULL,0,NULL,NULL,NULL,NULL,NULL,NULL,NULL,NULL,NULL,NULL,NULL,12100.000,0,NULL,0,0),(71,10,22,0,0,1,0,0,0,0,0,0.00,0.00,0,NULL,0,NULL,NULL,NULL,NULL,NULL,NULL,NULL,NULL,NULL,NULL,NULL,62000.000,0,NULL,0,0),(72,72,11,0,0,1,0,0,0,0,0,0.00,0.00,0,NULL,0,NULL,NULL,NULL,NULL,NULL,NULL,NULL,NULL,NULL,NULL,NULL,14250.000,0,NULL,0,0),(73,73,12,0,0,2,0,0,0,0,0,0.00,0.00,0,NULL,0,NULL,NULL,NULL,NULL,NULL,NULL,NULL,NULL,NULL,NULL,NULL,10650.000,0,NULL,0,0),(74,74,21,0,0,2,0,0,0,0,0,0.00,0.00,0,NULL,0,NULL,NULL,NULL,NULL,NULL,NULL,NULL,NULL,NULL,NULL,NULL,1575.000,0,NULL,0,0),(75,75,19,0,0,4,0,0,0,0,0,0.00,0.00,0,NULL,0,NULL,NULL,NULL,NULL,NULL,NULL,NULL,NULL,NULL,NULL,NULL,520.000,0,NULL,0,0),(76,76,21,0,0,1,0,0,0,0,0,0.00,0.00,0,NULL,0,NULL,NULL,NULL,NULL,NULL,NULL,NULL,NULL,NULL,NULL,NULL,1550.000,0,NULL,0,0),(77,77,1,0,0,1,0,0,0,0,0,0.00,0.00,0,NULL,0,NULL,NULL,NULL,NULL,NULL,NULL,NULL,NULL,NULL,NULL,NULL,9500.000,0,NULL,0,0);
/*!40000 ALTER TABLE `pricings` ENABLE KEYS */;
UNLOCK TABLES;

--
-- Table structure for table `purchases`
--

DROP TABLE IF EXISTS `purchases`;
/*!40101 SET @saved_cs_client     = @@character_set_client */;
/*!40101 SET character_set_client = utf8 */;
CREATE TABLE `purchases` (
  `purchases_id` smallint(5) unsigned NOT NULL AUTO_INCREMENT,
  `purchases_uid` varchar(50) COLLATE utf8_unicode_ci DEFAULT NULL,
  `positionid` smallint(5) unsigned DEFAULT NULL,
  `seller_uid` varchar(50) COLLATE utf8_unicode_ci DEFAULT NULL,
  `incdoc_num` varchar(20) COLLATE utf8_unicode_ci DEFAULT NULL,
  `incdoc_date` date NOT NULL,
  `line_num` tinyint(2) unsigned NOT NULL,
  `trade_uid` varchar(50) COLLATE utf8_unicode_ci DEFAULT NULL,
  `kol` smallint(5) unsigned NOT NULL,
  `price` float(14,2) unsigned NOT NULL,
  `sum` float(14,2) unsigned NOT NULL,
  PRIMARY KEY (`purchases_id`)
) ENGINE=InnoDB AUTO_INCREMENT=64 DEFAULT CHARSET=utf8 COLLATE=utf8_unicode_ci;
/*!40101 SET character_set_client = @saved_cs_client */;

--
-- Dumping data for table `purchases`
--

LOCK TABLES `purchases` WRITE;
/*!40000 ALTER TABLE `purchases` DISABLE KEYS */;
INSERT INTO `purchases` VALUES (1,'﻿e2669c59-5f34-11e8-9398-50465d50a210',NULL,'69ff2139-59be-11e8-8e61-50465d50a210','1','2018-05-24',1,'82ef333b-49ec-11e8-a1f3-50465d50a210',1,6998.73,6998.73),(2,'c77ccd23-744b-11e8-a626-50465d50a210',NULL,'f8fc4c99-6a54-11e8-bdde-50465d50a210','61','2018-06-09',1,'50b0f693-600d-11e8-a735-50465d50a210',1,3355.00,3355.00),(3,'cb727ea1-6b1e-11e8-908a-50465d50a210',NULL,'35a0ec1b-6b16-11e8-908a-50465d50a210','ВК9578','2018-06-09',1,'35a0ec18-6b16-11e8-908a-50465d50a210',2,719.90,1439.80),(4,'39ef80c3-7acb-11e8-b6fa-50465d50a210',NULL,'430a2ccc-786b-11e8-b212-50465d50a210','733','2018-06-26',1,'430a2cd5-786b-11e8-b212-50465d50a210',2,4700.00,9400.00),(5,'5ae9042b-b64e-11e8-8619-50465d50a210',NULL,'e6156b5e-7ab8-11e8-b6fa-50465d50a210','492','2018-06-29',1,'29d44ad9-7ad2-11e8-b6fa-50465d50a210',1,1040.00,1040.00),(6,'0b8973b5-8408-11e8-8e4f-6c626df87d4c',NULL,'35a0ec1b-6b16-11e8-908a-50465d50a210','ВК000011499','2018-07-10',1,'175c65f6-753d-11e8-ba40-50465d50a210',1,15100.00,15100.00),(7,'1036d387-88eb-11e8-bb0d-50465d50a210',NULL,'1036d380-88eb-11e8-bb0d-50465d50a210','751','2018-07-11',1,'1036d383-88eb-11e8-bb0d-50465d50a210',1,0.00,0.00),(8,'1036d387-88eb-11e8-bb0d-50465d50a210',NULL,'1036d380-88eb-11e8-bb0d-50465d50a210','751','2018-07-11',2,'c6d1387b-7471-11e8-a626-50465d50a210',1,10400.00,10400.00),(9,'772f8457-8c1a-11e8-9286-50465d50a210',NULL,'430a2ccc-786b-11e8-b212-50465d50a210','835','2018-07-18',1,'430a2cd3-786b-11e8-b212-50465d50a210',3,5950.00,17850.00),(10,'a1d6f481-9620-11e8-939d-50465d50a210',NULL,'424ec46a-9575-11e8-a1c1-50465d50a210','1578','2018-08-02',1,'e78314d0-832d-11e8-80b6-50465d50a210',4,387.04,1548.16),(11,'e5658150-9c6b-11e8-98d4-50465d50a210',NULL,'e824f043-9a15-11e8-b693-50465d50a210','289','2018-08-08',1,'15c88e8d-964e-11e8-939d-50465d50a210',3,4319.00,12957.00),(12,'e5658152-9c6b-11e8-98d4-50465d50a210',NULL,'424ec46a-9575-11e8-a1c1-50465d50a210','1628','2018-08-10',1,'e78314d0-832d-11e8-80b6-50465d50a210',4,375.24,1500.96),(13,'e5658153-9c6b-11e8-98d4-50465d50a210',NULL,'6b4d142b-9bab-11e8-9ea5-50465d50a210','1647','2018-08-10',1,'fcb6aa5f-9a23-11e8-b693-50465d50a210',2,1140.11,2280.21),(14,'4a8689f9-affe-11e8-bda9-50465d50a210',NULL,'430a2ccc-786b-11e8-b212-50465d50a210','1025','2018-08-30',1,'430a2cd3-786b-11e8-b212-50465d50a210',3,6556.00,19668.00),(15,'4a8689f9-affe-11e8-bda9-50465d50a210',NULL,'430a2ccc-786b-11e8-b212-50465d50a210','1025','2018-08-30',2,'430a2cd5-786b-11e8-b212-50465d50a210',1,5918.00,5918.00),(16,'59e8e381-b5bd-11e8-bb45-6c626df87d4c',NULL,'59e8e377-b5bd-11e8-bb45-6c626df87d4c','1085','2018-09-11',1,'c77ccd20-744b-11e8-a626-50465d50a210',1,9600.00,9600.00),(17,'69a4ff69-b675-11e8-821f-6c626df87d4c',NULL,'59e8e377-b5bd-11e8-bb45-6c626df87d4c','1086','2018-09-12',1,'c77ccd20-744b-11e8-a626-50465d50a210',1,9844.00,9844.00),(18,'b39f681e-c019-11e8-9ad9-50465d50a210',NULL,'59e8e372-b5bd-11e8-bb45-6c626df87d4c','Е5083','2018-09-14',1,'430a2cd5-786b-11e8-b212-50465d50a210',1,6026.00,6026.00),(19,'b39f681e-c019-11e8-9ad9-50465d50a210',NULL,'59e8e372-b5bd-11e8-bb45-6c626df87d4c','Е5083','2018-09-14',2,'430a2cd3-786b-11e8-b212-50465d50a210',2,6344.00,12688.00),(20,'34a382b9-c321-11e8-9996-6c626df87d4c',NULL,'69ff2139-59be-11e8-8e61-50465d50a210','1291','2018-09-14',1,'82ef333b-49ec-11e8-a1f3-50465d50a210',2,7591.97,15183.94),(21,'34a382b9-c321-11e8-9996-6c626df87d4c',NULL,'69ff2139-59be-11e8-8e61-50465d50a210','1291','2018-09-14',2,'d2547c64-b820-11e8-b988-6c626df87d4c',1,9936.16,9936.16),(22,'51915bc0-c0c8-11e8-a085-6c626df87d4c',NULL,'6b4d142b-9bab-11e8-9ea5-50465d50a210','2007','2018-09-25',1,'fcb6aa5f-9a23-11e8-b693-50465d50a210',1,1019.99,1019.99),(23,'b51c6914-d2b9-11e8-a27a-6c626df87d4c',NULL,'6b4d142b-9bab-11e8-9ea5-50465d50a210','2191','2018-10-18',1,'fcb6aa5f-9a23-11e8-b693-50465d50a210',2,1200.05,2400.09),(24,'598d849f-d908-11e8-ae13-50465d50a210',NULL,'59e8e372-b5bd-11e8-bb45-6c626df87d4c','Е5897','2018-10-24',1,'430a2cd5-786b-11e8-b212-50465d50a210',1,6026.00,6026.00),(25,'598d849f-d908-11e8-ae13-50465d50a210',NULL,'59e8e372-b5bd-11e8-bb45-6c626df87d4c','Е5897','2018-10-24',2,'430a2cd3-786b-11e8-b212-50465d50a210',2,6344.00,12688.00),(26,'fb92d97a-e8c4-11e8-887e-6c626df87d4c',NULL,'59e8e372-b5bd-11e8-bb45-6c626df87d4c','Е6247','2018-11-13',1,'430a2cd5-786b-11e8-b212-50465d50a210',1,6026.00,6026.00),(27,'fb92d97a-e8c4-11e8-887e-6c626df87d4c',NULL,'59e8e372-b5bd-11e8-bb45-6c626df87d4c','Е6247','2018-11-13',2,'430a2cd3-786b-11e8-b212-50465d50a210',2,6344.00,12688.00),(28,'fb92d97a-e8c4-11e8-887e-6c626df87d4c',NULL,'59e8e372-b5bd-11e8-bb45-6c626df87d4c','Е6247','2018-11-13',3,'0a5a96a9-e34c-11e8-8112-50465d50a210',1,4982.00,4982.00),(29,'1f3bb7be-ea48-11e8-8362-50465d50a210',NULL,'6b4d142b-9bab-11e8-9ea5-50465d50a210','2442','2018-11-16',1,'fcb6aa5f-9a23-11e8-b693-50465d50a210',2,1239.93,2479.86),(30,'d44fa56d-0391-11e9-8fd9-6c626df87d4c',NULL,'6b4d142b-9bab-11e8-9ea5-50465d50a210','2758','2018-12-19',1,'fcb6aa5f-9a23-11e8-b693-50465d50a210',2,1300.11,2600.22),(31,'73c13def-0827-11e9-a44f-50465d50a210',NULL,'59e8e372-b5bd-11e8-bb45-6c626df87d4c','Е7035','2018-12-21',1,'430a2cd3-786b-11e8-b212-50465d50a210',1,6344.00,6344.00),(32,'73c13def-0827-11e9-a44f-50465d50a210',NULL,'59e8e372-b5bd-11e8-bb45-6c626df87d4c','Е7035','2018-12-21',2,'17c839c6-fd3f-11e8-888d-6c626df87d4c',1,13639.00,13639.00),(33,'73c13ded-0827-11e9-a44f-50465d50a210',NULL,'424ec46a-9575-11e8-a1c1-50465d50a210','2715','2018-12-26',1,'e78314d0-832d-11e8-80b6-50465d50a210',4,375.24,1500.96),(34,'a49f36b7-1ede-11e9-8344-50465d50a210',NULL,'59e8e372-b5bd-11e8-bb45-6c626df87d4c','Е55','2019-01-17',1,'430a2cd3-786b-11e8-b212-50465d50a210',1,6471.00,6471.00),(35,'a49f36b7-1ede-11e9-8344-50465d50a210',NULL,'59e8e372-b5bd-11e8-bb45-6c626df87d4c','Е55','2019-01-17',2,'430a2cd5-786b-11e8-b212-50465d50a210',2,6147.00,12294.00),(36,'a49f36b8-1ede-11e9-8344-50465d50a210',NULL,'6b4d142b-9bab-11e8-9ea5-50465d50a210','77','2019-01-21',1,'fcb6aa5f-9a23-11e8-b693-50465d50a210',4,1315.00,5260.00),(37,'981a36be-2a12-11e9-9ba5-50465d50a210',NULL,'1036d380-88eb-11e8-bb0d-50465d50a210','1','2019-02-06',1,'c6d1387b-7471-11e8-a626-50465d50a210',2,10399.00,20798.00),(38,'cf9ef7a2-35a1-11e9-a231-50465d50a210',NULL,'59e8e372-b5bd-11e8-bb45-6c626df87d4c','Е216','2019-02-11',1,'430a2cd5-786b-11e8-b212-50465d50a210',1,6128.00,6128.00),(39,'cf9ef7a2-35a1-11e9-a231-50465d50a210',NULL,'59e8e372-b5bd-11e8-bb45-6c626df87d4c','Е216','2019-02-11',2,'430a2cd3-786b-11e8-b212-50465d50a210',2,6452.00,12904.00),(40,'bbaed545-2ea6-11e9-ba97-50465d50a210',NULL,'1036d380-88eb-11e8-bb0d-50465d50a210','119','2019-02-12',1,'c6d1387b-7471-11e8-a626-50465d50a210',1,9600.00,9600.00),(41,'6e05ed46-3383-11e9-a3a4-50465d50a210',NULL,'59e8e377-b5bd-11e8-bb45-6c626df87d4c','170','2019-02-13',1,'1178b74c-2f73-11e9-88bb-6c626df87f88',3,1989.90,5969.70),(42,'eebd84bd-6441-11e9-80b8-50465d50a210',NULL,'e6156b5e-7ab8-11e8-b6fa-50465d50a210','1','2019-03-07',1,'29d44ad9-7ad2-11e8-b6fa-50465d50a210',3,1150.00,3450.00),(43,'eebd84bd-6441-11e9-80b8-50465d50a210',NULL,'e6156b5e-7ab8-11e8-b6fa-50465d50a210','1','2019-03-07',2,'e96faa32-3f2c-11e9-8945-6c626df87f88',1,4962.00,4962.00),(44,'eebd84bb-6441-11e9-80b8-50465d50a210',NULL,'4d716a52-514c-11e9-aa6c-50465d50a210','33','2019-03-11',1,'f494f581-35cc-11e9-addb-6c626df87f88',2,6120.00,12240.00),(45,'eebd84bb-6441-11e9-80b8-50465d50a210',NULL,'4d716a52-514c-11e9-aa6c-50465d50a210','33','2019-03-11',2,'c6d1387b-7471-11e8-a626-50465d50a210',2,9000.00,18000.00),(46,'eebd84bb-6441-11e9-80b8-50465d50a210',NULL,'4d716a52-514c-11e9-aa6c-50465d50a210','33','2019-03-11',3,'c77ccd20-744b-11e8-a626-50465d50a210',1,12000.00,12000.00),(47,'f7ee2d9b-594f-11e9-9be7-50465d50a210',NULL,'69ff2139-59be-11e8-8e61-50465d50a210','351','2019-03-26',1,'82ef333b-49ec-11e8-a1f3-50465d50a210',2,7492.57,14985.14),(48,'f7ee2d98-594f-11e9-9be7-50465d50a210',NULL,'59e8e372-b5bd-11e8-bb45-6c626df87d4c','Е541','2019-03-27',1,'430a2cd5-786b-11e8-b212-50465d50a210',1,6128.00,6128.00),(49,'f7ee2d98-594f-11e9-9be7-50465d50a210',NULL,'59e8e372-b5bd-11e8-bb45-6c626df87d4c','Е541','2019-03-27',2,'430a2cd3-786b-11e8-b212-50465d50a210',2,6452.00,12904.00),(50,'f7ee2d99-594f-11e9-9be7-50465d50a210',NULL,'59e8e372-b5bd-11e8-bb45-6c626df87d4c','Е542','2019-03-27',1,'0a5a96a9-e34c-11e8-8112-50465d50a210',1,5066.00,5066.00),(51,'38a609c7-5f52-11e9-8bc3-50465d50a210',NULL,'6b4d142b-9bab-11e8-9ea5-50465d50a210','505','2019-03-28',1,'fcb6aa5f-9a23-11e8-b693-50465d50a210',2,1204.92,2409.84),(52,'dc65e64a-5612-11e9-83dd-50465d50a210',NULL,'69ff2139-59be-11e8-8e61-50465d50a210','416','2019-04-05',1,'82ef333b-49ec-11e8-a1f3-50465d50a210',3,7500.04,22500.11),(53,'4cffb30f-5c2d-11e9-b1ba-50465d50a210',NULL,'69ff2139-59be-11e8-8e61-50465d50a210','417','2019-04-05',1,'674dacf4-2b92-11e9-941f-6c626df87d4c',36,558.87,20119.18),(54,'6fff3e9a-6081-11e9-8bc3-50465d50a210',NULL,'6b4d142b-9bab-11e8-9ea5-50465d50a210','655','2019-04-16',1,'fcb6aa5f-9a23-11e8-b693-50465d50a210',1,1165.08,1165.08),(55,'b6150fb7-60fd-11e9-8bc3-50465d50a210',NULL,'59e8e372-b5bd-11e8-bb45-6c626df87d4c','1','2019-04-17',1,'430a2cd5-786b-11e8-b212-50465d50a210',1,6128.00,6128.00),(56,'b6150fb7-60fd-11e9-8bc3-50465d50a210',NULL,'59e8e372-b5bd-11e8-bb45-6c626df87d4c','1','2019-04-17',2,'430a2cd3-786b-11e8-b212-50465d50a210',1,6452.00,6452.00),(57,'d804e522-8146-11e9-980a-6c626df87d4c',NULL,'59e8e372-b5bd-11e8-bb45-6c626df87d4c','E854','2019-05-15',1,'430a2cd5-786b-11e8-b212-50465d50a210',1,6128.00,6128.00),(58,'d804e522-8146-11e9-980a-6c626df87d4c',NULL,'59e8e372-b5bd-11e8-bb45-6c626df87d4c','E854','2019-05-15',2,'430a2cd3-786b-11e8-b212-50465d50a210',1,6452.00,6452.00),(59,'86774644-78a6-11e9-a1fc-50465d50a210',NULL,'35a0ec1b-6b16-11e8-908a-50465d50a210','ВК16225','0001-01-01',1,'d19f02a5-757d-11e9-bf9e-6c626df87f88',5,269.10,1345.50),(60,'53ec9cdd-9737-11e9-847c-50465d50a210',NULL,'59e8e372-b5bd-11e8-bb45-6c626df87d4c','1','2019-06-25',1,'47e877a7-9260-11e9-b2c8-50465d50a210',1,5000.00,5000.00),(61,'578a0b3f-98d9-11e9-ab0c-6c626df87d4c',NULL,'59e8e372-b5bd-11e8-bb45-6c626df87d4c','1','2019-06-27',1,'430a2cd5-786b-11e8-b212-50465d50a210',1,6128.00,6128.00),(62,'578a0b3f-98d9-11e9-ab0c-6c626df87d4c',NULL,'59e8e372-b5bd-11e8-bb45-6c626df87d4c','1','2019-06-27',2,'430a2cd3-786b-11e8-b212-50465d50a210',1,6452.00,6452.00),(63,'9ea1e257-9974-11e9-80dc-50465d50a210',NULL,'ead802f2-980b-11e9-807c-50465d50a210','19062801','2019-06-28',1,'6d6a84b3-9101-11e9-aee5-50465d50a210',1,12350.00,12350.00);
/*!40000 ALTER TABLE `purchases` ENABLE KEYS */;
UNLOCK TABLES;

--
-- Table structure for table `req_positions`
--

DROP TABLE IF EXISTS `req_positions`;
/*!40101 SET @saved_cs_client     = @@character_set_client */;
/*!40101 SET character_set_client = utf8 */;
CREATE TABLE `req_positions` (
  `req_positionid` smallint(5) unsigned NOT NULL AUTO_INCREMENT,
  `pos_name` varchar(255) COLLATE utf8_unicode_ci DEFAULT NULL,
  `winnerid` smallint(5) unsigned NOT NULL DEFAULT '0',
  `requestid` mediumint(8) unsigned NOT NULL,
  `line_num` tinyint(2) unsigned NOT NULL,
  `giveaway` tinyint(1) DEFAULT NULL,
  `queen` tinyint(1) DEFAULT NULL,
  `ov_op` float(5,2) unsigned DEFAULT NULL,
  `ov_tp` float(5,2) unsigned DEFAULT NULL,
  `ov_firstobp` float(5,2) unsigned DEFAULT NULL,
  `ov_wt` float(4,2) unsigned DEFAULT NULL,
  `purchase_id` smallint(5) unsigned DEFAULT NULL,
  `purchased` date DEFAULT NULL,
  PRIMARY KEY (`req_positionid`),
  KEY `requestid` (`requestid`)
) ENGINE=InnoDB AUTO_INCREMENT=78 DEFAULT CHARSET=utf8 COLLATE=utf8_unicode_ci;
/*!40101 SET character_set_client = @saved_cs_client */;

--
-- Dumping data for table `req_positions`
--

LOCK TABLES `req_positions` WRITE;
/*!40000 ALTER TABLE `req_positions` DISABLE KEYS */;
INSERT INTO `req_positions` VALUES (2,'СОЖ Avantin 361 I-N (180 кг) в шт в количестве  1шт по цене 89750 руб. на сумму 89750\n руб.',2,2,1,NULL,NULL,NULL,NULL,NULL,NULL,NULL,NULL),(3,'Электропроводящая смазка СУПЕРКОНТ СКМ (1.1кг) в шт в количестве  1шт по цене 5655 руб. на сумму 5655\n руб.',3,3,1,NULL,NULL,NULL,NULL,NULL,NULL,NULL,NULL),(4,'Масло гидравлическое МГЕ-46 В (10л) в шт в количестве  2шт по цене 900 руб. на сумму 1800\n руб.',4,4,1,NULL,NULL,NULL,NULL,NULL,NULL,NULL,NULL),(5,'И-20 А (216,5л/180 кг) - масло индустриальное  в шт в количестве  2шт по цене 10500 руб. на сумму 21000\n руб.',5,5,1,NULL,NULL,NULL,NULL,NULL,NULL,NULL,NULL),(6,'Нефрас С2 80/120 (216,5 л) в шт в количестве  1шт по цене 14500 руб. на сумму 14500\n руб.',6,6,1,NULL,NULL,NULL,NULL,NULL,NULL,NULL,NULL),(7,'Масло Optigear Synt  RO 150 (20л) в шт в количестве  1шт по цене 21975 руб. на сумму 21975\n руб.',7,7,1,NULL,NULL,NULL,NULL,NULL,NULL,NULL,NULL),(8,'Shell Corena S3 R 68 (20л)- компрессорное масло в шт в количестве  1шт по цене 6700 руб. на сумму 6700\n руб.',8,8,1,NULL,NULL,NULL,NULL,NULL,NULL,NULL,NULL),(9,'Смазка Castrol Optitemp RB-1 для протяжки (1кг)  в шт в количестве  3шт по цене 6000 руб. на сумму 18000\n руб.',10,9,1,NULL,NULL,NULL,NULL,NULL,NULL,NULL,NULL),(10,'Жидкость СИГБОЛ (0,455кг) ТУ 38.101741-78 (с изм.1-6) присадка антистатическая  в шт в количестве  1шт по цене 62000 руб. на сумму 62000\n руб.',71,13,1,NULL,NULL,NULL,NULL,NULL,NULL,NULL,NULL),(11,'СОЖ Avantin 361 I-N (18 кг) в шт в количестве  2шт по цене 9575 руб. на сумму 19150\n руб.',65,16,1,NULL,NULL,NULL,NULL,NULL,NULL,NULL,NULL),(12,'Смазка Lithium Grease EP 3 (180кг) в шт в количестве  30шт по цене 33950 руб. на сумму 1018500\n руб.',60,18,1,NULL,NULL,NULL,NULL,NULL,NULL,NULL,NULL),(13,'Смазка Литол-24 (180кг) в шт в количестве  30шт по цене 23900 руб. на сумму 717000\n руб.',59,19,1,NULL,NULL,NULL,NULL,NULL,NULL,NULL,NULL),(14,'Бактерицид BECHEM BAKTERIZID RH (5 кг) в шт в количестве  1шт по цене 12100 руб. на сумму 12100\n руб.',58,20,1,NULL,NULL,NULL,NULL,NULL,NULL,NULL,NULL),(15,'Смазка Berutemp PA 1 MO (1 кг) в шт в количестве  12шт по цене 4950 руб. на сумму 59400\n руб.',53,23,1,NULL,NULL,NULL,NULL,NULL,NULL,NULL,NULL),(16,'Shell Corena S2 P 150 (Corena P 150) (20л)- компрессорное масло в шт в количестве  3шт по цене 8350 руб. на сумму 25050\n руб.',31,8,2,NULL,NULL,NULL,NULL,NULL,NULL,NULL,NULL),(17,'Масло вазелиновое МХ-250 с пищ доп. минеральное(канистра 4 кг) в шт в количестве  4шт по цене 520 руб. на сумму 2080\n руб.',32,8,3,NULL,NULL,NULL,NULL,NULL,NULL,NULL,NULL),(18,'Shell Corena S3 R 68 (20л)- компрессорное масло в шт в количестве  1шт по цене 7000 руб. на сумму 7000\n руб.',9,10,1,NULL,NULL,NULL,NULL,NULL,NULL,NULL,NULL),(19,'Shell Corena S3 R 68 (20л)- компрессорное масло в шт в количестве  2шт по цене 8375 руб. на сумму 16750\n руб.',34,11,1,NULL,NULL,NULL,NULL,NULL,NULL,NULL,NULL),(20,'Shell Corena S2 P 150 (Corena P 150) (20л)- компрессорное масло в шт в количестве  2шт по цене 9250 руб. на сумму 18500\n руб.',35,11,2,NULL,NULL,NULL,NULL,NULL,NULL,NULL,NULL),(21,'СОЖ Avantin 361 I-N (18 кг) в шт в количестве  1шт по цене 9750 руб. на сумму 9750\n руб.',11,45,1,NULL,NULL,NULL,NULL,NULL,NULL,NULL,NULL),(22,'Shell Tonna S3 M68 (20 л) масло для направляющих в шт в количестве  1шт по цене 7750 руб. на сумму 7750\n руб.',12,44,1,NULL,NULL,NULL,NULL,NULL,NULL,NULL,NULL),(23,'КС-19 (216,5/180 кг) - масло компрессорное  в шт в количестве  1шт по цене 17500 руб. на сумму 17500\n руб.',13,43,1,NULL,NULL,NULL,NULL,NULL,NULL,NULL,NULL),(24,'Shell Corena S2 P 150 (Corena P 150) (20л)- компрессорное масло в шт в количестве  1шт по цене 9325 руб. на сумму 9325\n руб.',14,42,1,NULL,NULL,NULL,NULL,NULL,NULL,NULL,NULL),(25,'Shell Corena S3 R 68 (20л)- компрессорное масло в шт в количестве  1шт по цене 8875 руб. на сумму 8875\n руб.',15,42,2,NULL,NULL,NULL,NULL,NULL,NULL,NULL,NULL),(26,'СОЖ Avantin 361 I-N (18 кг) в шт в количестве  4шт по цене 10250 руб. на сумму 41000\n руб.',16,41,1,NULL,NULL,NULL,NULL,NULL,NULL,NULL,NULL),(27,'Нефрас С2 80/120 (216,5 л) в шт в количестве  1шт по цене 15000 руб. на сумму 15000\n руб.',17,40,1,NULL,NULL,NULL,NULL,NULL,NULL,NULL,NULL),(28,'И-20 А (216,5л/180 кг) - масло индустриальное  в шт в количестве  2шт по цене 11000 руб. на сумму 22000\n руб.',18,40,2,NULL,NULL,NULL,NULL,NULL,NULL,NULL,NULL),(29,'Масло Berusynth H1 220 (20л.) в шт в количестве  1шт по цене 24775 руб. на сумму 24775\n руб.',19,38,1,NULL,NULL,NULL,NULL,NULL,NULL,NULL,NULL),(30,'Shell Corena S2 P 150 (Corena P 150) (20л)- компрессорное масло в шт в количестве  1шт по цене 9325 руб. на сумму 9325\n руб.',20,39,1,NULL,NULL,NULL,NULL,NULL,NULL,NULL,NULL),(31,'Shell Corena S3 R 68 (20л)- компрессорное масло в шт в количестве  1шт по цене 8875 руб. на сумму 8875\n руб.',21,39,2,NULL,NULL,NULL,NULL,NULL,NULL,NULL,NULL),(32,'Смазка Литол-24 (2 кг) в шт в количестве  5шт по цене 380 руб. на сумму 1900\n руб.',22,39,3,NULL,NULL,NULL,NULL,NULL,NULL,NULL,NULL),(33,'Масло Berusynth H1 220 (20л.) в шт в количестве  1шт по цене 24775 руб. на сумму 24775\n руб.',23,37,1,NULL,NULL,NULL,NULL,NULL,NULL,NULL,NULL),(34,'СОЖ Avantin 361 I-N (18 кг) в шт в количестве  3шт по цене 10250 руб. на сумму 30750\n руб.',24,36,1,NULL,NULL,NULL,NULL,NULL,NULL,NULL,NULL),(35,'Керосин (канистра 20л) в шт в количестве  1шт по цене 1785 руб. на сумму 1785\n руб.',25,35,1,NULL,NULL,NULL,NULL,NULL,NULL,NULL,NULL),(36,'Shell Corena S2 P 150 (Corena P 150) (20л)- компрессорное масло в шт в количестве  1шт по цене 9290 руб. на сумму 9290\n руб.',26,35,2,NULL,NULL,NULL,NULL,NULL,NULL,NULL,NULL),(37,'Shell Corena S3 R 68 (20л)- компрессорное масло в шт в количестве  1шт по цене 8725 руб. на сумму 8725\n руб.',27,35,3,NULL,NULL,NULL,NULL,NULL,NULL,NULL,NULL),(38,'СОЖ Avantin 361 I-N (18 кг) в шт в количестве  1шт по цене 9500 руб. на сумму 9500\n руб.',28,34,1,NULL,NULL,NULL,NULL,NULL,NULL,NULL,NULL),(39,'Shell Omala S2 GХ320 (Omala 320) (20 л) масло редукторное в шт в количестве  1шт по цене 7150 руб. на сумму 7150\n руб.',29,33,1,NULL,NULL,NULL,NULL,NULL,NULL,NULL,NULL),(40,'СОЖ Avantin 361 I-N (18 кг) в шт в количестве  2шт по цене 9995 руб. на сумму 19990\n руб.',30,32,1,NULL,NULL,NULL,NULL,NULL,NULL,NULL,NULL),(41,'Shell Corena S2 P 150 (Corena P 150) (20л)- компрессорное масло в шт в количестве  3шт по цене 8795 руб. на сумму 26385\n руб.',36,10,2,NULL,NULL,NULL,NULL,NULL,NULL,NULL,NULL),(42,'Керосин (канистра 20л) в шт в количестве  2шт по цене 1775 руб. на сумму 3550\n руб.',33,31,1,NULL,NULL,NULL,NULL,NULL,NULL,NULL,NULL),(43,'Shell Corena S2 P 150 (Corena P 150) (20л)- компрессорное масло в шт в количестве  2шт по цене 9350 руб. на сумму 18700\n руб.',37,31,2,NULL,NULL,NULL,NULL,NULL,NULL,NULL,NULL),(44,'Керосин (канистра 20л) в шт в количестве  2шт по цене 1750 руб. на сумму 3500\n руб.',54,21,1,NULL,NULL,NULL,NULL,NULL,NULL,NULL,NULL),(45,'Shell Corena S3 R 68 (20л)- компрессорное масло в шт в количестве  1шт по цене 8750 руб. на сумму 8750\n руб.',38,31,3,NULL,NULL,NULL,NULL,NULL,NULL,NULL,NULL),(46,'Eni i-Sint 10W40 масло моторное п/с (4л) в шт в количестве  3шт по цене 1400 руб. на сумму 4200\n руб.',39,30,1,NULL,NULL,NULL,NULL,NULL,NULL,NULL,NULL),(47,'Масло моторное ENI I-Sigma Universal 10w-40 (20 л) п/синт в шт в количестве  1шт по цене 5950 руб. на сумму 5950\n руб.',40,30,2,NULL,NULL,NULL,NULL,NULL,NULL,NULL,NULL),(48,'Смазка TUTELA ZETA 2  литиевая минер-я ведро 20кг в шт в количестве  2шт по цене 9100 руб. на сумму 18200\n руб.',41,29,1,NULL,NULL,NULL,NULL,NULL,NULL,NULL,NULL),(49,'Смазка ПВК пушечная ГОСТ 19537-83 (2кг) в шт в количестве  5шт по цене 225 руб. на сумму 1125\n руб.',42,28,1,NULL,NULL,NULL,NULL,NULL,NULL,NULL,NULL),(50,'ИНСп-40 (20 л) - масло для направляющих в шт в количестве  3шт по цене 2650 руб. на сумму 7950\n руб.',43,27,1,NULL,NULL,NULL,NULL,NULL,NULL,NULL,NULL),(51,'Смазка Berulub W+B Spray с пищевым допуском (400мл) в шт в количестве  36шт по цене 795 руб. на сумму 28620\n руб.',44,26,1,NULL,NULL,NULL,NULL,NULL,NULL,NULL,NULL),(52,'Керосин (канистра 20л) в шт в количестве  1шт по цене 1800 руб. на сумму 1800\n руб.',45,25,1,NULL,NULL,NULL,NULL,NULL,NULL,NULL,NULL),(53,'Shell Corena S2 P 150 (Corena P 150) (20л)- компрессорное масло в шт в количестве  2шт по цене 9350 руб. на сумму 18700\n руб.',46,25,2,NULL,NULL,NULL,NULL,NULL,NULL,NULL,NULL),(54,'Shell Corena S3 R 68 (20л)- компрессорное масло в шт в количестве  1шт по цене 8750 руб. на сумму 8750\n руб.',47,25,3,NULL,NULL,NULL,NULL,NULL,NULL,NULL,NULL),(55,'Нефрас С2 80/120 (216,5 л) в шт в количестве  1шт по цене 14950 руб. на сумму 14950\n руб.',48,24,1,NULL,NULL,NULL,NULL,NULL,NULL,NULL,NULL),(56,'И-20 А (216,5л/180 кг) - масло индустриальное  в шт в количестве  2шт по цене 10975 руб. на сумму 21950\n руб.',49,24,2,NULL,NULL,NULL,NULL,NULL,NULL,NULL,NULL),(57,'Керосин (канистра 20л) в шт в количестве  2шт по цене 1795 руб. на сумму 3590\n руб.',50,22,1,NULL,NULL,NULL,NULL,NULL,NULL,NULL,NULL),(58,'Shell Corena S2 P 150 (Corena P 150) (20л)- компрессорное масло в шт в количестве  1шт по цене 9350 руб. на сумму 9350\n руб.',51,22,2,NULL,NULL,NULL,NULL,NULL,NULL,NULL,NULL),(59,'Shell Corena S3 R 68 (20л)- компрессорное масло в шт в количестве  2шт по цене 8745 руб. на сумму 17490\n руб.',52,22,3,NULL,NULL,NULL,NULL,NULL,NULL,NULL,NULL),(60,'Масло вазелиновое МХ-250 с пищ доп. минеральное(канистра 4 кг) в шт в количестве  4шт по цене 525 руб. на сумму 2100\n руб.',55,21,2,NULL,NULL,NULL,NULL,NULL,NULL,NULL,NULL),(61,'Shell Corena S2 P 150 (Corena P 150) (20л)- компрессорное масло в шт в количестве  1шт по цене 9250 руб. на сумму 9250\n руб.',56,21,3,NULL,NULL,NULL,NULL,NULL,NULL,NULL,NULL),(62,'Shell Corena S4 R 68 (20л)- компрессорное масло в шт в количестве  1шт по цене 19500 руб. на сумму 19500\n руб.',57,21,4,NULL,NULL,NULL,NULL,NULL,NULL,NULL,NULL),(63,'Shell Omala S2 GХ320 (Omala 320) (20 л) масло редукторное в шт в количестве  1шт по цене 6995 руб. на сумму 6995\n руб.',61,17,1,NULL,NULL,NULL,NULL,NULL,NULL,NULL,NULL),(64,'Shell Corena S2 P 150 (Corena P 150) (20л)- компрессорное масло в шт в количестве  2шт по цене 9225 руб. на сумму 18450\n руб.',62,17,2,NULL,NULL,NULL,NULL,NULL,NULL,NULL,NULL),(65,'Shell Corena S3 R 68 (20л)- компрессорное масло в шт в количестве  1шт по цене 8525 руб. на сумму 8525\n руб.',63,17,3,NULL,NULL,NULL,NULL,NULL,NULL,NULL,NULL),(66,'Керосин (канистра 20л) в шт в количестве  2шт по цене 1650 руб. на сумму 3300\n руб.',64,17,4,NULL,NULL,NULL,NULL,NULL,NULL,NULL,NULL),(67,'Shell Corena S3 R 68 (20л)- компрессорное масло в шт в количестве  1шт по цене 8525 руб. на сумму 8525\n руб.',66,15,1,NULL,NULL,NULL,NULL,NULL,NULL,NULL,NULL),(68,'Shell Corena S2 P 150 (Corena P 150) (20л)- компрессорное масло в шт в количестве  2шт по цене 9225 руб. на сумму 18450\n руб.',67,15,2,NULL,NULL,NULL,NULL,NULL,NULL,NULL,NULL),(69,'Керосин (канистра 20л) в шт в количестве  2шт по цене 1575 руб. на сумму 3150\n руб.',68,15,3,NULL,NULL,NULL,NULL,NULL,NULL,NULL,NULL),(70,'СОЖ Avantin 361 I-N (18 кг) в шт в количестве  2шт по цене 9575 руб. на сумму 19150\n руб.',69,14,1,NULL,NULL,NULL,NULL,NULL,NULL,NULL,NULL),(71,'Бактерицид BECHEM BAKTERIZID RH (5 кг) в шт в количестве  1шт по цене 12100 руб. на сумму 12100\n руб.',70,14,2,NULL,NULL,NULL,NULL,NULL,NULL,NULL,NULL),(72,'Нефрас С2 80/120 (216,5 л) в шт в количестве  1шт по цене 14250 руб. на сумму 14250\n руб.',72,12,1,NULL,NULL,NULL,NULL,NULL,NULL,NULL,NULL),(73,'И-20 А (216,5л/180 кг) - масло индустриальное  в шт в количестве  2шт по цене 10650 руб. на сумму 21300\n руб.',73,12,2,NULL,NULL,NULL,NULL,NULL,NULL,NULL,NULL),(74,'Керосин (канистра 20л) в шт в количестве  2шт по цене 1575 руб. на сумму 3150\n руб.',74,11,3,NULL,NULL,NULL,NULL,NULL,NULL,NULL,NULL),(75,'Масло вазелиновое МХ-250 с пищ доп. минеральное(канистра 4 кг) в шт в количестве  4шт по цене 520 руб. на сумму 2080\n руб.',75,10,3,NULL,NULL,NULL,NULL,NULL,NULL,NULL,NULL),(76,'Керосин (канистра 20л) в шт в количестве  1шт по цене 1550 руб. на сумму 1550\n руб.',76,10,4,NULL,NULL,NULL,NULL,NULL,NULL,NULL,NULL),(77,'СОЖ Avantin 361 I-N (18 кг) в шт в количестве  1шт по цене 9500 руб. на сумму 9500\n руб.',77,46,1,NULL,NULL,NULL,NULL,NULL,NULL,NULL,NULL);
/*!40000 ALTER TABLE `req_positions` ENABLE KEYS */;
UNLOCK TABLES;

--
-- Table structure for table `requests`
--

DROP TABLE IF EXISTS `requests`;
/*!40101 SET @saved_cs_client     = @@character_set_client */;
/*!40101 SET character_set_client = utf8 */;
CREATE TABLE `requests` (
  `created` date NOT NULL,
  `requests_id` mediumint(5) unsigned NOT NULL AUTO_INCREMENT,
  `requests_uid` varchar(50) COLLATE utf8_unicode_ci DEFAULT NULL,
  `requests_nameid` mediumint(8) unsigned DEFAULT NULL,
  `req_rent` float unsigned DEFAULT '0',
  `byersid` smallint(5) unsigned NOT NULL,
  `req_sum` float(14,2) DEFAULT NULL,
  `1c_num` varchar(15) COLLATE utf8_unicode_ci DEFAULT NULL,
  `ov_op` float(5,2) unsigned DEFAULT NULL,
  `ov_firstobp` float(5,2) unsigned DEFAULT NULL,
  `ov_tp` float(5,2) unsigned DEFAULT NULL,
  `ov_wt` float(4,2) unsigned DEFAULT NULL,
  `r1_hidden` tinyint(1) unsigned DEFAULT '0',
  `comment` varchar(250) COLLATE utf8_unicode_ci DEFAULT NULL,
  PRIMARY KEY (`requests_id`),
  UNIQUE KEY `requests_uid` (`requests_uid`),
  KEY `req_nameid` (`requests_nameid`),
  KEY `1c_num` (`1c_num`),
  CONSTRAINT `requests_ibfk_1` FOREIGN KEY (`requests_nameid`) REFERENCES `allnames` (`nameid`) ON UPDATE CASCADE
) ENGINE=InnoDB AUTO_INCREMENT=47 DEFAULT CHARSET=utf8 COLLATE=utf8_unicode_ci;
/*!40101 SET character_set_client = @saved_cs_client */;

--
-- Dumping data for table `requests`
--

LOCK TABLES `requests` WRITE;
/*!40000 ALTER TABLE `requests` DISABLE KEYS */;
INSERT INTO `requests` VALUES ('2018-04-28',2,'dee5b6f6-4ad9-11e8-a1f3-50465d50a210',NULL,0,5,NULL,'00000000002',21.00,NULL,NULL,NULL,0,NULL),('2018-05-25',3,'50b0f695-600d-11e8-a735-50465d50a210',NULL,0,2,NULL,'00000000004',21.00,NULL,NULL,NULL,0,NULL),('2018-06-08',4,'35a0ec1a-6b16-11e8-908a-50465d50a210',NULL,0,3,NULL,'00000000006',21.00,NULL,NULL,NULL,0,NULL),('2018-06-20',5,'c77ccd22-744b-11e8-a626-50465d50a210',NULL,0,4,NULL,'00000000009',21.00,NULL,NULL,NULL,0,NULL),('2018-06-20',6,'c77ccd1f-744b-11e8-a626-50465d50a210',NULL,0,4,NULL,'00000000008',21.00,NULL,NULL,NULL,0,NULL),('2018-06-21',7,'175c65f8-753d-11e8-ba40-50465d50a210',NULL,0,2,NULL,'00000000010',21.00,NULL,NULL,NULL,0,NULL),('2018-07-09',8,'e78314d2-832d-11e8-80b6-50465d50a210',NULL,0,6,NULL,'00000000011',21.00,NULL,NULL,NULL,0,NULL),('2018-08-02',9,'15c88e8f-964e-11e8-939d-50465d50a210',NULL,0,2,NULL,'00000000012',21.00,NULL,NULL,NULL,0,NULL),('2018-08-07',10,'fcb6aa5e-9a23-11e8-b693-50465d50a210',NULL,0,6,NULL,'00000000014',21.00,NULL,NULL,NULL,0,NULL),('2018-09-06',11,'754dd9b7-b1da-11e8-a0f6-6c626df87f88',NULL,0,6,NULL,'00000000015',21.00,NULL,NULL,NULL,0,NULL),('2018-09-11',12,'bad860cd-b5c4-11e8-bb45-6c626df87d4c',NULL,0,4,NULL,'00000000016',21.00,NULL,NULL,NULL,0,NULL),('2018-09-14',13,'d2547c63-b820-11e8-b988-6c626df87d4c',NULL,0,7,NULL,'00000000017',21.00,NULL,NULL,NULL,0,NULL),('2018-09-14',14,'088c498f-b82a-11e8-84f3-6c626df87f88',NULL,0,5,NULL,'00000000018',21.00,NULL,NULL,NULL,0,NULL),('2018-10-08',15,'a70555fc-cafc-11e8-a571-6c626df87f88',NULL,0,6,NULL,'00000000019',21.00,NULL,NULL,NULL,0,NULL),('2018-10-25',16,'2fe6f87b-d839-11e8-88f3-50465d50a210',NULL,0,5,NULL,'00000000020',21.00,NULL,NULL,NULL,0,NULL),('2018-11-08',17,'0a5a96ab-e34c-11e8-8112-50465d50a210',NULL,0,6,NULL,'00000000021',21.00,NULL,NULL,NULL,0,NULL),('2018-11-30',18,'78b70a1a-f4a2-11e8-8045-6c626df87d4c',NULL,0,4,NULL,'00000000022',21.00,NULL,NULL,NULL,0,NULL),('2018-11-30',19,'78b70a1d-f4a2-11e8-8045-6c626df87d4c',NULL,0,4,NULL,'00000000023',21.00,NULL,NULL,NULL,0,NULL),('2018-12-10',20,'428e4b53-fc58-11e8-a590-50465d50a210',NULL,0,5,NULL,'00000000024',21.00,NULL,NULL,NULL,0,NULL),('2018-12-11',21,'17c839c8-fd3f-11e8-888d-6c626df87d4c',NULL,0,6,NULL,'00000000025',21.00,NULL,NULL,NULL,0,NULL),('2019-01-14',22,'1a4373d7-17e4-11e9-9aab-6c626df87d4c',NULL,0,6,NULL,'00000000001',21.00,NULL,NULL,NULL,0,NULL),('2019-02-01',23,'2d4abf65-2627-11e9-b5dd-6c626df87d4c',NULL,0,2,NULL,'00000000002',21.00,NULL,NULL,NULL,0,NULL),('2019-02-05',24,'bbac9c9c-2944-11e9-a0dd-6c626df87f88',NULL,0,4,NULL,'00000000003',21.00,NULL,NULL,NULL,0,NULL),('2019-02-05',25,'bbac9c9d-2944-11e9-a0dd-6c626df87f88',NULL,0,6,NULL,'00000000004',21.00,NULL,NULL,NULL,0,NULL),('2019-02-08',26,'674dacf3-2b92-11e9-941f-6c626df87d4c',NULL,0,9,NULL,'00000000005',21.00,NULL,NULL,NULL,0,NULL),('2019-02-13',27,'1178b750-2f73-11e9-88bb-6c626df87f88',NULL,0,9,NULL,'00000000006',21.00,NULL,NULL,NULL,0,NULL),('2019-02-19',28,'4f8986d7-3441-11e9-9244-50465d50a210',NULL,0,6,NULL,'00000000007',21.00,NULL,NULL,NULL,0,NULL),('2019-02-21',29,'f494f583-35cc-11e9-addb-6c626df87f88',NULL,0,2,NULL,'00000000008',21.00,NULL,NULL,NULL,0,NULL),('2019-03-05',30,'e96faa34-3f2c-11e9-8945-6c626df87f88',NULL,0,11,NULL,'00000000009',21.00,NULL,NULL,NULL,0,NULL),('2019-03-12',31,'213bb4ac-44b4-11e9-afdb-6c626df87f88',NULL,0,6,NULL,'00000000010',21.00,NULL,NULL,NULL,0,NULL),('2019-03-13',32,'8c3b9eed-4592-11e9-bfa3-6c626df87f88',NULL,0,5,NULL,'00000000011',21.00,NULL,NULL,NULL,0,NULL),('2019-03-14',33,'7fca886b-4653-11e9-9b90-6c626df87f88',NULL,0,6,NULL,'00000000012',21.00,NULL,NULL,NULL,0,NULL),('2019-03-20',34,'7c388288-4af0-11e9-8470-50465d50a210',NULL,0,5,NULL,'00000000013',21.00,NULL,NULL,NULL,0,NULL),('2019-04-09',35,'2cf27f8d-5ac3-11e9-b1ba-50465d50a210',NULL,0,6,NULL,'00000000014',21.00,NULL,NULL,NULL,0,NULL),('2019-04-15',36,'fd952f04-5f6a-11e9-9192-6c626df87f88',NULL,0,9,NULL,'00000000015',21.00,NULL,NULL,NULL,0,NULL),('2019-04-30',37,'a538c7df-6b3d-11e9-a8a5-6c626df87f88',NULL,0,9,NULL,'00000000016',21.00,NULL,NULL,NULL,0,NULL),('2019-05-08',38,'e5d7e6e8-716d-11e9-bab0-50465d50a210',NULL,0,9,NULL,'00000000017',21.00,NULL,NULL,NULL,0,NULL),('2019-05-13',39,'d19f02a7-757d-11e9-bf9e-6c626df87f88',NULL,0,6,NULL,'00000000018',21.00,NULL,NULL,NULL,0,NULL),('2019-05-29',40,'00075401-81fc-11e9-85fd-6c626df87d4c',NULL,0,4,NULL,'00000000019',21.00,NULL,NULL,NULL,0,NULL),('2019-06-05',41,'63a58a04-876a-11e9-b6a9-6c626df87d4c',NULL,0,9,NULL,'00000000020',21.00,NULL,NULL,NULL,0,NULL),('2019-06-10',42,'a141dd34-8b5b-11e9-bf98-6c626df87f88',NULL,0,6,NULL,'00000000021',21.00,NULL,NULL,NULL,0,NULL),('2019-06-17',43,'6d6a84b5-9101-11e9-aee5-50465d50a210',NULL,0,8,NULL,'00000000022',21.00,NULL,NULL,NULL,0,NULL),('2019-06-19',44,'47e877a9-9260-11e9-b2c8-50465d50a210',NULL,0,5,NULL,'00000000024',21.00,NULL,NULL,NULL,0,NULL),('2019-06-19',45,'47e877a6-9260-11e9-b2c8-50465d50a210',NULL,0,5,NULL,'﻿00000000023',21.00,NULL,NULL,NULL,0,NULL),('2018-04-27',46,'82ef333e-49ec-11e8-a1f3-50465d50a210',NULL,0,5,NULL,'00000000001',21.00,NULL,NULL,NULL,0,NULL);
/*!40000 ALTER TABLE `requests` ENABLE KEYS */;
UNLOCK TABLES;

--
-- Table structure for table `sellers`
--

DROP TABLE IF EXISTS `sellers`;
/*!40101 SET @saved_cs_client     = @@character_set_client */;
/*!40101 SET character_set_client = utf8 */;
CREATE TABLE `sellers` (
  `sellers_id` smallint(5) unsigned NOT NULL AUTO_INCREMENT,
  `sellers_nameid` mediumint(8) unsigned NOT NULL,
  `onec_id` varchar(15) COLLATE utf8_unicode_ci DEFAULT NULL,
  `sellers_uid` varchar(50) COLLATE utf8_unicode_ci DEFAULT NULL,
  PRIMARY KEY (`sellers_id`),
  UNIQUE KEY `sellers_uid` (`sellers_uid`),
  KEY `seller_nameid` (`sellers_nameid`),
  CONSTRAINT `sellers_ibfk_1` FOREIGN KEY (`sellers_nameid`) REFERENCES `allnames` (`nameid`) ON UPDATE CASCADE
) ENGINE=InnoDB AUTO_INCREMENT=20 DEFAULT CHARSET=utf8 COLLATE=utf8_unicode_ci;
/*!40101 SET character_set_client = @saved_cs_client */;

--
-- Dumping data for table `sellers`
--

LOCK TABLES `sellers` WRITE;
/*!40000 ALTER TABLE `sellers` DISABLE KEYS */;
INSERT INTO `sellers` VALUES (1,3,'000000006','69ff2139-59be-11e8-8e61-50465d50a210'),(2,4,'000000010','f8fc4c99-6a54-11e8-bdde-50465d50a210'),(3,5,'000000040','f4ebacb0-7aee-11e9-9bc3-6c626df87d4c'),(4,13,'000000012','35a0ec1b-6b16-11e8-908a-50465d50a210'),(5,14,'000000016','e6156b5e-7ab8-11e8-b6fa-50465d50a210'),(6,15,'000000023','1036d380-88eb-11e8-bb0d-50465d50a210'),(7,16,'000000025','424ec46a-9575-11e8-a1c1-50465d50a210'),(8,17,'000000027','6b4d142b-9bab-11e8-9ea5-50465d50a210'),(9,18,'000000029','59e8e372-b5bd-11e8-bb45-6c626df87d4c'),(10,19,'000000030','59e8e377-b5bd-11e8-bb45-6c626df87d4c'),(11,50,'000000028','e34bb4b4-9edd-11e8-b059-50465d50a210'),(12,56,'000000042','ead802f2-980b-11e9-807c-50465d50a210'),(13,59,'000000039','26e0a505-6688-11e9-b16c-50465d50a210'),(14,62,'000000026','e824f043-9a15-11e8-b693-50465d50a210'),(15,63,'000000035','b40867d7-3b36-11e9-96d9-50465d50a210'),(16,64,'000000032','f5b7b67d-e1a6-11e8-a6c8-50465d50a210'),(17,65,'000000037','4d716a52-514c-11e9-aa6c-50465d50a210'),(18,66,'000000021','1e6b9dc9-7e9b-11e8-80b6-50465d50a210'),(19,67,'﻿000000015','430a2ccc-786b-11e8-b212-50465d50a210');
/*!40000 ALTER TABLE `sellers` ENABLE KEYS */;
UNLOCK TABLES;

--
-- Table structure for table `trades`
--

DROP TABLE IF EXISTS `trades`;
/*!40101 SET @saved_cs_client     = @@character_set_client */;
/*!40101 SET character_set_client = utf8 */;
CREATE TABLE `trades` (
  `trades_id` smallint(5) unsigned NOT NULL AUTO_INCREMENT,
  `trades_uid` varchar(50) COLLATE utf8_unicode_ci DEFAULT NULL,
  `trades_nameid` mediumint(8) unsigned NOT NULL,
  `tare` enum('штука','банка','канистра','бочка') COLLATE utf8_unicode_ci NOT NULL,
  `onec_id` varchar(15) COLLATE utf8_unicode_ci DEFAULT NULL,
  PRIMARY KEY (`trades_id`),
  UNIQUE KEY `trades_uid` (`trades_uid`),
  KEY `trade_nameid` (`trades_nameid`),
  CONSTRAINT `trades_ibfk_1` FOREIGN KEY (`trades_nameid`) REFERENCES `allnames` (`nameid`) ON UPDATE CASCADE
) ENGINE=InnoDB AUTO_INCREMENT=37 DEFAULT CHARSET=utf8 COLLATE=utf8_unicode_ci;
/*!40101 SET character_set_client = @saved_cs_client */;

--
-- Dumping data for table `trades`
--

LOCK TABLES `trades` WRITE;
/*!40000 ALTER TABLE `trades` DISABLE KEYS */;
INSERT INTO `trades` VALUES (1,'82ef333b-49ec-11e8-a1f3-50465d50a210',6,'канистра','00000000006'),(2,'47e877a7-9260-11e9-b2c8-50465d50a210',20,'канистра','00000000053'),(3,'6d6a84b3-9101-11e9-aee5-50465d50a210',21,'бочка','00000000052'),(4,'7c8d742e-7710-11e9-91e5-6c626df87f88',22,'банка','00000000050'),(5,'d19f02a5-757d-11e9-bf9e-6c626df87f88',23,'банка','00000000048'),(6,'a538c7dd-6b3d-11e9-a8a5-6c626df87f88',24,'канистра','00000000047'),(7,'dee5b6f7-4ad9-11e8-a1f3-50465d50a210',25,'бочка','00000000007'),(8,'50b0f693-600d-11e8-a735-50465d50a210',26,'банка','﻿00000000009'),(9,'f8fc4c97-6a54-11e8-bdde-50465d50a210',27,'канистра','00000000011'),(10,'35a0ec18-6b16-11e8-908a-50465d50a210',28,'канистра','00000000014'),(11,'c77ccd20-744b-11e8-a626-50465d50a210',29,'бочка','00000000015'),(12,'c6d1387b-7471-11e8-a626-50465d50a210',30,'бочка','00000000017'),(13,'175c65f6-753d-11e8-ba40-50465d50a210',31,'канистра','00000000019'),(14,'430a2cd3-786b-11e8-b212-50465d50a210',32,'канистра','00000000022'),(15,'430a2cd5-786b-11e8-b212-50465d50a210',33,'канистра','00000000023'),(16,'29d44ad9-7ad2-11e8-b6fa-50465d50a210',34,'банка','00000000025'),(17,'ac4107d1-802a-11e8-80b6-50465d50a210',35,'канистра','00000000028'),(18,'ac4107d3-802a-11e8-80b6-50465d50a210',36,'канистра','00000000029'),(19,'e78314d0-832d-11e8-80b6-50465d50a210',37,'банка','00000000030'),(20,'1036d383-88eb-11e8-bb0d-50465d50a210',38,'бочка','00000000031'),(21,'fcb6aa5f-9a23-11e8-b693-50465d50a210',39,'канистра','00000000033'),(22,'d2547c5e-b820-11e8-b988-6c626df87d4c',40,'банка','00000000034'),(23,'d2547c64-b820-11e8-b988-6c626df87d4c',41,'канистра','00000000035'),(24,'0a5a96a9-e34c-11e8-8112-50465d50a210',42,'канистра','00000000037'),(25,'78b70a1b-f4a2-11e8-8045-6c626df87d4c',43,'бочка','00000000039'),(26,'17c839c6-fd3f-11e8-888d-6c626df87d4c',44,'канистра','00000000040'),(27,'2d4abf63-2627-11e9-b5dd-6c626df87d4c',45,'банка','00000000041'),(28,'674dacf4-2b92-11e9-941f-6c626df87d4c',46,'банка','00000000042'),(29,'4f8986d5-3441-11e9-9244-50465d50a210',47,'банка','00000000044'),(30,'f494f581-35cc-11e9-addb-6c626df87f88',48,'канистра','00000000045'),(31,'e96faa32-3f2c-11e9-8945-6c626df87f88',49,'канистра','00000000046'),(32,'15c88e8d-964e-11e8-939d-50465d50a210',51,'штука','00000000032'),(33,'78b70a18-f4a2-11e8-8045-6c626df87d4c',52,'бочка','00000000038'),(36,'1178b74c-2f73-11e9-88bb-6c626df87f88',55,'канистра','00000000043');
/*!40000 ALTER TABLE `trades` ENABLE KEYS */;
UNLOCK TABLES;

--
-- Table structure for table `transports`
--

DROP TABLE IF EXISTS `transports`;
/*!40101 SET @saved_cs_client     = @@character_set_client */;
/*!40101 SET character_set_client = utf8 */;
CREATE TABLE `transports` (
  `purchases_id` smallint(5) unsigned NOT NULL AUTO_INCREMENT,
  `purchases_uid` varchar(50) COLLATE utf8_unicode_ci DEFAULT NULL,
  `seller_uid` varchar(50) COLLATE utf8_unicode_ci DEFAULT NULL,
  `incdoc_num` varchar(20) COLLATE utf8_unicode_ci DEFAULT NULL,
  `incdoc_date` date NOT NULL,
  `sum` float(14,2) NOT NULL,
  PRIMARY KEY (`purchases_id`)
) ENGINE=InnoDB DEFAULT CHARSET=utf8 COLLATE=utf8_unicode_ci;
/*!40101 SET character_set_client = @saved_cs_client */;

--
-- Dumping data for table `transports`
--

LOCK TABLES `transports` WRITE;
/*!40000 ALTER TABLE `transports` DISABLE KEYS */;
/*!40000 ALTER TABLE `transports` ENABLE KEYS */;
UNLOCK TABLES;
/*!40103 SET TIME_ZONE=@OLD_TIME_ZONE */;

/*!40101 SET SQL_MODE=@OLD_SQL_MODE */;
/*!40014 SET FOREIGN_KEY_CHECKS=@OLD_FOREIGN_KEY_CHECKS */;
/*!40014 SET UNIQUE_CHECKS=@OLD_UNIQUE_CHECKS */;
/*!40101 SET CHARACTER_SET_CLIENT=@OLD_CHARACTER_SET_CLIENT */;
/*!40101 SET CHARACTER_SET_RESULTS=@OLD_CHARACTER_SET_RESULTS */;
/*!40101 SET COLLATION_CONNECTION=@OLD_COLLATION_CONNECTION */;
/*!40111 SET SQL_NOTES=@OLD_SQL_NOTES */;

-- Dump completed on 2019-06-30 16:02:29
