-- phpMyAdmin SQL Dump
-- version 4.5.4.1deb2ubuntu2
-- http://www.phpmyadmin.net
--
-- Хост: localhost
-- Время создания: Июл 20 2018 г., 19:41
-- Версия сервера: 5.7.22-0ubuntu0.16.04.1
-- Версия PHP: 7.0.30-0ubuntu0.16.04.1

SET SQL_MODE = "NO_AUTO_VALUE_ON_ZERO";
SET time_zone = "+00:00";


/*!40101 SET @OLD_CHARACTER_SET_CLIENT=@@CHARACTER_SET_CLIENT */;
/*!40101 SET @OLD_CHARACTER_SET_RESULTS=@@CHARACTER_SET_RESULTS */;
/*!40101 SET @OLD_COLLATION_CONNECTION=@@COLLATION_CONNECTION */;
/*!40101 SET NAMES utf8mb4 */;

--
-- База данных: `prices`
--

-- --------------------------------------------------------

--
-- Структура таблицы `allnames`
--

CREATE TABLE `allnames` (
  `nameid` mediumint(8) UNSIGNED NOT NULL,
  `name` varchar(255) COLLATE utf8_unicode_ci NOT NULL
) ENGINE=InnoDB DEFAULT CHARSET=utf8 COLLATE=utf8_unicode_ci;

--
-- Дамп данных таблицы `allnames`
--

INSERT INTO `allnames` (`nameid`, `name`) VALUES
(106, 'СПЗ-4'),
(107, 'СТС-Люкс'),
(108, 'Юнитерм'),
(109, 'НАДО'),
(110, 'ОТК'),
(111, 'Валдай ТК'),
(112, 'ВиК'),
(113, 'Дженерал Компани'),
(114, 'Смазка Литол-24 (бидон 18 кг)'),
(115, 'Литол-24 180кг'),
(116, 'Литол-24 50кг'),
(117, 'Масло гидравлическое ВМГЗ (бочка)'),
(131, 'Масло трансмисс. ТЭП-15 (бочка 180 кг)'),
(132, 'АО СКК'),
(133, 'Ойл-Снаб Тлт'),
(142, 'High-Lube L2 400g'),
(145, 'МСМ Шеврон соседи'),
(146, 'Сызранская Керамика'),
(147, 'Chevron Black Pearl EP2 400g'),
(150, 'Масло трансформаторное ТКП 200л 180кг'),
(151, 'Mobilgrease XHP 222 0,4 кг'),
(152, 'Mobilgrease XHP 222 0,4 кг'),
(153, 'Вовчик'),
(155, 'Масло гидравлическое Гидромарка А 10л OilRight'),
(157, 'Мега ОЙЛ'),
(160, 'Масло индустриальное И-40 (бочка)'),
(161, 'Химэкспресс'),
(162, 'ДВК'),
(163, 'САМ-ПО'),
(165, 'Масло гидр.марки "А" (канистра 10л)'),
(166, 'Абиана'),
(167, 'Ondina 919 1л'),
(169, 'ННК'),
(170, 'НК НПЗ'),
(172, 'AEON 9000 17кг канистра'),
(173, 'Профинструмент'),
(174, 'Антифриз Cat'),
(175, 'Цеппелин г. Самара'),
(176, 'Смазка Fuchs Renolit HLT 2 18кг'),
(177, 'Смазка Fuchs Renolit HLT 2 0,4кг'),
(178, 'Смазочные материалы'),
(179, 'Klubersynth GH6-100 20л'),
(180, 'Клюбер центр.'),
(181, 'FAG ARKANOL-TEMP110 1кг'),
(182, 'БелтИмпэкс'),
(183, 'FAG ARKANOL-TEMP110 50кг'),
(184, 'Стройсервис'),
(186, 'Керосин КО-25 (216л/170кг)'),
(187, 'Керосин РТ бочка'),
(188, 'ПРОМ ТЭК 2668435 2725648'),
(189, 'Химоптторг'),
(209, 'Салют'),
(212, 'NANO BLUE MULTIPURPOSE HT Grease 400g'),
(213, 'Жидкость 7-50С-3 (16,4 кг)'),
(214, 'Смазка силиконовая Si-M (тюбик)'),
(215, 'Состав МВС-3Н (24 кг)'),
(216, 'Масло гидравлическое МГЕ-46В (бочка)'),
(217, 'И-20 А (216,5л/180 кг) - масло индустриальное '),
(218, 'Масло авиационное МС-20 (бочка)'),
(219, 'Смазка ЦИАТИМ-221 (банка 0,8кг)'),
(220, 'Масло компрессорное КС-19 (бочка 180 кг)'),
(221, 'Литол-24 42кг'),
(222, 'Смазка ШРУС-4 (туба 0,8 кг)'),
(223, 'Масло моторное М8-В Автол (бочка)'),
(224, 'Масло моторное М8Г2К (бочка)'),
(225, 'Масло моторное М10Г2К (бочка)'),
(226, 'Масло вакуумное ВМ-4 (16 кг)'),
(227, 'Смазка Kluber Isoflex NBU-15 (1 кг)'),
(228, 'Масло вакуумное ВМ-5с (15,5 кг)'),
(229, 'Смазка ЛС-1П (бочка)'),
(230, 'Масло цилиндровое Ц-52 (бочка)'),
(231, 'Масло турбинное ТП-22С (бочка)'),
(232, 'Смазка ЦИАТИМ-201 (21кг)'),
(233, 'Масло трансформаторное ГК (бочка)'),
(234, 'СОЖ Укринол (бочка)'),
(235, 'Смазка Солидол Жировой (21 кг)'),
(236, 'Смазка ВНИИНП-231 (1кг)'),
(237, 'Смазка ОКБ-122-7 (0,75 кг)'),
(238, 'Смазка АМС-3 (бидон 11,8 кг)'),
(239, 'Смазка ВНИИНП-286(ЭРА) (0,7кг)'),
(240, 'СОЖ Сульфофризол (бочка)'),
(241, 'Смазка МС-70 (бидон 16 кг)'),
(242, 'Смазка МЗ (15кг)'),
(243, 'Смазка ВНИИНП-225 (1кг)'),
(244, 'ОНМЗ'),
(246, 'Центр-Ойл г. Екб'),
(247, 'Континент НН'),
(248, 'Акрил Омск'),
(249, 'Нефтепродукт ЗАО г.НН'),
(250, 'ООС'),
(252, 'Масло индустриальное И-12 (бочка)'),
(253, 'Мюнхен-Ойл'),
(256, 'Смазка МС-17 15кг'),
(257, 'Русма'),
(258, 'Стас'),
(259, 'Ойл-Ком Екб.'),
(260, 'ЯЗЛМ (Липп) Ярсмазки'),
(261, 'Смазка ЦИАТИМ-221 (банка 0,9кг) (Ойл-Ком)'),
(262, 'Меркойл'),
(263, 'СпецХимПродукт Омск'),
(264, 'Состав МВС-3А'),
(266, 'Продест Ярославль'),
(267, 'НижегородХимПродукт'),
(268, 'Состав МВС-3Н (брикет 5кг)'),
(269, 'Масло вакуумное ВМ-4 (20л)'),
(270, 'Камский Завод Масел КЗМ'),
(271, 'Пента Юниор'),
(272, 'Авиастар-СП'),
(273, 'Масло индустриальное ИГП-49 (бочка)'),
(275, 'РОСА-1'),
(276, 'ПромСервисЦентр'),
(277, 'МИСКОМ'),
(278, 'СТД (Нонна)'),
(279, 'Смазка АМС-3 (бидон 17 кг)'),
(280, 'ПромПоставка НН'),
(281, 'ХЁРЦ Спб'),
(282, 'Состав МВС-3Н в КГ'),
(283, 'СЭП (ТСК)'),
(284, 'Мотор-Трейд (Кр.Куц.)'),
(285, 'Смазка Литол-24 (КНБ 21 кг)'),
(286, 'Литол-24 45кг'),
(287, 'Смазка АМС-3 (бидон 15 кг)'),
(288, 'СовИнТех'),
(289, 'СпецНефтьПродукт Тверская обл.'),
(290, 'Нектон Сиа'),
(291, 'Mobilgear 600 XP 460 (20л)'),
(292, 'Лавриченко'),
(294, 'Лима-Сервис'),
(295, 'Чирол'),
(296, 'Bechem Berulub FB 34 (0,4 кг)'),
(297, 'Bechem Berulub W+B Spray (0,4 кг)'),
(299, 'Дикомп-Классик'),
(300, 'Гелиос'),
(301, 'Керосин РТ 10л'),
(302, 'Масло моторное М10Г2К OR (10л)'),
(303, 'Масло вазелиновое ГОСТ (4л)'),
(304, 'Shell Corena S3 R 68 (20л)- компрессорное масло'),
(305, 'Shell Corena S2 P 150 (Corena P 150) (20л)- компрессорное масло'),
(308, 'Керосин РТ 20л'),
(309, 'Медхим'),
(310, 'Масло вазелиновое МХ-250 с пищ доп. минеральное(канистра 4 кг)'),
(311, 'Промышленные технологии (Фаворит Ойл)'),
(313, 'Нефрас С2 80/120 (бочка)'),
(314, 'Балашейские пески'),
(316, 'Bechem Beruplex LI EP 2 (25 кг)'),
(317, 'Масло компрессорное ТНК Компрессор VDL-100 (20л) '),
(318, 'РОСКОМ Батаев 261-16-56'),
(322, 'Дилекс'),
(323, 'ALUB Blue ALMIG (10л)'),
(325, 'Масло Mobil DTE 24 (208л) - гидравлическое'),
(326, ' Motorex Cool Concentrate (5л)'),
(327, 'ТЛТ-Опт, Тольятти'),
(328, 'Наш партнер'),
(330, 'Мочевина, 1 куб.'),
(331, 'Арсенал Марков'),
(332, 'ХозПромЭкспорт Уфа'),
(333, 'Куйбышевазот'),
(335, 'МегаМас (Высоцкий)'),
(336, 'Масло приборное МВП (в кг)'),
(337, 'Масло приборное МВП (175 кг)'),
(338, 'Масло трансформаторное ТСО (175 кг)'),
(340, 'Нефтебаза №1'),
(341, 'Прогресс'),
(343, 'Масло моторное М14В2 (бочка 180 кг)'),
(344, 'Масло Mobil DTE 25 (208л) - гидравлическое'),
(345, 'Масло трансформаторное Т-1500У (180кг)'),
(346, 'Масло индустриальное ИГП-14 (бочка 180 кг)'),
(347, 'Масло индустриальное И-50 (бочка 180кг)'),
(348, 'Масло гидравлическое ТНК Гидравлик OE HLP46 (бочка 180 кг)'),
(349, 'Масло гидравлическое ИГП-4 (бочка 180кг)'),
(350, 'Масло гидравлическое ИГП-8 (бочка 180кг)'),
(351, 'Масло трансмисс. ТАП-15 (бочка 180 кг)'),
(352, 'Масло трансмисс. ТАД-17 (ТМ-5) (бочка 180 кг)'),
(353, 'Масло авиационное СМ-4,5 (банка 15 кг)'),
(354, 'Масло вакуумное Adixen A-120 (5кг)'),
(355, 'Смазка WD-40 спрей 400 мл'),
(356, 'Би Питрон Самара'),
(358, 'Motorex Spindlelube ISO VG 68 (4л)'),
(360, 'Масло Гидравлик Стандарт 46 (180кг)'),
(361, 'Серые ГПН Тлт'),
(362, 'Анвек'),
(364, 'Масло редукторное Shell Omala S2 G68 - бочка (208л)'),
(365, 'Евросмаз'),
(367, 'Тосол 10 кг Дзержинский'),
(368, 'Castrol GTX Magnatec 5w-40 (4л)'),
(369, 'Литол-24 0,8 кг'),
(370, 'Смазка графитная Ж 21 кг'),
(371, 'Смазка графитная УССА 0,8 кг'),
(372, 'Смазка ЦИАТИМ-201 (0,8 кг)'),
(373, 'Смазка ЦИАТИМ-201 (10 кг)'),
(374, 'Смазка ЦИАТИМ-221 ( 10 кг)'),
(375, 'Смазка ЭПС-98 (банка 0,8 кг)'),
(376, 'Смазка SKF LGHP 2  (18 кг)'),
(377, 'Смазка SKF LGHP 2  (0,42 кг)'),
(378, 'DG-40 (0,52л) Аналог WD-40 от Мега Ойл'),
(379, 'Смазка графитная Ж 10 кг'),
(380, 'Масло АМТ-300 (бочка 200л)'),
(383, 'ТЕК-КОМ'),
(384, 'Смазка WD-40 спрей 420 мл'),
(385, 'Смазка ЭПС-98 (Банка 1,3кг)'),
(386, 'Литол-24  2 кг'),
(387, 'Масло цепное OR (1л)'),
(389, 'DOT-4 (0,455 л)'),
(390, 'DOT-4 (0,910 л)'),
(391, 'Масло Автопромывочное 3,5л OR'),
(392, 'Масло Автопромывочное 5л Luxe'),
(393, 'Масло гидравлическое марки "Р" 1л'),
(394, 'Масло моторное Addinol Diesel Longlife MD 1548 SAE 15w-40 (канистра 20 л)'),
(395, 'Масло моторное Addinol Diesel Longlife MD 1548 SAE 15w-40 (бочка 205 л)'),
(396, 'Масло Автопромывочное 3л Волга-Ойл'),
(397, 'Масло гидравлическое марки "Р" 10 л'),
(398, 'Ойлс (Аддинол) Ольга 9791196'),
(399, 'УралСпецСервис  (89372095452)'),
(401, 'Mannol silicone spray 400ml'),
(403, 'Сервис'),
(404, 'Герметик Автосил 180 мл'),
(406, 'Инрол-СТС'),
(407, 'Mobilube HD 85W-140 (20л) - масло трансмиссионное '),
(409, 'Ойл-Форби'),
(410, 'Слоистые пластики'),
(411, 'Смазка Berutemp 500 T2 (800г)'),
(414, 'Масло ИГП-38 (бочка 180 кг)'),
(415, 'Петро-Самара (276-45-80)'),
(416, 'Revolux D1 SAE 10W-40 ТНК в литрах'),
(417, 'Контур СПБ'),
(418, 'Масло приборное (170 кг бочка)'),
(419, 'Масло приборное МВП (170 кг бочка)'),
(420, 'Масло приборное МВП (15 кг бидон)'),
(421, 'Масло моторное М8Г2К (бочка)'),
(422, 'Масло моторное М8ДМ (бочка)'),
(424, 'Сервис Д'),
(427, 'Тяжмаш'),
(428, 'Смазка ВНИИНП-275 0,8кг'),
(429, 'Смазка ВНИИНП-273 0,8кг'),
(430, 'Смазка ВНИИНП-232 0,8кг'),
(431, 'Смазка ЦИАТИМ-202 0,8кг'),
(432, 'Смазка ЦИАТИМ-202 10кг'),
(436, 'СОЖ МР-7 (бочка 180кг)'),
(437, 'Спецавтомат Ростовская обл.'),
(439, 'Добавка Easy kit AL-3 Standard (200-599 L)'),
(440, 'Добавка Easy kit Cu-3 Standard (50-119 L)'),
(441, 'Добавка моющая Sanitaizer ST40 20 ml'),
(442, 'Фильтр для воды 20 мкм'),
(444, 'С-Металл'),
(446, 'Трумпф'),
(447, 'УСИ (Казахстан)'),
(448, 'Mobil DTE 10 Excel 46 (20 л)'),
(451, 'SHELL OMALA S4 WE 320 (20 л)'),
(452, 'Shell Tellus S2 V 46 (20 л)'),
(453, 'Shell Tellus S3M 32 (209 л)'),
(454, 'Shell Tellus S3M 68 (20 л)'),
(455, 'MOBILITH SHC 220 (16 кг)'),
(456, 'MOBILUX EP 004 (18 кг)'),
(457, 'OKS 1110 (0,5 кг)'),
(458, 'Divinol Lithogrease 000 (1 кг)'),
(459, 'Gadus S2 V220 2 (0,4 кг)'),
(460, 'Gadus S2 V100 3 (0,4 кг)'),
(461, 'Gadus S2 V220 00 (18 кг)'),
(462, 'Gadus S4 V45AC 00/000 (18 кг)'),
(463, 'Optileb RB-1 (17 кг)'),
(464, 'ЦПК'),
(465, 'SKF LGEV2 (0,4 кг)'),
(466, 'Маслостар (Москва)'),
(467, 'SKF LGLT 2/1 (0,4 кг)'),
(468, 'Охлаждающая жидкость Motorex COOL-X (25л)'),
(469, 'Квалитет (ТЛТ)'),
(471, 'ПФМС-4С (0,8 кг)'),
(472, 'Химпродукт Москва'),
(473, 'HLP-46 бочка (180 кг)'),
(475, 'Промывочное масло РН (бочка 200л)'),
(478, 'Роснефть Редуктор CLP 320 (бочка)'),
(480, 'Масло силиконовое ПМС-5 (19 кг)'),
(481, 'Реахим  Ст.Купавна'),
(482, 'Смывка APS-E (200 гр в уп. 24 шт)'),
(483, 'АЛТ МО, пос.Быково'),
(484, 'Смазка Лита (170,5 кг)'),
(485, 'Смазка EFELE VH-491 (ведро 5 кг.)'),
(486, 'Масло синтетическое POE32 (Errecom) – 5л'),
(487, 'Морена Самара (846) 574-02-17)'),
(489, 'Масло синтетическое POE55 (Errecom) – 5л'),
(490, 'Масло синтетическое POE22 (Errecom) – 5л'),
(491, 'Смазка Лита (10 кг)'),
(492, 'Скипидар живичный (10 л)'),
(493, 'Неостат Дзержинск'),
(494, 'Масло гидравлическое ТНК Гидравлик OE HLP46 (кан 18 кг)'),
(495, 'Масло гидравлическое ТНК Гидравлик OE HLP68 (бочка 180 кг)'),
(496, 'RENOLIT SF 7-041 (18 кг)'),
(497, 'Инхим Москва'),
(499, 'Motul Snowmobile 2t (1л)'),
(500, 'Motul Snowmobile 2t (4л)'),
(501, 'Союз-Авто (225-40-15)'),
(502, 'АвтомастерОйл (ТЛТ)'),
(503, 'Пегас (265-57-27)'),
(505, 'ENI i-Sigma Universal 10w40 (20л)'),
(506, 'ТНК Транс Гипоид 80W-90 (20л)'),
(507, 'Роснефть Gidrotec OE HLP 46 (20л)'),
(508, 'Роснефть Gidrotec OE HLP 46 (216л)'),
(509, 'Лукойл ТМ-5 SAE 80W-90 API (50л)'),
(510, 'Тосол Felix Euro (-35 град.) (20л)'),
(512, 'Масло холодильное ХА-30 (216л) УФА'),
(513, 'Avantin 361 IN 180кг (бочка)'),
(516, 'Средневолжская Трубно-Механическая (noginata@krm.npstroy.com)'),
(517, 'Смазка KR-941 силик. универс. (520 мл)'),
(520, 'Смазка ВНИИНП-279 0,8кг'),
(521, 'ТНК Редуктор CLP 100 (бочка)'),
(522, 'Лукойл Трансол-200 (18кг)'),
(523, 'Смазка КМ 30 080 (1кг ? уточнить фасовку)'),
(524, 'Gadus S2 V220 0 (18 кг)'),
(525, 'Масло ИЛС-5 (бочка)'),
(528, 'ССХ'),
(530, 'Масло ТСП-15К 180кг'),
(531, 'ZIC ATF III'),
(532, 'Shell Rimula R5 Е, 10W40 20л'),
(533, 'Антифриз  G-11 (10кг) зеленый'),
(534, 'Масло марки "А" гидравлическое'),
(535, 'Масло М10ДМ бочка 180кг'),
(536, 'Смазка Солидол Жировой 9,5 кг '),
(537, 'Смазка графитная 9,5 кг'),
(540, 'ТНК Гидротэк HVLP 46 OE (бочка)'),
(541, 'Shell Tellus S2 V 46 (209 л)'),
(542, 'КАСКАД Наприенко'),
(545, 'НЭТЧ'),
(546, 'Shell Omala S2 G320 (Omala 320) (20 л) масло редукторное'),
(548, 'Тосол 216 л, Дзержинский'),
(550, 'ЭТИЛАЦЕТАТ бочка 180 кг'),
(551, 'Адверс'),
(552, 'СОЖ Avantin 361 I-N (18 кг)'),
(554, 'Oemeta Frigomet NF 470/30N (бочка 220 кг)'),
(556, 'УТС РУС (ШАТРОВ)'),
(557, 'LM Pro-Line Silikon-Spray (0,4л)'),
(558, 'Регион-Снаб (Ликви Моли Самара)'),
(559, 'Rocol Foodlube Universal 2 (аналог CASSIDA EPS 2) 10кг'),
(560, 'SKF FGFP 2 (0,4 кг)'),
(561, 'Bechem Berusynth H1 32 (аналог CASSIDA HF 32) (20л)'),
(562, 'Bechem Berusynth H1 46 (аналог CASSIDA HF 46) (20л)'),
(563, 'Bechem Berusynth H1 220 (аналог CASSIDA GL 220) (20л)'),
(564, 'Renolin THERM 320/ FM HEAT TRANSFER FLUID (20л)'),
(565, 'KLuberfood NH1 94-402 (0,4 кг)'),
(566, 'Масло индустриальное И-5 (бочка 180кг)'),
(568, 'СУПЕРКОНТ 1.1 кг'),
(569, 'СМОЛА ПЛС-ЛС 1 кг'),
(571, 'СУПЕРКОНТ  г. Красноярск'),
(572, 'ИНТЕРХИМ Дзержинск'),
(578, 'Масло Роснефть Maximum Diesel 10W-40 (20л) п/с'),
(579, 'Тосол Top40 (10кг)'),
(580, 'Антифриз G-12 красный МиГ (10кг)'),
(582, 'Mobil ATF 220 Dexron II (20л)'),
(583, 'Развитие'),
(604, 'Стройиндустрия'),
(605, 'Стройавтокран'),
(608, 'СККМ'),
(609, 'И-12 3 бочки и Циатим 20шт'),
(610, 'Альянс-Полимер 89371759681'),
(611, 'Квоит'),
(613, 'Революкс 40 и Тосол 10'),
(614, 'Сиб Трейд Сервис'),
(615, 'РЖ-8У 3 бочки'),
(616, 'Рабочая жидкость РЖ-8 У (бочка 200 л)'),
(617, 'Рабочая жидкость РЖ-8 У (бочка 200 л) пломба'),
(618, 'И-20 А (216,5л/180 кг) - масло индустриальное  1 бочка'),
(619, 'Жидкость "ТЭН -концентрат" охлаждающая (бочка 215 кг)'),
(620, 'Жидкость "ТОСОЛ -концентрат" охлаждающая (бочка 215 кг)'),
(621, 'Масло ЛУКОЙЛ-АВАНГАРД ЭКСТРА , 10W40 (18л) - моторное п/синт'),
(622, 'Антифриз FELIX CARBOX G-12 (50 кг)'),
(623, 'Антифриз  G-12 (10кг) красный, Дзержинский'),
(624, 'Kluber Isoflex LDS 18 Spezial А (1 кг)'),
(625, 'Жидкость "ТЭН -концентрат" охлаждающая (бочка 215 кг) 5шт'),
(626, 'Жидкость "ТОСОЛ -концентрат" охлаждающая (бочка 215 кг) 5шт'),
(627, 'Моторки и Тосолы'),
(628, 'Спирт изопропиловый (20л)'),
(629, 'Спирт изопропиловый (20л) 2шт'),
(630, 'Авантин 4 шт'),
(631, 'Shell Tellus S2 М46 (Tellus 46) (20л) - гидравлическое масло'),
(632, 'Shell, Тосол, Литол'),
(633, 'Замазка уплотнительная У-20 А'),
(634, 'Замазка уплотнительная У-20 А 20кг'),
(635, 'Масло ТМ-5,SAE 80W-90,GL-5(18л) трансмис. '),
(636, 'Трансмиссия'),
(637, '5 Авантинов'),
(638, 'Смазка Berutemp 500 T2 (800г) 2шт'),
(639, 'Керосин бочка'),
(640, 'Mobilube HD 85W-140 (20л) 4 шт'),
(641, 'Корены и Ваз'),
(642, 'Тосол 216 л, Дзержинский 1бочка'),
(660, 'ПРобная заявка для проверки опций покупателя'),
(662, 'Смазка Berutemp 500 T2 (10кг)'),
(663, 'ПМС-400 1 бочка'),
(664, 'Масло силиконовое ПМС-400 (200л/200кг)'),
(665, 'Силикон-Снаб');

-- --------------------------------------------------------

--
-- Структура таблицы `byers`
--

CREATE TABLE `byers` (
  `byers_id` smallint(5) UNSIGNED NOT NULL,
  `byers_nameid` mediumint(8) UNSIGNED NOT NULL,
  `ov_firstobp` float(5,2) UNSIGNED DEFAULT NULL,
  `ov_tp` float(5,2) UNSIGNED DEFAULT NULL,
  `ov_wt` float(4,2) UNSIGNED DEFAULT NULL,
  `comment` varchar(300) COLLATE utf8_unicode_ci DEFAULT NULL
) ENGINE=InnoDB DEFAULT CHARSET=utf8 COLLATE=utf8_unicode_ci;

--
-- Дамп данных таблицы `byers`
--

INSERT INTO `byers` (`byers_id`, `byers_nameid`, `ov_firstobp`, `ov_tp`, `ov_wt`, `comment`) VALUES
(42, 106, 0.00, 0.00, 0.00, 'И-12 - по 550 на шт, Ц221 - по 60 на шт'),
(43, 107, 0.00, 0.00, 0.00, NULL),
(44, 108, 0.00, 0.00, 0.00, NULL),
(45, 109, 0.00, 0.00, 0.00, NULL),
(46, 132, 0.00, 4.75, 0.00, 'чистыми'),
(47, 146, 12.00, 5.00, 0.00, NULL),
(48, 153, 0.00, 0.00, 0.00, NULL),
(49, 163, 0.00, 0.00, 0.00, NULL),
(50, 169, 0.00, 0.00, 0.00, NULL),
(51, 170, 0.00, 0.00, 0.00, NULL),
(52, 184, 0.00, 0.00, 0.00, NULL),
(53, 209, 0.00, 0.00, 0.00, 'на шт - 8, делится как 5 и 3'),
(54, 272, 12.00, 5.00, 0.00, NULL),
(55, 294, 12.00, 5.00, 0.00, NULL),
(56, 299, 11.00, 7.00, 0.00, 'Делится 2/3 -Ц, 1/3-М'),
(57, 300, 0.00, 0.00, 0.00, NULL),
(58, 314, 0.00, 0.00, 0.00, NULL),
(59, 328, 0.00, 0.00, 0.00, NULL),
(60, 333, 0.00, 0.00, 0.00, NULL),
(61, 341, 0.00, 0.00, 0.00, NULL),
(62, 356, 0.00, 0.00, 0.00, NULL),
(63, 399, 0.00, 0.00, 0.00, NULL),
(64, 403, 0.00, 0.00, 0.00, NULL),
(65, 406, 0.00, 0.00, 0.00, NULL),
(66, 410, 12.00, 5.00, 0.00, 'при обнале - 45-12'),
(67, 424, 0.00, 0.00, 0.00, NULL),
(68, 427, 11.00, 5.00, 0.00, NULL),
(69, 447, 0.00, 0.00, 0.00, NULL),
(70, 516, 0.00, 0.00, 0.00, NULL),
(71, 528, 0.00, 0.00, 0.00, NULL),
(72, 545, 0.00, 0.00, 0.00, NULL),
(73, 551, 0.00, 0.00, 0.00, NULL),
(74, 604, 10.00, 10.00, 0.00, NULL),
(75, 605, 12.00, 10.00, 0.00, 'когда малая рент - 100 на шт'),
(78, 608, 0.00, 0.00, 0.00, NULL),
(79, 610, 0.00, 0.00, 0.00, NULL),
(80, 611, 0.00, 0.00, 0.00, NULL),
(81, 614, 0.00, 0.00, 0.00, NULL);

-- --------------------------------------------------------

--
-- Структура таблицы `giveaways`
--

CREATE TABLE `giveaways` (
  `given_away` date NOT NULL,
  `giveaways_id` smallint(5) UNSIGNED NOT NULL,
  `comment` varchar(255) COLLATE utf8_unicode_ci DEFAULT NULL,
  `giveaway_sum` float UNSIGNED NOT NULL,
  `requestid` mediumint(8) UNSIGNED NOT NULL
) ENGINE=InnoDB DEFAULT CHARSET=utf8 COLLATE=utf8_unicode_ci;

-- --------------------------------------------------------

--
-- Структура таблицы `payments`
--

CREATE TABLE `payments` (
  `payed` date NOT NULL,
  `payments_id` smallint(5) UNSIGNED NOT NULL,
  `number` smallint(5) UNSIGNED NOT NULL,
  `comment` varchar(255) COLLATE utf8_unicode_ci DEFAULT NULL,
  `sum` float UNSIGNED NOT NULL,
  `requestid` mediumint(8) UNSIGNED NOT NULL
) ENGINE=InnoDB DEFAULT CHARSET=utf8 COLLATE=utf8_unicode_ci;

--
-- Дамп данных таблицы `payments`
--

INSERT INTO `payments` (`payed`, `payments_id`, `number`, `comment`, `sum`, `requestid`) VALUES
('2018-07-06', 8, 1406, '', 5990, 123),
('2018-07-05', 9, 153, '', 37800, 130),
('2018-07-09', 10, 728, '', 40350, 121),
('2018-07-13', 11, 1692, '', 6000, 139),
('2018-07-16', 12, 1715, '', 5775, 139),
('2018-07-16', 13, 168, '', 54450, 131),
('2018-07-16', 14, 1210, '', 5150, 133),
('2018-07-17', 15, 2132, '', 23125, 134);

-- --------------------------------------------------------

--
-- Структура таблицы `pricings`
--

CREATE TABLE `pricings` (
  `pricingid` smallint(5) UNSIGNED NOT NULL,
  `positionid` smallint(5) UNSIGNED NOT NULL,
  `tradeid` smallint(5) UNSIGNED NOT NULL,
  `sellerid` smallint(5) UNSIGNED NOT NULL,
  `zak` float UNSIGNED NOT NULL,
  `kol` smallint(5) UNSIGNED NOT NULL,
  `tzr` smallint(5) UNSIGNED DEFAULT NULL,
  `wtime` float UNSIGNED DEFAULT NULL,
  `fixed` smallint(5) UNSIGNED NOT NULL,
  `op` float(5,2) UNSIGNED NOT NULL,
  `tp` float(5,2) UNSIGNED DEFAULT NULL,
  `opr` float UNSIGNED NOT NULL,
  `tpr` float UNSIGNED DEFAULT NULL,
  `firstobp` float UNSIGNED DEFAULT NULL,
  `firstobpr` float UNSIGNED DEFAULT NULL,
  `firstoh` float UNSIGNED DEFAULT NULL,
  `marge` float UNSIGNED DEFAULT NULL,
  `margek` float UNSIGNED DEFAULT NULL,
  `rop` float UNSIGNED DEFAULT NULL,
  `realop` float UNSIGNED DEFAULT NULL,
  `rtp` float UNSIGNED DEFAULT NULL,
  `realtp` float UNSIGNED DEFAULT NULL,
  `clearp` float(5,2) UNSIGNED DEFAULT NULL,
  `obp` float UNSIGNED DEFAULT NULL,
  `oh` smallint(5) UNSIGNED DEFAULT NULL,
  `price` float UNSIGNED NOT NULL,
  `rent` float UNSIGNED NOT NULL,
  `winner` smallint(5) UNSIGNED DEFAULT NULL
) ENGINE=InnoDB DEFAULT CHARSET=utf8 COLLATE=utf8_unicode_ci;

--
-- Дамп данных таблицы `pricings`
--

INSERT INTO `pricings` (`pricingid`, `positionid`, `tradeid`, `sellerid`, `zak`, `kol`, `tzr`, `wtime`, `fixed`, `op`, `tp`, `opr`, `tpr`, `firstobp`, `firstobpr`, `firstoh`, `marge`, `margek`, `rop`, `realop`, `rtp`, `realtp`, `clearp`, `obp`, `oh`, `price`, `rent`, `winner`) VALUES
(1, 508, 260, 50, 98000, 1, 2600, 1, 0, 20.56, 4.99, 20683.4, 6052.04, 0, 0, 6052, 0, 0, 0, 0, 0, 0, 4.75, 0, 0, 127335, 16, 1),
(2, 508, 260, 104, 100000, 1, 2300, 0, 0, 20.19, 4.99, 20654.4, 6135.42, 0, 0, 6135, 0, 0, 0, 0, 0, 0, 4.75, 0, 0, 129089, 16, 0);

-- --------------------------------------------------------

--
-- Структура таблицы `requests`
--

CREATE TABLE `requests` (
  `created` date NOT NULL,
  `requests_id` mediumint(5) UNSIGNED NOT NULL,
  `req_comment` varchar(255) COLLATE utf8_unicode_ci DEFAULT NULL,
  `requests_nameid` mediumint(8) UNSIGNED NOT NULL,
  `req_rent` float UNSIGNED DEFAULT '0',
  `byersid` smallint(5) UNSIGNED NOT NULL,
  `payment` tinyint(1) DEFAULT NULL,
  `req_sum` int(11) DEFAULT NULL,
  `1c_num` int(4) DEFAULT NULL,
  `ov_op` float(5,2) UNSIGNED DEFAULT NULL,
  `ov_firstobp` float(5,2) UNSIGNED DEFAULT NULL,
  `ov_tp` float(5,2) UNSIGNED DEFAULT NULL,
  `ov_wt` float(4,2) UNSIGNED DEFAULT NULL
) ENGINE=InnoDB DEFAULT CHARSET=utf8 COLLATE=utf8_unicode_ci;

--
-- Дамп данных таблицы `requests`
--

INSERT INTO `requests` (`created`, `requests_id`, `req_comment`, `requests_nameid`, `req_rent`, `byersid`, `payment`, `req_sum`, `1c_num`, `ov_op`, `ov_firstobp`, `ov_tp`, `ov_wt`) VALUES
('2018-07-05', 121, NULL, 609, 0, 42, NULL, 0, 230, NULL, NULL, NULL, NULL),
('2018-07-02', 123, NULL, 613, 0, 65, NULL, NULL, 221, NULL, NULL, NULL, NULL),
('2018-07-11', 124, NULL, 615, 0, 65, NULL, NULL, 239, NULL, NULL, NULL, NULL),
('2018-07-13', 125, NULL, 618, 0, 65, NULL, NULL, 244, NULL, NULL, NULL, NULL),
('2018-07-03', 126, NULL, 625, 0, 46, NULL, NULL, 222, NULL, NULL, NULL, NULL),
('2018-07-03', 127, NULL, 626, 0, 46, NULL, NULL, 223, NULL, NULL, NULL, NULL),
('2018-07-06', 128, NULL, 627, 0, 46, NULL, NULL, 234, NULL, NULL, NULL, NULL),
('2018-07-05', 129, NULL, 629, 0, 47, NULL, NULL, 225, NULL, NULL, NULL, NULL),
('2018-07-05', 130, NULL, 630, 0, 55, NULL, NULL, 226, NULL, NULL, NULL, NULL),
('2018-07-11', 131, NULL, 632, 0, 79, NULL, NULL, 240, NULL, NULL, NULL, NULL),
('2018-07-12', 132, NULL, 634, 0, 61, NULL, NULL, 241, NULL, NULL, NULL, NULL),
('2018-07-13', 133, NULL, 636, 0, 45, NULL, NULL, 242, NULL, NULL, NULL, NULL),
('2018-07-16', 134, NULL, 637, 0, 80, NULL, NULL, 245, NULL, NULL, NULL, NULL),
('2018-07-19', 135, NULL, 638, 0, 49, NULL, NULL, NULL, NULL, NULL, NULL, NULL),
('2018-07-17', 136, NULL, 639, 0, 52, NULL, NULL, 247, NULL, NULL, NULL, NULL),
('2018-07-17', 137, NULL, 640, 0, 81, NULL, NULL, 248, NULL, NULL, NULL, NULL),
('2018-07-05', 138, NULL, 641, 0, 56, NULL, NULL, 232, NULL, NULL, NULL, NULL),
('2018-07-10', 139, NULL, 642, 0, 52, NULL, NULL, 238, NULL, NULL, NULL, NULL),
('2018-07-20', 140, NULL, 660, 0, 56, NULL, NULL, NULL, 21.00, 11.00, 7.00, 0.00),
('2018-07-20', 142, NULL, 663, 16, 46, NULL, 127335, NULL, 21.00, 0.00, 4.75, 0.00);

-- --------------------------------------------------------

--
-- Структура таблицы `req_positions`
--

CREATE TABLE `req_positions` (
  `req_positionid` smallint(5) UNSIGNED NOT NULL,
  `pos_name` varchar(255) COLLATE utf8_unicode_ci NOT NULL,
  `winnerid` smallint(5) UNSIGNED NOT NULL,
  `requestid` mediumint(8) UNSIGNED NOT NULL,
  `giveaway` tinyint(1) DEFAULT NULL
) ENGINE=InnoDB DEFAULT CHARSET=utf8 COLLATE=utf8_unicode_ci;

--
-- Дамп данных таблицы `req_positions`
--

INSERT INTO `req_positions` (`req_positionid`, `pos_name`, `winnerid`, `requestid`, `giveaway`) VALUES
(474, 'Revolux D1 SAE 10W-40 ТНК в литрах', 0, 123, NULL),
(475, 'Тосол 10 кг Дзержинский', 0, 123, NULL),
(477, 'Рабочая жидкость РЖ-8 У (бочка 200 л) пломба 2шт', 0, 124, NULL),
(479, 'И-20 А (216,5л/180 кг) - масло индустриальное 1бочка', 0, 125, NULL),
(480, 'Рабочая жидкость РЖ-8 У (бочка 200 л) 1 шт', 0, 124, NULL),
(482, 'Жидкость "ТЭН -концентрат" охлаждающая (бочка 215 кг) 5шт', 0, 126, NULL),
(483, 'Жидкость "ТОСОЛ -концентрат" охлаждающая (бочка 215 кг) 5шт', 0, 127, NULL),
(484, 'Жидкость "ТОСОЛ -концентрат" охлаждающая (бочка 215 кг) 11шт', 0, 128, NULL),
(485, 'Масло гидр.марки "А" (канистра 10л) 5шт', 0, 128, NULL),
(486, 'Антифриз FELIX CARBOX G-12 (50 кг) 1шт', 0, 128, NULL),
(487, 'Тосол 10 кг Дзержинский 10шт', 0, 128, NULL),
(489, 'Спирт изопропиловый (20л) 2шт', 0, 129, NULL),
(490, 'СОЖ Avantin 361 I-N (18 кг) 4шт', 0, 130, NULL),
(491, 'Shell Omala S2 G320 (Omala 320) (20 л) масло редукторное 1шт', 0, 131, NULL),
(492, 'Shell Tellus S2 М46 (Tellus 46) (20л) - гидравлическое масло 1шт', 0, 131, NULL),
(493, 'Тосол 216 л, Дзержинский 3шт', 0, 131, NULL),
(494, 'Смазка Литол-24 (КНБ 21 кг) 1шт', 0, 131, NULL),
(496, 'Замазка уплотнительная У-20 А 20кг', 0, 132, NULL),
(497, 'Масло ТМ-5,SAE 80W-90,GL-5(18л) трансмис. 2шт', 0, 133, NULL),
(498, 'СОЖ Avantin 361 I-N (18 кг) 5шт', 0, 134, NULL),
(499, 'Смазка Berutemp 500 T2 (800г) 2шт', 0, 135, NULL),
(500, 'Керосин КО-25 (216л/170кг) 1шт', 0, 136, NULL),
(501, 'Mobilube HD 85W-140 (20л) - масло трансмиссионное  4шт', 0, 137, NULL),
(502, 'Масло индустриальное И-12 (бочка) 3шт', 0, 121, NULL),
(503, 'Shell Corena S3 R 68 (20л)- компрессорное масло 1шт', 0, 138, NULL),
(504, 'Shell Corena S2 P 150 (Corena P 150) (20л)- компрессорное масло 3шт', 0, 138, NULL),
(505, 'Масло вазелиновое МХ-250 с пищ доп. минеральное(канистра 4 кг) 4шт', 0, 138, NULL),
(506, 'Тосол 216 л, Дзержинский 1бочка', 0, 139, NULL),
(508, 'Масло силиконовое ПМС-400 (200л/200кг) 1шт', 1, 142, NULL);

-- --------------------------------------------------------

--
-- Структура таблицы `sellers`
--

CREATE TABLE `sellers` (
  `sellers_id` smallint(5) UNSIGNED NOT NULL,
  `sellers_nameid` mediumint(8) UNSIGNED NOT NULL
) ENGINE=InnoDB DEFAULT CHARSET=utf8 COLLATE=utf8_unicode_ci;

--
-- Дамп данных таблицы `sellers`
--

INSERT INTO `sellers` (`sellers_id`, `sellers_nameid`) VALUES
(14, 110),
(15, 111),
(16, 112),
(17, 113),
(18, 133),
(19, 145),
(20, 157),
(23, 161),
(24, 162),
(25, 166),
(26, 173),
(27, 175),
(28, 178),
(29, 180),
(30, 182),
(31, 188),
(32, 189),
(33, 244),
(34, 246),
(35, 247),
(36, 248),
(37, 249),
(38, 250),
(39, 253),
(40, 257),
(41, 258),
(42, 259),
(43, 260),
(44, 262),
(45, 263),
(46, 264),
(47, 266),
(48, 267),
(49, 270),
(50, 271),
(51, 275),
(52, 276),
(53, 277),
(54, 278),
(55, 280),
(56, 281),
(57, 283),
(58, 284),
(59, 288),
(60, 289),
(61, 290),
(62, 292),
(63, 295),
(64, 309),
(65, 311),
(66, 318),
(67, 322),
(68, 327),
(69, 331),
(70, 332),
(71, 335),
(72, 340),
(73, 361),
(74, 362),
(75, 365),
(77, 383),
(78, 398),
(79, 409),
(80, 415),
(81, 417),
(82, 437),
(83, 444),
(84, 446),
(85, 464),
(86, 466),
(87, 469),
(88, 472),
(89, 481),
(90, 483),
(91, 487),
(92, 493),
(93, 497),
(94, 501),
(95, 502),
(96, 503),
(97, 542),
(98, 556),
(99, 558),
(100, 571),
(101, 572),
(102, 583),
(104, 665);

-- --------------------------------------------------------

--
-- Структура таблицы `trades`
--

CREATE TABLE `trades` (
  `trades_id` smallint(5) UNSIGNED NOT NULL,
  `trades_nameid` mediumint(8) UNSIGNED NOT NULL
) ENGINE=InnoDB DEFAULT CHARSET=utf8 COLLATE=utf8_unicode_ci;

--
-- Дамп данных таблицы `trades`
--

INSERT INTO `trades` (`trades_id`, `trades_nameid`) VALUES
(10, 114),
(11, 115),
(12, 116),
(13, 117),
(14, 131),
(15, 142),
(18, 147),
(19, 150),
(21, 152),
(22, 155),
(24, 160),
(25, 165),
(26, 167),
(27, 172),
(28, 174),
(29, 176),
(30, 177),
(31, 179),
(32, 181),
(33, 183),
(34, 186),
(35, 187),
(36, 212),
(37, 213),
(38, 214),
(39, 215),
(40, 216),
(41, 217),
(42, 218),
(43, 219),
(44, 220),
(45, 221),
(46, 222),
(47, 223),
(48, 224),
(49, 225),
(50, 226),
(51, 227),
(52, 228),
(53, 229),
(54, 230),
(55, 231),
(56, 232),
(57, 233),
(58, 234),
(59, 235),
(60, 236),
(61, 237),
(62, 238),
(63, 239),
(64, 240),
(65, 241),
(66, 242),
(67, 243),
(68, 252),
(69, 256),
(70, 261),
(72, 268),
(73, 269),
(74, 273),
(75, 279),
(76, 282),
(77, 285),
(78, 286),
(79, 287),
(80, 291),
(81, 296),
(82, 297),
(83, 301),
(84, 302),
(85, 303),
(86, 304),
(87, 305),
(88, 308),
(89, 310),
(90, 313),
(91, 316),
(92, 317),
(93, 323),
(95, 325),
(96, 326),
(97, 330),
(98, 336),
(99, 337),
(100, 338),
(101, 343),
(102, 344),
(103, 345),
(104, 346),
(105, 347),
(106, 348),
(107, 349),
(108, 350),
(109, 351),
(110, 352),
(111, 353),
(112, 354),
(113, 355),
(114, 358),
(115, 360),
(116, 364),
(117, 367),
(118, 368),
(119, 369),
(120, 370),
(121, 371),
(122, 372),
(123, 373),
(124, 374),
(125, 375),
(126, 376),
(127, 377),
(128, 378),
(129, 379),
(130, 380),
(131, 384),
(132, 385),
(133, 386),
(134, 387),
(135, 389),
(136, 390),
(137, 391),
(138, 392),
(139, 393),
(140, 394),
(141, 395),
(142, 396),
(143, 397),
(144, 401),
(145, 404),
(146, 407),
(147, 411),
(148, 414),
(149, 416),
(150, 418),
(151, 419),
(152, 420),
(154, 422),
(155, 428),
(156, 429),
(157, 430),
(158, 431),
(159, 432),
(160, 436),
(161, 439),
(162, 440),
(163, 441),
(164, 442),
(165, 448),
(166, 451),
(167, 452),
(168, 453),
(169, 454),
(170, 455),
(171, 456),
(172, 457),
(173, 458),
(174, 459),
(175, 460),
(176, 461),
(177, 462),
(178, 463),
(179, 465),
(180, 467),
(181, 468),
(182, 471),
(183, 473),
(184, 475),
(185, 478),
(186, 480),
(187, 482),
(188, 484),
(189, 485),
(190, 486),
(192, 489),
(193, 490),
(194, 491),
(195, 492),
(196, 494),
(197, 495),
(198, 496),
(199, 499),
(200, 500),
(201, 505),
(202, 506),
(203, 507),
(204, 508),
(205, 509),
(206, 510),
(207, 512),
(208, 513),
(209, 517),
(210, 520),
(211, 521),
(212, 522),
(213, 523),
(214, 524),
(215, 525),
(216, 530),
(217, 531),
(218, 532),
(219, 533),
(220, 534),
(221, 535),
(222, 536),
(223, 537),
(224, 540),
(225, 541),
(226, 546),
(227, 548),
(228, 550),
(229, 552),
(230, 554),
(231, 557),
(232, 559),
(233, 560),
(234, 561),
(235, 562),
(236, 563),
(237, 564),
(238, 565),
(239, 566),
(240, 568),
(241, 569),
(242, 578),
(243, 579),
(244, 580),
(245, 582),
(246, 616),
(247, 617),
(248, 619),
(249, 620),
(250, 621),
(251, 622),
(252, 623),
(253, 624),
(254, 628),
(255, 631),
(256, 633),
(257, 635),
(259, 662),
(260, 664);

--
-- Индексы сохранённых таблиц
--

--
-- Индексы таблицы `allnames`
--
ALTER TABLE `allnames`
  ADD PRIMARY KEY (`nameid`);

--
-- Индексы таблицы `byers`
--
ALTER TABLE `byers`
  ADD PRIMARY KEY (`byers_id`),
  ADD KEY `byer_nameid` (`byers_nameid`);

--
-- Индексы таблицы `giveaways`
--
ALTER TABLE `giveaways`
  ADD PRIMARY KEY (`giveaways_id`),
  ADD KEY `requestid` (`requestid`);

--
-- Индексы таблицы `payments`
--
ALTER TABLE `payments`
  ADD PRIMARY KEY (`payments_id`),
  ADD KEY `requestid` (`requestid`);

--
-- Индексы таблицы `pricings`
--
ALTER TABLE `pricings`
  ADD PRIMARY KEY (`pricingid`);

--
-- Индексы таблицы `requests`
--
ALTER TABLE `requests`
  ADD PRIMARY KEY (`requests_id`),
  ADD KEY `req_nameid` (`requests_nameid`);

--
-- Индексы таблицы `req_positions`
--
ALTER TABLE `req_positions`
  ADD PRIMARY KEY (`req_positionid`),
  ADD UNIQUE KEY `pos_name` (`pos_name`),
  ADD KEY `requestid` (`requestid`);

--
-- Индексы таблицы `sellers`
--
ALTER TABLE `sellers`
  ADD PRIMARY KEY (`sellers_id`),
  ADD KEY `seller_nameid` (`sellers_nameid`);

--
-- Индексы таблицы `trades`
--
ALTER TABLE `trades`
  ADD PRIMARY KEY (`trades_id`),
  ADD KEY `trade_nameid` (`trades_nameid`);

--
-- AUTO_INCREMENT для сохранённых таблиц
--

--
-- AUTO_INCREMENT для таблицы `allnames`
--
ALTER TABLE `allnames`
  MODIFY `nameid` mediumint(8) UNSIGNED NOT NULL AUTO_INCREMENT, AUTO_INCREMENT=666;
--
-- AUTO_INCREMENT для таблицы `byers`
--
ALTER TABLE `byers`
  MODIFY `byers_id` smallint(5) UNSIGNED NOT NULL AUTO_INCREMENT, AUTO_INCREMENT=90;
--
-- AUTO_INCREMENT для таблицы `giveaways`
--
ALTER TABLE `giveaways`
  MODIFY `giveaways_id` smallint(5) UNSIGNED NOT NULL AUTO_INCREMENT;
--
-- AUTO_INCREMENT для таблицы `payments`
--
ALTER TABLE `payments`
  MODIFY `payments_id` smallint(5) UNSIGNED NOT NULL AUTO_INCREMENT, AUTO_INCREMENT=16;
--
-- AUTO_INCREMENT для таблицы `pricings`
--
ALTER TABLE `pricings`
  MODIFY `pricingid` smallint(5) UNSIGNED NOT NULL AUTO_INCREMENT, AUTO_INCREMENT=3;
--
-- AUTO_INCREMENT для таблицы `requests`
--
ALTER TABLE `requests`
  MODIFY `requests_id` mediumint(5) UNSIGNED NOT NULL AUTO_INCREMENT, AUTO_INCREMENT=143;
--
-- AUTO_INCREMENT для таблицы `req_positions`
--
ALTER TABLE `req_positions`
  MODIFY `req_positionid` smallint(5) UNSIGNED NOT NULL AUTO_INCREMENT, AUTO_INCREMENT=509;
--
-- AUTO_INCREMENT для таблицы `sellers`
--
ALTER TABLE `sellers`
  MODIFY `sellers_id` smallint(5) UNSIGNED NOT NULL AUTO_INCREMENT, AUTO_INCREMENT=105;
--
-- AUTO_INCREMENT для таблицы `trades`
--
ALTER TABLE `trades`
  MODIFY `trades_id` smallint(5) UNSIGNED NOT NULL AUTO_INCREMENT, AUTO_INCREMENT=261;
--
-- Ограничения внешнего ключа сохраненных таблиц
--

--
-- Ограничения внешнего ключа таблицы `byers`
--
ALTER TABLE `byers`
  ADD CONSTRAINT `byers_ibfk_1` FOREIGN KEY (`byers_nameid`) REFERENCES `allnames` (`nameid`) ON UPDATE CASCADE;

--
-- Ограничения внешнего ключа таблицы `giveaways`
--
ALTER TABLE `giveaways`
  ADD CONSTRAINT `giveaways_ibfk_1` FOREIGN KEY (`requestid`) REFERENCES `requests` (`requests_id`) ON UPDATE CASCADE;

--
-- Ограничения внешнего ключа таблицы `payments`
--
ALTER TABLE `payments`
  ADD CONSTRAINT `payments_ibfk_1` FOREIGN KEY (`requestid`) REFERENCES `requests` (`requests_id`) ON UPDATE CASCADE;

--
-- Ограничения внешнего ключа таблицы `requests`
--
ALTER TABLE `requests`
  ADD CONSTRAINT `requests_ibfk_1` FOREIGN KEY (`requests_nameid`) REFERENCES `allnames` (`nameid`) ON UPDATE CASCADE;

--
-- Ограничения внешнего ключа таблицы `req_positions`
--
ALTER TABLE `req_positions`
  ADD CONSTRAINT `req_positions_ibfk_1` FOREIGN KEY (`requestid`) REFERENCES `requests` (`requests_id`) ON UPDATE CASCADE;

--
-- Ограничения внешнего ключа таблицы `sellers`
--
ALTER TABLE `sellers`
  ADD CONSTRAINT `sellers_ibfk_1` FOREIGN KEY (`sellers_nameid`) REFERENCES `allnames` (`nameid`) ON UPDATE CASCADE;

--
-- Ограничения внешнего ключа таблицы `trades`
--
ALTER TABLE `trades`
  ADD CONSTRAINT `trades_ibfk_1` FOREIGN KEY (`trades_nameid`) REFERENCES `allnames` (`nameid`) ON UPDATE CASCADE;

/*!40101 SET CHARACTER_SET_CLIENT=@OLD_CHARACTER_SET_CLIENT */;
/*!40101 SET CHARACTER_SET_RESULTS=@OLD_CHARACTER_SET_RESULTS */;
/*!40101 SET COLLATION_CONNECTION=@OLD_COLLATION_CONNECTION */;
