-- phpMyAdmin SQL Dump
-- version 4.8.5
-- https://www.phpmyadmin.net/
--
-- Хост: 127.0.0.1
-- Время создания: Янв 20 2020 г., 10:52
-- Версия сервера: 10.1.38-MariaDB
-- Версия PHP: 7.3.2

SET SQL_MODE = "NO_AUTO_VALUE_ON_ZERO";
SET AUTOCOMMIT = 0;
START TRANSACTION;
SET time_zone = "+00:00";


/*!40101 SET @OLD_CHARACTER_SET_CLIENT=@@CHARACTER_SET_CLIENT */;
/*!40101 SET @OLD_CHARACTER_SET_RESULTS=@@CHARACTER_SET_RESULTS */;
/*!40101 SET @OLD_COLLATION_CONNECTION=@@COLLATION_CONNECTION */;
/*!40101 SET NAMES utf8mb4 */;

--
-- База данных: `prices_ip`
--

-- --------------------------------------------------------

--
-- Структура таблицы `allnames`
--

CREATE TABLE `allnames` (
  `nameid` mediumint(8) UNSIGNED NOT NULL,
  `name` varchar(255) COLLATE utf8_unicode_ci NOT NULL
) ENGINE=InnoDB DEFAULT CHARSET=utf8 COLLATE=utf8_unicode_ci;

--
-- Дамп данных таблицы `allnames`
--

INSERT INTO `allnames` (`nameid`, `name`) VALUES
(1, 'Улитов Сергей Викторович'),
(2, 'Сызранская Керамика'),
(3, 'ЧИРОЛ'),
(4, 'СУПЕРКОНТ'),
(5, 'ПЭК'),
(6, 'СОЖ Avantin 361 I-N (18 кг) в шт'),
(7, 'Наш Партнер'),
(8, 'СТС Люкс'),
(9, 'Саминтех (Би Питрон)'),
(10, 'ООО Дикомп-Классик'),
(11, 'Прогресс'),
(12, 'Стройиндустрия'),
(13, 'ВиК'),
(14, 'ООО АМ-Ойл'),
(15, 'ПРОМ ТЭК 272-56-48 / 266-84-35'),
(16, 'АО МЕДХИМ'),
(17, 'ТК Химэкспресс '),
(18, 'ЕвроСмаз (495) 730-64-15'),
(19, 'ДВК ТД'),
(20, 'Shell Tonna S3 M68 (20 л) масло для направляющих в шт'),
(21, 'КС-19 (216,5/180 кг) - масло компрессорное  в шт'),
(22, 'Castrol Magnatec 5w-40 (4 л) в шт'),
(23, 'Смазка Литол-24 (2 кг) в шт'),
(24, 'Масло Berusynth H1 220 (20л.) в шт'),
(25, 'СОЖ Avantin 361 I-N (180 кг) в шт'),
(26, 'Электропроводящая смазка СУПЕРКОНТ СКМ (1.1кг) в шт'),
(27, 'Тосол 10кг в шт'),
(28, 'Масло гидравлическое МГЕ-46 В (10л) в шт'),
(29, 'Нефрас С2 80/120 (216,5 л) в шт'),
(30, 'И-20 А (216,5л/180 кг) - масло индустриальное  в шт'),
(31, 'Масло Optigear Synt  RO 150 (20л) в шт'),
(32, 'Shell Corena S2 P 150 (Corena P 150) (20л)- компрессорное масло в шт'),
(33, 'Shell Corena S3 R 68 (20л)- компрессорное масло в шт'),
(34, 'Eni i-Sint 10W40 масло моторное п/с (4л) в шт'),
(35, 'Смазка ТОМФЛОН М3-50 (45кг) в шт'),
(36, 'Смазка ТОМФЛОН М3-50 (10кг) в шт'),
(37, 'Масло вазелиновое МХ-250 с пищ доп. минеральное(канистра 4 кг) в шт'),
(38, 'И-12 А (216,5л/180 кг) - масло индустриальное  в шт'),
(39, 'Керосин (канистра 20л) в шт'),
(40, 'Жидкость СИГБОЛ (0,455кг) ТУ 38.101741-78 (с изм.1-6) присадка антистатическая  в шт'),
(41, 'Бактерицид BECHEM BAKTERIZID RH (5 кг) в шт'),
(42, 'Shell Omala S2 GХ320 (Omala 320) (20 л) масло редукторное в шт'),
(43, 'Смазка Литол-24 (180кг) в шт'),
(44, 'Shell Corena S4 R 68 (20л)- компрессорное масло в шт'),
(45, 'Смазка Berutemp PA 1 MO (1 кг) в шт'),
(46, 'Смазка Berulub W+B Spray с пищевым допуском (400мл) в шт'),
(47, 'Смазка ПВК пушечная ГОСТ 19537-83 (2кг) в шт'),
(48, 'Смазка TUTELA ZETA 2  литиевая минер-я ведро 20кг в шт'),
(49, 'Масло моторное ENI I-Sigma Universal 10w-40 (20 л) п/синт в шт'),
(50, 'ВЫМПЕЛЬНАЯ ДОСТАВКА-С '),
(51, 'Смазка Castrol Optitemp RB-1 для протяжки (1кг)  в шт'),
(52, 'Смазка Lithium Grease EP 3 (180кг) в шт'),
(55, 'ИНСп-40 (20 л) - масло для направляющих в шт'),
(56, 'ООО ТД ПОВОЛЖЬЕ-СМ (Восток Тлт)'),
(57, 'ВОЛГАТЕХСЕРВИС'),
(58, 'ЭВЕРЕСТ'),
(59, 'ИП Подовинников Максим Викторович'),
(60, 'ИП Авинов Евгений Павлович (ИП Авинов) '),
(61, 'ООО Лубритэк (как Покупатель в ИП)'),
(62, 'ООО Масла и Смазки (ДженКом)'),
(63, 'ЭВЕРЕСТ'),
(64, 'ООО Молния (ТК)'),
(65, 'ООО Лубритэк (Поставщик из базы ИП)'),
(66, 'СДЭК-Сервис (ТК из базы ИП)'),
(67, 'ООО ТД Дженерал Компани'),
(68, 'ООО АВТОМАСТЕР'),
(69, 'ИП Бутырских (Экспресс-Авто)'),
(70, 'Масло моторное ENI I-Sigma Universal 10w-40 (4 л) п/синт в шт'),
(71, 'ENI I-Sigma performance E7 15w-40 (20л) в шт'),
(72, 'Лабомид - 203 (мешок 25 кг) в шт'),
(73, 'Мейджик Транс Самара'),
(74, 'Тосол 216 л, Дзержинский в шт'),
(76, 'ИП Таишев Марат Галиуллович');

-- --------------------------------------------------------

--
-- Структура таблицы `byers`
--

CREATE TABLE `byers` (
  `byers_id` smallint(5) UNSIGNED NOT NULL,
  `byers_nameid` mediumint(8) UNSIGNED NOT NULL,
  `ov_firstobp` float(5,2) UNSIGNED DEFAULT NULL,
  `ov_tp` float(5,2) UNSIGNED DEFAULT NULL,
  `ov_wt` float(4,2) UNSIGNED DEFAULT NULL,
  `comment` varchar(300) COLLATE utf8_unicode_ci DEFAULT NULL,
  `onec_id` varchar(15) COLLATE utf8_unicode_ci DEFAULT NULL,
  `byers_uid` varchar(50) COLLATE utf8_unicode_ci DEFAULT NULL
) ENGINE=InnoDB DEFAULT CHARSET=utf8 COLLATE=utf8_unicode_ci;

--
-- Дамп данных таблицы `byers`
--

INSERT INTO `byers` (`byers_id`, `byers_nameid`, `ov_firstobp`, `ov_tp`, `ov_wt`, `comment`, `onec_id`, `byers_uid`) VALUES
(1, 1, NULL, NULL, NULL, NULL, '﻿000000002', '60e14d10-448f-11e8-8d93-50465d50a210'),
(2, 2, 12.00, 5.26, 0.00, NULL, '000000007', '50b0f68e-600d-11e8-a735-50465d50a210'),
(3, 7, 0.00, 0.00, 0.00, NULL, '000000011', '35a0ec13-6b16-11e8-908a-50465d50a210'),
(4, 8, NULL, NULL, NULL, NULL, '000000013', 'c77ccd19-744b-11e8-a626-50465d50a210'),
(5, 9, NULL, NULL, NULL, NULL, '000000014', 'c6d13880-7471-11e8-a626-50465d50a210'),
(6, 10, 12.00, 7.53, 0.00, '7-12.  Делится 2/3 -Ц, 1/3-М', '000000022', 'e78314ca-832d-11e8-80b6-50465d50a210'),
(7, 11, 12.00, 3.00, 0.00, NULL, '000000031', 'd2547c60-b820-11e8-b988-6c626df87d4c'),
(8, 12, 13.00, 12.98, 0.00, NULL, '000000041', '6d6a84af-9101-11e9-aee5-50465d50a210'),
(9, 57, 12.00, 5.26, 0.48, NULL, '000000033', '674dacef-2b92-11e9-941f-6c626df87d4c'),
(10, 58, NULL, NULL, NULL, NULL, '000000035', 'b40867d7-3b36-11e9-96d9-50465d50a210'),
(11, 60, NULL, NULL, NULL, NULL, '000000036', '5e9c7309-3f30-11e9-be76-50465d50a210'),
(12, 61, NULL, NULL, NULL, NULL, '000000037', '4d716a52-514c-11e9-aa6c-50465d50a210');

-- --------------------------------------------------------

--
-- Структура таблицы `executes`
--

CREATE TABLE `executes` (
  `executes_id` mediumint(5) UNSIGNED NOT NULL,
  `executes_uid` varchar(50) COLLATE utf8_unicode_ci NOT NULL,
  `requests_uid` varchar(50) COLLATE utf8_unicode_ci NOT NULL,
  `executed` date NOT NULL,
  `execute_1c_num` varchar(15) COLLATE utf8_unicode_ci NOT NULL,
  `sum` float(14,2) UNSIGNED NOT NULL
) ENGINE=InnoDB DEFAULT CHARSET=utf8 COLLATE=utf8_unicode_ci;

--
-- Дамп данных таблицы `executes`
--

INSERT INTO `executes` (`executes_id`, `executes_uid`, `requests_uid`, `executed`, `execute_1c_num`, `sum`) VALUES
(35, '﻿a1d6f483-9620-11e8-939d-50465d50a210', 'e78314d2-832d-11e8-80b6-50465d50a210', '2018-08-08', '00000000005', 33830.00),
(36, '1f3bb7c0-ea48-11e8-8362-50465d50a210', '0a5a96ab-e34c-11e8-8112-50465d50a210', '2018-11-21', '00000000013', 37270.00),
(37, '73c13df0-0827-11e9-a44f-50465d50a210', '17c839c8-fd3f-11e8-888d-6c626df87d4c', '2018-12-26', '00000000015', 34350.00),
(38, '6e05ed48-3383-11e9-a3a4-50465d50a210', '1178b750-2f73-11e9-88bb-6c626df87f88', '2019-02-20', '00000000003', 7950.00),
(39, '598d84a2-d908-11e8-ae13-50465d50a210', '2fe6f87b-d839-11e8-88f3-50465d50a210', '2018-11-01', '00000000012', 19150.00),
(40, '1506e748-40aa-11e9-b599-50465d50a210', 'e96faa34-3f2c-11e9-8945-6c626df87f88', '2019-03-07', '00000000005', 10150.00),
(41, 'cb727ea5-6b1e-11e8-908a-50465d50a210', '35a0ec1a-6b16-11e8-908a-50465d50a210', '2018-06-09', '00000000002', 1800.00),
(42, '062d8a2e-82af-11e9-9a40-6c626df87d4c', 'fd952f04-5f6a-11e9-9192-6c626df87f88', '2019-05-30', '00000000015', 30750.00),
(43, 'e5658151-9c6b-11e8-98d4-50465d50a210', '15c88e8f-964e-11e8-939d-50465d50a210', '2018-08-10', '00000000006', 18000.00),
(44, '4cffb310-5c2d-11e9-b1ba-50465d50a210', '674dacf3-2b92-11e9-941f-6c626df87d4c', '2019-04-15', '00000000008', 28620.00),
(45, 'a49f36bb-1ede-11e9-8344-50465d50a210', '1a4373d7-17e4-11e9-9aab-6c626df87d4c', '2019-01-23', '00000000001', 30430.00),
(46, 'b6150fb6-60fd-11e9-8bc3-50465d50a210', '7fca886b-4653-11e9-9b90-6c626df87f88', '2019-04-17', '00000000011', 7150.00),
(47, 'a3cf7f7a-8114-11e9-b71c-50465d50a210', 'bbac9c9c-2944-11e9-a0dd-6c626df87f88', '2019-05-29', '00000000013', 36900.00),
(48, 'cf9ef7a3-35a1-11e9-a231-50465d50a210', 'bbac9c9d-2944-11e9-a0dd-6c626df87f88', '2019-02-21', '00000000004', 29250.00),
(49, '51915bc3-c0c8-11e8-a085-6c626df87d4c', '754dd9b7-b1da-11e8-a0f6-6c626df87f88', '2018-09-26', '00000000010', 38400.00),
(50, 'e2669c5b-5f34-11e8-9398-50465d50a210', '82ef333e-49ec-11e8-a1f3-50465d50a210', '2018-05-24', '00000000001', 9500.00),
(51, '598d84a0-d908-11e8-ae13-50465d50a210', 'a70555fc-cafc-11e8-a571-6c626df87f88', '2018-10-31', '00000000011', 30125.00),
(52, '428e4b55-fc58-11e8-a590-50465d50a210', '428e4b53-fc58-11e8-a590-50465d50a210', '2018-12-10', '00000000014', 12100.00),
(53, '59e8e384-b5bd-11e8-bb45-6c626df87d4c', 'c77ccd1f-744b-11e8-a626-50465d50a210', '2018-09-12', '00000000008', 14500.00),
(54, '59e8e385-b5bd-11e8-bb45-6c626df87d4c', 'c77ccd22-744b-11e8-a626-50465d50a210', '2018-09-12', '00000000009', 21000.00),
(55, 'c77ccd25-744b-11e8-a626-50465d50a210', '50b0f695-600d-11e8-a735-50465d50a210', '2018-06-20', '00000000003', 5655.00),
(56, 'c589360e-455f-11e9-bfa3-6c626df87f88', 'f494f583-35cc-11e9-addb-6c626df87f88', '2019-03-13', '00000000006', 18200.00),
(57, '9ea1e258-9974-11e9-80dc-50465d50a210', '6d6a84b5-9101-11e9-aee5-50465d50a210', '2019-06-28', '00000000019', 17500.00),
(58, 'b6150fb5-60fd-11e9-8bc3-50465d50a210', '213bb4ac-44b4-11e9-afdb-6c626df87f88', '2019-04-17', '00000000010', 31000.00),
(59, 'b6150fb9-60fd-11e9-8bc3-50465d50a210', '2cf27f8d-5ac3-11e9-b1ba-50465d50a210', '2019-04-17', '00000000012', 19800.00),
(60, '08a8fe6c-a3b4-11e9-9554-6c626df87d4c', '47e877a6-9260-11e9-b2c8-50465d50a210', '2019-07-11', '00000000020', 9750.00),
(61, '53ec9cde-9737-11e9-847c-50465d50a210', '47e877a9-9260-11e9-b2c8-50465d50a210', '2019-06-25', '00000000017', 7750.00),
(62, '4a8689fb-affe-11e8-bda9-50465d50a210', 'fcb6aa5e-9a23-11e8-b693-50465d50a210', '2018-09-04', '00000000007', 37015.00),
(63, '81ec5c4f-9270-11e9-b2c8-50465d50a210', '63a58a04-876a-11e9-b6a9-6c626df87d4c', '2019-06-19', '00000000016', 41000.00),
(64, '1a9cc1d5-840d-11e8-9f7d-50465d50a210', '175c65f8-753d-11e8-ba40-50465d50a210', '2018-07-10', '00000000004', 21975.00),
(65, '981a36bf-2a12-11e9-9ba5-50465d50a210', 'bad860cd-b5c4-11e8-bb45-6c626df87d4c', '2019-02-07', '00000000002', 35550.00),
(66, '578a0b40-98d9-11e9-ab0c-6c626df87d4c', 'a141dd34-8b5b-11e9-bf98-6c626df87f88', '2019-06-27', '00000000018', 18200.00),
(67, '488e3cd3-81cf-11e9-b71c-50465d50a210', 'd19f02a7-757d-11e9-bf9e-6c626df87f88', '2019-05-29', '00000000014', 20100.00),
(68, 'dc65e64b-5612-11e9-83dd-50465d50a210', '8c3b9eed-4592-11e9-bfa3-6c626df87f88', '2019-04-04', '00000000007', 19990.00),
(69, '9121eba5-afb7-11e9-97f7-50465d50a210', '8a580766-a3ef-11e9-84c0-6c626df87f88', '2019-08-06', '00000000021', 19875.00),
(70, '86b9b3c6-d2f8-11e9-9e2c-50465d50a210', '00075401-81fc-11e9-85fd-6c626df87d4c', '2019-09-10', '00000000024', 37000.00),
(71, 'eb6088ad-ca67-11e9-9128-6c626df87f88', '8134efc5-a95a-11e9-8d78-6c626df87f88', '2019-08-30', '00000000022', 23975.00),
(72, '86b9b3d0-d2f8-11e9-9e2c-50465d50a210', '38708aa5-ba99-11e9-a3cb-50465d50a210', '2019-09-11', '00000000025', 29050.00),
(73, 'eb6088ae-ca67-11e9-9128-6c626df87f88', 'bdcf4fd1-c34c-11e9-a8a0-6c626df87f88', '2019-08-30', '00000000023', 41180.00),
(74, '03544e9f-eb54-11e9-8dbf-50465d50a210', '7ac822ef-d308-11e9-9159-6c626df87f88', '2019-10-11', '00000000027', 29050.00),
(75, 'b4a04fcb-ea6a-11e9-aa59-50465d50a210', '6a2392c5-e0f5-11e9-91e5-6c626df87f88', '2019-10-09', '00000000026', 19950.00);

-- --------------------------------------------------------

--
-- Структура таблицы `exec_trades`
--

CREATE TABLE `exec_trades` (
  `exec_trades_id` smallint(5) UNSIGNED NOT NULL,
  `exec_trades_uid` varchar(50) COLLATE utf8_unicode_ci DEFAULT NULL,
  `byers_uid` varchar(50) COLLATE utf8_unicode_ci DEFAULT NULL,
  `executed` date NOT NULL,
  `exec_1c_num` varchar(15) COLLATE utf8_unicode_ci NOT NULL,
  `line_num` tinyint(2) UNSIGNED NOT NULL,
  `trades_uid` varchar(50) COLLATE utf8_unicode_ci DEFAULT NULL,
  `kol` smallint(5) UNSIGNED NOT NULL,
  `price` float(14,2) UNSIGNED NOT NULL,
  `sum` float(14,2) UNSIGNED NOT NULL
) ENGINE=InnoDB DEFAULT CHARSET=utf8 COLLATE=utf8_unicode_ci;

--
-- Дамп данных таблицы `exec_trades`
--

INSERT INTO `exec_trades` (`exec_trades_id`, `exec_trades_uid`, `byers_uid`, `executed`, `exec_1c_num`, `line_num`, `trades_uid`, `kol`, `price`, `sum`) VALUES
(1, '﻿e2669c5b-5f34-11e8-9398-50465d50a210', 'c6d13880-7471-11e8-a626-50465d50a210', '2018-05-24', '00000000001', 1, '82ef333b-49ec-11e8-a1f3-50465d50a210', 1, 9500.00, 9500.00),
(2, 'cb727ea5-6b1e-11e8-908a-50465d50a210', '35a0ec13-6b16-11e8-908a-50465d50a210', '2018-06-09', '00000000002', 1, '35a0ec18-6b16-11e8-908a-50465d50a210', 2, 900.00, 1800.00),
(3, 'c77ccd25-744b-11e8-a626-50465d50a210', '50b0f68e-600d-11e8-a735-50465d50a210', '2018-06-20', '00000000003', 1, '50b0f693-600d-11e8-a735-50465d50a210', 1, 5655.00, 5655.00),
(4, '1a9cc1d5-840d-11e8-9f7d-50465d50a210', '50b0f68e-600d-11e8-a735-50465d50a210', '2018-07-10', '00000000004', 1, '175c65f6-753d-11e8-ba40-50465d50a210', 1, 21975.00, 21975.00),
(5, 'a1d6f483-9620-11e8-939d-50465d50a210', 'e78314ca-832d-11e8-80b6-50465d50a210', '2018-08-08', '00000000005', 1, '430a2cd5-786b-11e8-b212-50465d50a210', 1, 6700.00, 6700.00),
(6, 'a1d6f483-9620-11e8-939d-50465d50a210', 'e78314ca-832d-11e8-80b6-50465d50a210', '2018-08-08', '00000000005', 2, '430a2cd3-786b-11e8-b212-50465d50a210', 3, 8350.00, 25050.00),
(7, 'a1d6f483-9620-11e8-939d-50465d50a210', 'e78314ca-832d-11e8-80b6-50465d50a210', '2018-08-08', '00000000005', 3, 'e78314d0-832d-11e8-80b6-50465d50a210', 4, 520.00, 2080.00),
(8, 'e5658151-9c6b-11e8-98d4-50465d50a210', '50b0f68e-600d-11e8-a735-50465d50a210', '2018-08-10', '00000000006', 1, '15c88e8d-964e-11e8-939d-50465d50a210', 3, 6000.00, 18000.00),
(9, '4a8689fb-affe-11e8-bda9-50465d50a210', 'e78314ca-832d-11e8-80b6-50465d50a210', '2018-09-04', '00000000007', 1, '430a2cd5-786b-11e8-b212-50465d50a210', 1, 7000.00, 7000.00),
(10, '4a8689fb-affe-11e8-bda9-50465d50a210', 'e78314ca-832d-11e8-80b6-50465d50a210', '2018-09-04', '00000000007', 2, '430a2cd3-786b-11e8-b212-50465d50a210', 3, 8795.00, 26385.00),
(11, '4a8689fb-affe-11e8-bda9-50465d50a210', 'e78314ca-832d-11e8-80b6-50465d50a210', '2018-09-04', '00000000007', 3, 'e78314d0-832d-11e8-80b6-50465d50a210', 4, 520.00, 2080.00),
(12, '4a8689fb-affe-11e8-bda9-50465d50a210', 'e78314ca-832d-11e8-80b6-50465d50a210', '2018-09-04', '00000000007', 4, 'fcb6aa5f-9a23-11e8-b693-50465d50a210', 1, 1550.00, 1550.00),
(13, '59e8e384-b5bd-11e8-bb45-6c626df87d4c', 'c77ccd19-744b-11e8-a626-50465d50a210', '2018-09-12', '00000000008', 1, 'c77ccd20-744b-11e8-a626-50465d50a210', 1, 14500.00, 14500.00),
(14, '59e8e385-b5bd-11e8-bb45-6c626df87d4c', 'c77ccd19-744b-11e8-a626-50465d50a210', '2018-09-12', '00000000009', 1, 'c6d1387b-7471-11e8-a626-50465d50a210', 2, 10500.00, 21000.00),
(15, '51915bc3-c0c8-11e8-a085-6c626df87d4c', 'e78314ca-832d-11e8-80b6-50465d50a210', '2018-09-26', '00000000010', 1, '430a2cd5-786b-11e8-b212-50465d50a210', 2, 8375.00, 16750.00),
(16, '51915bc3-c0c8-11e8-a085-6c626df87d4c', 'e78314ca-832d-11e8-80b6-50465d50a210', '2018-09-26', '00000000010', 2, '430a2cd3-786b-11e8-b212-50465d50a210', 2, 9250.00, 18500.00),
(17, '51915bc3-c0c8-11e8-a085-6c626df87d4c', 'e78314ca-832d-11e8-80b6-50465d50a210', '2018-09-26', '00000000010', 3, 'fcb6aa5f-9a23-11e8-b693-50465d50a210', 2, 1575.00, 3150.00),
(18, '598d84a0-d908-11e8-ae13-50465d50a210', 'e78314ca-832d-11e8-80b6-50465d50a210', '2018-10-31', '00000000011', 1, '430a2cd5-786b-11e8-b212-50465d50a210', 1, 8525.00, 8525.00),
(19, '598d84a0-d908-11e8-ae13-50465d50a210', 'e78314ca-832d-11e8-80b6-50465d50a210', '2018-10-31', '00000000011', 2, '430a2cd3-786b-11e8-b212-50465d50a210', 2, 9225.00, 18450.00),
(20, '598d84a0-d908-11e8-ae13-50465d50a210', 'e78314ca-832d-11e8-80b6-50465d50a210', '2018-10-31', '00000000011', 3, 'fcb6aa5f-9a23-11e8-b693-50465d50a210', 2, 1575.00, 3150.00),
(21, '598d84a2-d908-11e8-ae13-50465d50a210', 'c6d13880-7471-11e8-a626-50465d50a210', '2018-11-01', '00000000012', 1, '82ef333b-49ec-11e8-a1f3-50465d50a210', 2, 9575.00, 19150.00),
(22, '1f3bb7c0-ea48-11e8-8362-50465d50a210', 'e78314ca-832d-11e8-80b6-50465d50a210', '2018-11-21', '00000000013', 1, '0a5a96a9-e34c-11e8-8112-50465d50a210', 1, 6995.00, 6995.00),
(23, '1f3bb7c0-ea48-11e8-8362-50465d50a210', 'e78314ca-832d-11e8-80b6-50465d50a210', '2018-11-21', '00000000013', 2, '430a2cd3-786b-11e8-b212-50465d50a210', 2, 9225.00, 18450.00),
(24, '1f3bb7c0-ea48-11e8-8362-50465d50a210', 'e78314ca-832d-11e8-80b6-50465d50a210', '2018-11-21', '00000000013', 3, '430a2cd5-786b-11e8-b212-50465d50a210', 1, 8525.00, 8525.00),
(25, '1f3bb7c0-ea48-11e8-8362-50465d50a210', 'e78314ca-832d-11e8-80b6-50465d50a210', '2018-11-21', '00000000013', 4, 'fcb6aa5f-9a23-11e8-b693-50465d50a210', 2, 1650.00, 3300.00),
(26, '428e4b55-fc58-11e8-a590-50465d50a210', 'c6d13880-7471-11e8-a626-50465d50a210', '2018-12-10', '00000000014', 1, 'd2547c64-b820-11e8-b988-6c626df87d4c', 1, 12100.00, 12100.00),
(27, '73c13df0-0827-11e9-a44f-50465d50a210', 'e78314ca-832d-11e8-80b6-50465d50a210', '2018-12-26', '00000000015', 1, 'fcb6aa5f-9a23-11e8-b693-50465d50a210', 2, 1750.00, 3500.00),
(28, '73c13df0-0827-11e9-a44f-50465d50a210', 'e78314ca-832d-11e8-80b6-50465d50a210', '2018-12-26', '00000000015', 2, 'e78314d0-832d-11e8-80b6-50465d50a210', 4, 525.00, 2100.00),
(29, '73c13df0-0827-11e9-a44f-50465d50a210', 'e78314ca-832d-11e8-80b6-50465d50a210', '2018-12-26', '00000000015', 3, '430a2cd3-786b-11e8-b212-50465d50a210', 1, 9250.00, 9250.00),
(30, '73c13df0-0827-11e9-a44f-50465d50a210', 'e78314ca-832d-11e8-80b6-50465d50a210', '2018-12-26', '00000000015', 4, '17c839c6-fd3f-11e8-888d-6c626df87d4c', 1, 19500.00, 19500.00),
(31, 'a49f36bb-1ede-11e9-8344-50465d50a210', 'e78314ca-832d-11e8-80b6-50465d50a210', '2019-01-23', '00000000001', 1, 'fcb6aa5f-9a23-11e8-b693-50465d50a210', 2, 1795.00, 3590.00),
(32, 'a49f36bb-1ede-11e9-8344-50465d50a210', 'e78314ca-832d-11e8-80b6-50465d50a210', '2019-01-23', '00000000001', 2, '430a2cd3-786b-11e8-b212-50465d50a210', 1, 9350.00, 9350.00),
(33, 'a49f36bb-1ede-11e9-8344-50465d50a210', 'e78314ca-832d-11e8-80b6-50465d50a210', '2019-01-23', '00000000001', 3, '430a2cd5-786b-11e8-b212-50465d50a210', 2, 8745.00, 17490.00),
(34, '981a36bf-2a12-11e9-9ba5-50465d50a210', 'c77ccd19-744b-11e8-a626-50465d50a210', '2019-02-07', '00000000002', 1, 'c77ccd20-744b-11e8-a626-50465d50a210', 1, 14250.00, 14250.00),
(35, '981a36bf-2a12-11e9-9ba5-50465d50a210', 'c77ccd19-744b-11e8-a626-50465d50a210', '2019-02-07', '00000000002', 2, 'c6d1387b-7471-11e8-a626-50465d50a210', 2, 10650.00, 21300.00),
(36, '6e05ed48-3383-11e9-a3a4-50465d50a210', '674dacef-2b92-11e9-941f-6c626df87d4c', '2019-02-20', '00000000003', 1, '1178b74c-2f73-11e9-88bb-6c626df87f88', 3, 2650.00, 7950.00),
(37, 'cf9ef7a3-35a1-11e9-a231-50465d50a210', 'e78314ca-832d-11e8-80b6-50465d50a210', '2019-02-21', '00000000004', 1, 'fcb6aa5f-9a23-11e8-b693-50465d50a210', 1, 1800.00, 1800.00),
(38, 'cf9ef7a3-35a1-11e9-a231-50465d50a210', 'e78314ca-832d-11e8-80b6-50465d50a210', '2019-02-21', '00000000004', 2, '430a2cd3-786b-11e8-b212-50465d50a210', 2, 9350.00, 18700.00),
(39, 'cf9ef7a3-35a1-11e9-a231-50465d50a210', 'e78314ca-832d-11e8-80b6-50465d50a210', '2019-02-21', '00000000004', 3, '430a2cd5-786b-11e8-b212-50465d50a210', 1, 8750.00, 8750.00),
(40, '1506e748-40aa-11e9-b599-50465d50a210', '5e9c7309-3f30-11e9-be76-50465d50a210', '2019-03-07', '00000000005', 1, '29d44ad9-7ad2-11e8-b6fa-50465d50a210', 3, 1400.00, 4200.00),
(41, '1506e748-40aa-11e9-b599-50465d50a210', '5e9c7309-3f30-11e9-be76-50465d50a210', '2019-03-07', '00000000005', 2, 'e96faa32-3f2c-11e9-8945-6c626df87f88', 1, 5950.00, 5950.00),
(42, 'c589360e-455f-11e9-bfa3-6c626df87f88', '50b0f68e-600d-11e8-a735-50465d50a210', '2019-03-13', '00000000006', 1, 'f494f581-35cc-11e9-addb-6c626df87f88', 2, 9100.00, 18200.00),
(43, 'dc65e64b-5612-11e9-83dd-50465d50a210', 'c6d13880-7471-11e8-a626-50465d50a210', '2019-04-04', '00000000007', 1, '82ef333b-49ec-11e8-a1f3-50465d50a210', 2, 9995.00, 19990.00),
(44, '4cffb310-5c2d-11e9-b1ba-50465d50a210', '674dacef-2b92-11e9-941f-6c626df87d4c', '2019-04-15', '00000000008', 1, '674dacf4-2b92-11e9-941f-6c626df87d4c', 36, 795.00, 28620.00),
(45, 'b6150fb5-60fd-11e9-8bc3-50465d50a210', 'e78314ca-832d-11e8-80b6-50465d50a210', '2019-04-17', '00000000010', 1, 'fcb6aa5f-9a23-11e8-b693-50465d50a210', 2, 1775.00, 3550.00),
(46, 'b6150fb5-60fd-11e9-8bc3-50465d50a210', 'e78314ca-832d-11e8-80b6-50465d50a210', '2019-04-17', '00000000010', 2, '430a2cd3-786b-11e8-b212-50465d50a210', 2, 9350.00, 18700.00),
(47, 'b6150fb5-60fd-11e9-8bc3-50465d50a210', 'e78314ca-832d-11e8-80b6-50465d50a210', '2019-04-17', '00000000010', 3, '430a2cd5-786b-11e8-b212-50465d50a210', 1, 8750.00, 8750.00),
(48, 'b6150fb6-60fd-11e9-8bc3-50465d50a210', 'e78314ca-832d-11e8-80b6-50465d50a210', '2019-04-17', '00000000011', 1, '0a5a96a9-e34c-11e8-8112-50465d50a210', 1, 7150.00, 7150.00),
(49, 'b6150fb9-60fd-11e9-8bc3-50465d50a210', 'e78314ca-832d-11e8-80b6-50465d50a210', '2019-04-17', '00000000012', 1, 'fcb6aa5f-9a23-11e8-b693-50465d50a210', 1, 1785.00, 1785.00),
(50, 'b6150fb9-60fd-11e9-8bc3-50465d50a210', 'e78314ca-832d-11e8-80b6-50465d50a210', '2019-04-17', '00000000012', 2, '430a2cd3-786b-11e8-b212-50465d50a210', 1, 9290.00, 9290.00),
(51, 'b6150fb9-60fd-11e9-8bc3-50465d50a210', 'e78314ca-832d-11e8-80b6-50465d50a210', '2019-04-17', '00000000012', 3, '430a2cd5-786b-11e8-b212-50465d50a210', 1, 8725.00, 8725.00),
(52, '488e3cd3-81cf-11e9-b71c-50465d50a210', 'e78314ca-832d-11e8-80b6-50465d50a210', '2019-05-29', '00000000014', 1, '430a2cd3-786b-11e8-b212-50465d50a210', 1, 9325.00, 9325.00),
(53, '488e3cd3-81cf-11e9-b71c-50465d50a210', 'e78314ca-832d-11e8-80b6-50465d50a210', '2019-05-29', '00000000014', 2, '430a2cd5-786b-11e8-b212-50465d50a210', 1, 8875.00, 8875.00),
(54, '488e3cd3-81cf-11e9-b71c-50465d50a210', 'e78314ca-832d-11e8-80b6-50465d50a210', '2019-05-29', '00000000014', 3, 'd19f02a5-757d-11e9-bf9e-6c626df87f88', 5, 380.00, 1900.00),
(55, 'a3cf7f7a-8114-11e9-b71c-50465d50a210', 'c77ccd19-744b-11e8-a626-50465d50a210', '2019-05-29', '00000000013', 1, 'c6d1387b-7471-11e8-a626-50465d50a210', 2, 10975.00, 21950.00),
(56, 'a3cf7f7a-8114-11e9-b71c-50465d50a210', 'c77ccd19-744b-11e8-a626-50465d50a210', '2019-05-29', '00000000013', 2, 'c77ccd20-744b-11e8-a626-50465d50a210', 1, 14950.00, 14950.00),
(57, '062d8a2e-82af-11e9-9a40-6c626df87d4c', '674dacef-2b92-11e9-941f-6c626df87d4c', '2019-05-30', '00000000015', 1, '82ef333b-49ec-11e8-a1f3-50465d50a210', 3, 10250.00, 30750.00),
(58, '81ec5c4f-9270-11e9-b2c8-50465d50a210', '674dacef-2b92-11e9-941f-6c626df87d4c', '2019-06-19', '00000000016', 1, '82ef333b-49ec-11e8-a1f3-50465d50a210', 4, 10250.00, 41000.00),
(59, '53ec9cde-9737-11e9-847c-50465d50a210', 'c6d13880-7471-11e8-a626-50465d50a210', '2019-06-25', '00000000017', 1, '47e877a7-9260-11e9-b2c8-50465d50a210', 1, 7750.00, 7750.00),
(60, '578a0b40-98d9-11e9-ab0c-6c626df87d4c', 'e78314ca-832d-11e8-80b6-50465d50a210', '2019-06-27', '00000000018', 1, '430a2cd3-786b-11e8-b212-50465d50a210', 1, 9325.00, 9325.00),
(61, '578a0b40-98d9-11e9-ab0c-6c626df87d4c', 'e78314ca-832d-11e8-80b6-50465d50a210', '2019-06-27', '00000000018', 2, '430a2cd5-786b-11e8-b212-50465d50a210', 1, 8875.00, 8875.00),
(62, '9ea1e258-9974-11e9-80dc-50465d50a210', '6d6a84af-9101-11e9-aee5-50465d50a210', '2019-06-28', '00000000019', 1, '6d6a84b3-9101-11e9-aee5-50465d50a210', 1, 17500.00, 17500.00),
(63, '08a8fe6c-a3b4-11e9-9554-6c626df87d4c', 'c6d13880-7471-11e8-a626-50465d50a210', '2019-07-11', '00000000020', 1, '82ef333b-49ec-11e8-a1f3-50465d50a210', 1, 9750.00, 9750.00),
(64, '9121eba5-afb7-11e9-97f7-50465d50a210', 'e78314ca-832d-11e8-80b6-50465d50a210', '2019-08-06', '00000000021', 1, 'fcb6aa5f-9a23-11e8-b693-50465d50a210', 1, 1800.00, 1800.00),
(65, '9121eba5-afb7-11e9-97f7-50465d50a210', 'e78314ca-832d-11e8-80b6-50465d50a210', '2019-08-06', '00000000021', 2, '430a2cd3-786b-11e8-b212-50465d50a210', 1, 9275.00, 9275.00),
(66, '9121eba5-afb7-11e9-97f7-50465d50a210', 'e78314ca-832d-11e8-80b6-50465d50a210', '2019-08-06', '00000000021', 3, '430a2cd5-786b-11e8-b212-50465d50a210', 1, 8800.00, 8800.00),
(67, 'eb6088ad-ca67-11e9-9128-6c626df87f88', '674dacef-2b92-11e9-941f-6c626df87d4c', '2019-08-30', '00000000022', 1, 'a538c7dd-6b3d-11e9-a8a5-6c626df87f88', 1, 23975.00, 23975.00),
(68, 'eb6088ae-ca67-11e9-9128-6c626df87f88', '674dacef-2b92-11e9-941f-6c626df87d4c', '2019-08-30', '00000000023', 1, '82ef333b-49ec-11e8-a1f3-50465d50a210', 4, 10295.00, 41180.00),
(69, '86b9b3c6-d2f8-11e9-9e2c-50465d50a210', 'c77ccd19-744b-11e8-a626-50465d50a210', '2019-09-10', '00000000024', 1, 'c77ccd20-744b-11e8-a626-50465d50a210', 1, 15000.00, 15000.00),
(70, '86b9b3c6-d2f8-11e9-9e2c-50465d50a210', 'c77ccd19-744b-11e8-a626-50465d50a210', '2019-09-10', '00000000024', 2, 'c6d1387b-7471-11e8-a626-50465d50a210', 2, 11000.00, 22000.00),
(71, '86b9b3d0-d2f8-11e9-9e2c-50465d50a210', 'e78314ca-832d-11e8-80b6-50465d50a210', '2019-09-11', '00000000025', 1, '430a2cd3-786b-11e8-b212-50465d50a210', 1, 9300.00, 9300.00),
(72, '86b9b3d0-d2f8-11e9-9e2c-50465d50a210', 'e78314ca-832d-11e8-80b6-50465d50a210', '2019-09-11', '00000000025', 2, '17c839c6-fd3f-11e8-888d-6c626df87d4c', 1, 19750.00, 19750.00),
(73, 'b4a04fcb-ea6a-11e9-aa59-50465d50a210', '674dacef-2b92-11e9-941f-6c626df87d4c', '2019-10-09', '00000000026', 1, '82ef333b-49ec-11e8-a1f3-50465d50a210', 2, 9975.00, 19950.00),
(74, '03544e9f-eb54-11e9-8dbf-50465d50a210', 'e78314ca-832d-11e8-80b6-50465d50a210', '2019-10-11', '00000000027', 1, '430a2cd3-786b-11e8-b212-50465d50a210', 1, 9300.00, 9300.00),
(75, '03544e9f-eb54-11e9-8dbf-50465d50a210', 'e78314ca-832d-11e8-80b6-50465d50a210', '2019-10-11', '00000000027', 2, '17c839c6-fd3f-11e8-888d-6c626df87d4c', 1, 19750.00, 19750.00);

-- --------------------------------------------------------

--
-- Структура таблицы `giveaways`
--

CREATE TABLE `giveaways` (
  `given_away` date NOT NULL,
  `giveaways_id` smallint(5) UNSIGNED NOT NULL,
  `comment` varchar(255) COLLATE utf8_unicode_ci DEFAULT NULL,
  `giveaway_sum` float(14,2) UNSIGNED NOT NULL,
  `requestid` mediumint(8) UNSIGNED NOT NULL,
  `byersid` smallint(5) UNSIGNED NOT NULL,
  `year_given` enum('2019','2018') COLLATE utf8_unicode_ci DEFAULT NULL
) ENGINE=InnoDB DEFAULT CHARSET=utf8 COLLATE=utf8_unicode_ci;

--
-- Дамп данных таблицы `giveaways`
--

INSERT INTO `giveaways` (`given_away`, `giveaways_id`, `comment`, `giveaway_sum`, `requestid`, `byersid`, `year_given`) VALUES
('2019-05-24', 1, '', 1245.00, 0, 6, '2019'),
('2019-07-12', 2, 'за КС-19', 1575.03, 0, 8, '2019'),
('2019-07-13', 3, '', 1125.00, 0, 6, '2019'),
('2019-08-11', 4, '', 1225.00, 0, 6, '2019'),
('2019-09-10', 5, '', 1790.00, 0, 6, '2019'),
('2019-09-05', 6, '', 2865.00, 0, 9, '2019'),
('2019-10-22', 7, '', 875.00, 0, 9, '2019'),
('2019-10-16', 8, 'Олегу', 1175.00, 0, 6, '2019');

-- --------------------------------------------------------

--
-- Структура таблицы `options`
--

CREATE TABLE `options` (
  `options_id` varchar(20) COLLATE utf8_unicode_ci NOT NULL DEFAULT 'general',
  `ga_period` enum('year','quarter','month') COLLATE utf8_unicode_ci NOT NULL DEFAULT 'year'
) ENGINE=InnoDB DEFAULT CHARSET=utf8 COLLATE=utf8_unicode_ci;

-- --------------------------------------------------------

--
-- Структура таблицы `payments`
--

CREATE TABLE `payments` (
  `payed` date NOT NULL,
  `payments_id` smallint(5) UNSIGNED NOT NULL,
  `onec_id` varchar(15) COLLATE utf8_unicode_ci DEFAULT NULL,
  `payments_uid` varchar(50) COLLATE utf8_unicode_ci DEFAULT NULL,
  `number` smallint(5) UNSIGNED NOT NULL,
  `sum` float(14,2) UNSIGNED NOT NULL,
  `requestid` mediumint(8) UNSIGNED NOT NULL
) ENGINE=InnoDB DEFAULT CHARSET=utf8 COLLATE=utf8_unicode_ci;

--
-- Дамп данных таблицы `payments`
--

INSERT INTO `payments` (`payed`, `payments_id`, `onec_id`, `payments_uid`, `number`, `sum`, `requestid`) VALUES
('2018-05-11', 22, '00000000004', 'cdca7315-b80b-11e9-b25f-50465d50a210', 67, 9500.00, 46),
('2018-06-21', 23, '00000000007', 'cdca731d-b80b-11e9-b25f-50465d50a210', 210, 14500.00, 6),
('2018-06-21', 24, '00000000008', 'cdca731e-b80b-11e9-b25f-50465d50a210', 209, 21000.00, 5),
('2018-06-26', 25, '00000000009', 'cdca7321-b80b-11e9-b25f-50465d50a210', 58, 1800.00, 4),
('2018-07-12', 26, '00000000010', 'cdca7324-b80b-11e9-b25f-50465d50a210', 3611, 5655.00, 3),
('2018-07-12', 27, '00000000011', 'cdca7325-b80b-11e9-b25f-50465d50a210', 263, 33830.00, 8),
('2018-08-02', 28, '00000000014', '814d8ffc-b810-11e9-b25f-50465d50a210', 4109, 21975.00, 7),
('2018-08-10', 29, '00000000015', '814d9001-b810-11e9-b25f-50465d50a210', 33, 37015.00, 10),
('2018-08-29', 30, '00000000016', '814d9006-b810-11e9-b25f-50465d50a210', 4559, 18000.00, 9),
('2018-09-07', 31, '00000000017', '814d9009-b810-11e9-b25f-50465d50a210', 571, 38400.00, 11),
('2018-09-12', 32, '00000000018', '814d900d-b810-11e9-b25f-50465d50a210', 310, 35550.00, 12),
('2018-10-16', 33, '00000000020', '814d901a-b810-11e9-b25f-50465d50a210', 686, 30125.00, 15),
('2018-10-25', 34, '00000000021', '814d901c-b810-11e9-b25f-50465d50a210', 179, 19150.00, 16),
('2018-11-09', 35, '00000000022', '814d9029-b810-11e9-b25f-50465d50a210', 789, 37270.00, 17),
('2018-12-13', 36, '00000000023', '814d902f-b810-11e9-b25f-50465d50a210', 430, 34350.00, 21),
('2018-12-27', 37, '00000000027', '048a2dd5-b811-11e9-b25f-50465d50a210', 226, 12100.00, 20),
('2019-01-15', 38, '00000000001', '048a2dda-b811-11e9-b25f-50465d50a210', 21, 30430.00, 22),
('2019-02-06', 39, '00000000003', '048a2de6-b811-11e9-b25f-50465d50a210', 561, 29250.00, 25),
('2019-02-07', 40, '00000000004', '048a2de7-b811-11e9-b25f-50465d50a210', 41, 36900.00, 24),
('2019-02-13', 41, '00000000005', '048a2dec-b811-11e9-b25f-50465d50a210', 23, 14310.00, 26),
('2019-02-18', 42, '00000000006', '048a2dee-b811-11e9-b25f-50465d50a210', 29, 7950.00, 27),
('2019-03-07', 43, '00000000010', '048a2df9-b811-11e9-b25f-50465d50a210', 25, 10150.00, 30),
('2019-03-14', 44, '00000000011', '048a2dfa-b811-11e9-b25f-50465d50a210', 44, 19990.00, 32),
('2019-03-21', 45, '00000000013', '048a2e03-b811-11e9-b25f-50465d50a210', 1474, 18200.00, 29),
('2019-03-22', 46, '00000000014', '048a2e04-b811-11e9-b25f-50465d50a210', 165, 7150.00, 33),
('2019-03-22', 47, '00000000015', '048a2e05-b811-11e9-b25f-50465d50a210', 166, 31000.00, 31),
('2019-04-10', 48, '00000000016', '048a2e0c-b811-11e9-b25f-50465d50a210', 74, 14310.00, 26),
('2019-04-15', 49, '00000000018', '048a2e10-b811-11e9-b25f-50465d50a210', 929, 19800.00, 35),
('2019-05-14', 50, '00000000022', 'd5fd5d45-b814-11e9-b25f-50465d50a210', 241, 20100.00, 39),
('2019-05-22', 51, '00000000023', 'd5fd5d48-b814-11e9-b25f-50465d50a210', 108, 30750.00, 36),
('2019-05-31', 52, '00000000024', 'd5fd5d4e-b814-11e9-b25f-50465d50a210', 232, 37000.00, 40),
('2019-06-06', 53, '00000000025', 'd5fd5d52-b814-11e9-b25f-50465d50a210', 114, 20500.00, 41),
('2019-06-13', 54, '00000000027', 'd5fd5d58-b814-11e9-b25f-50465d50a210', 320, 18200.00, 42),
('2019-06-19', 55, '00000000028', 'd5fd5d5c-b814-11e9-b25f-50465d50a210', 108, 7750.00, 44),
('2019-06-19', 56, '00000000029', 'd5fd5d5d-b814-11e9-b25f-50465d50a210', 109, 9750.00, 45),
('2019-06-21', 57, '00000000030', 'd5fd5d5e-b814-11e9-b25f-50465d50a210', 1390, 17500.00, 43),
('2019-06-27', 58, '00000000031', 'd5fd5d64-b814-11e9-b25f-50465d50a210', 132, 20500.00, 41),
('2019-07-12', 59, '00000000032', 'd5fd5d68-b814-11e9-b25f-50465d50a210', 104, 19875.00, 47),
('2019-07-22', 60, '﻿00000000033', 'd5fd5d6f-b814-11e9-b25f-50465d50a210', 150, 23975.00, 48),
('2019-08-12', 61, '﻿00000000036', '2d3fd8df-c37d-11e9-9942-50465d50a210', 535, 29050.00, 49),
('2019-08-26', 62, '00000000038', '3fea36bc-fd3c-11e9-993d-50465d50a210', 177, 41180.00, 51),
('2019-09-10', 63, '00000000039', '3fea36bf-fd3c-11e9-993d-50465d50a210', 389, 36750.00, 52),
('2019-09-10', 64, '00000000040', '3fea36c0-fd3c-11e9-993d-50465d50a210', 620, 29050.00, 53),
('2019-09-27', 65, '00000000041', '3fea36c1-fd3c-11e9-993d-50465d50a210', 205, 19950.00, 59),
('2019-10-29', 66, '﻿00000000044', '3fea36c7-fd3c-11e9-993d-50465d50a210', 14, 18175.00, 60);

-- --------------------------------------------------------

--
-- Структура таблицы `pricings`
--

CREATE TABLE `pricings` (
  `pricingid` smallint(5) UNSIGNED NOT NULL,
  `positionid` smallint(5) UNSIGNED NOT NULL,
  `tradeid` smallint(5) UNSIGNED NOT NULL,
  `sellerid` smallint(5) UNSIGNED DEFAULT NULL,
  `zak` float UNSIGNED DEFAULT NULL,
  `kol` smallint(5) UNSIGNED NOT NULL,
  `tzr` smallint(5) UNSIGNED NOT NULL DEFAULT '0',
  `tzrknam` smallint(5) UNSIGNED NOT NULL DEFAULT '0',
  `tzrkpok` smallint(5) UNSIGNED NOT NULL DEFAULT '0',
  `wtime` float UNSIGNED DEFAULT NULL,
  `fixed` smallint(5) UNSIGNED NOT NULL,
  `op` float(9,2) UNSIGNED NOT NULL,
  `tp` float(8,2) UNSIGNED DEFAULT NULL,
  `opr` float UNSIGNED NOT NULL,
  `tpr` float UNSIGNED DEFAULT NULL,
  `firstobp` float UNSIGNED DEFAULT NULL,
  `firstobpr` float UNSIGNED DEFAULT NULL,
  `firstoh` float UNSIGNED DEFAULT NULL,
  `marge` float UNSIGNED DEFAULT NULL,
  `margek` float UNSIGNED DEFAULT NULL,
  `rop` float UNSIGNED DEFAULT NULL,
  `realop` float UNSIGNED DEFAULT NULL,
  `rtp` float UNSIGNED DEFAULT NULL,
  `realtp` float UNSIGNED DEFAULT NULL,
  `clearp` float(9,2) UNSIGNED DEFAULT NULL,
  `obp` float UNSIGNED DEFAULT NULL,
  `oh` smallint(5) UNSIGNED DEFAULT NULL,
  `price` float(14,3) UNSIGNED NOT NULL,
  `rent` float UNSIGNED NOT NULL,
  `winner` smallint(5) UNSIGNED DEFAULT NULL,
  `wtr` float UNSIGNED NOT NULL DEFAULT '0',
  `wtimeday` tinyint(3) UNSIGNED NOT NULL DEFAULT '0'
) ENGINE=InnoDB DEFAULT CHARSET=utf8 COLLATE=utf8_unicode_ci;

--
-- Дамп данных таблицы `pricings`
--

INSERT INTO `pricings` (`pricingid`, `positionid`, `tradeid`, `sellerid`, `zak`, `kol`, `tzr`, `tzrknam`, `tzrkpok`, `wtime`, `fixed`, `op`, `tp`, `opr`, `tpr`, `firstobp`, `firstobpr`, `firstoh`, `marge`, `margek`, `rop`, `realop`, `rtp`, `realtp`, `clearp`, `obp`, `oh`, `price`, `rent`, `winner`, `wtr`, `wtimeday`) VALUES
(2, 2, 7, 0, 0, 1, 0, 0, 0, 0, 0, 0.00, 0.00, 0, NULL, 0, NULL, NULL, NULL, NULL, NULL, NULL, NULL, NULL, NULL, NULL, NULL, 89750.000, 0, NULL, 0, 0),
(3, 3, 8, 0, 0, 1, 0, 0, 0, 0, 0, 0.00, 0.00, 0, NULL, 0, NULL, NULL, NULL, NULL, NULL, NULL, NULL, NULL, NULL, NULL, NULL, 5655.000, 0, NULL, 0, 0),
(4, 4, 10, 0, 0, 2, 0, 0, 0, 0, 0, 0.00, 0.00, 0, NULL, 0, NULL, NULL, NULL, NULL, NULL, NULL, NULL, NULL, NULL, NULL, NULL, 900.000, 0, NULL, 0, 0),
(5, 5, 12, 0, 0, 2, 0, 0, 0, 0, 0, 0.00, 0.00, 0, NULL, 0, NULL, NULL, NULL, NULL, NULL, NULL, NULL, NULL, NULL, NULL, NULL, 10500.000, 0, NULL, 0, 0),
(6, 6, 11, 0, 0, 1, 0, 0, 0, 0, 0, 0.00, 0.00, 0, NULL, 0, NULL, NULL, NULL, NULL, NULL, NULL, NULL, NULL, NULL, NULL, NULL, 14500.000, 0, NULL, 0, 0),
(7, 7, 13, 0, 0, 1, 0, 0, 0, 0, 0, 0.00, 0.00, 0, NULL, 0, NULL, NULL, NULL, NULL, NULL, NULL, NULL, NULL, NULL, NULL, NULL, 21975.000, 0, NULL, 0, 0),
(8, 8, 15, 19, 4700, 1, 300, 300, 0, 0, 0, 24.62, 7.53, 1231, 469.19, 12, 56.3, 412.89, NULL, NULL, NULL, NULL, NULL, NULL, 7.00, 12, NULL, 6700.000, 18.37, 1, 0, 0),
(9, 18, 15, 19, 4700, 1, 300, 300, 0, 0, 0, 30.20, 7.53, 1510, 490.2, 12, 58.82, 431.38, NULL, NULL, NULL, NULL, NULL, NULL, 7.00, 0, NULL, 7000.000, 21.57, 1, 0, 0),
(10, 9, 32, 14, 4319, 3, 300, 300, 0, 0.69, 0, 22.36, 5.26, 1041.72, 299.85, 12, 35.98, 263.87, NULL, NULL, NULL, NULL, NULL, NULL, 5.00, 12, NULL, 6000.000, 17.36, NULL, 39.84, 21),
(11, 21, 1, 0, 0, 1, 0, 0, 0, 0, 0, 0.00, 0.00, 0, NULL, 0, NULL, NULL, NULL, NULL, NULL, NULL, NULL, NULL, NULL, NULL, NULL, 9750.000, 0, NULL, 0, 0),
(12, 22, 2, 0, 0, 1, 0, 0, 0, 0, 0, 0.00, 0.00, 0, NULL, 0, NULL, NULL, NULL, NULL, NULL, NULL, NULL, NULL, NULL, NULL, NULL, 7750.000, 0, NULL, 0, 0),
(13, 23, 3, 12, 12350, 1, 50, 0, 50, 0.48, 0, 26.12, 11.24, 3258.31, 1768.36, 11, 194.52, 1575, NULL, NULL, NULL, NULL, NULL, NULL, 10.10, 11, NULL, 17500.000, 18.62, 1, 74.4, 14),
(14, 24, 14, 9, 6452, 1, 400, 400, 0, 0, 0, 26.57, 7.53, 1820.58, 653.05, 12, 78.37, 574.68, NULL, NULL, NULL, NULL, NULL, NULL, 7.00, 0, NULL, 9325.000, 19.52, 1, 0, 0),
(15, 25, 15, 9, 6128, 1, 400, 400, 0, 0, 0, 26.44, 7.53, 1726, 621.53, 12, 74.58, 546.95, NULL, NULL, NULL, NULL, NULL, NULL, 7.00, 0, NULL, 8875.000, 19.45, 1, 0, 0),
(16, 26, 1, 1, 7500, 4, 380, 380, 0, 0.48, 0, 22.84, 5.26, 1810.59, 512.21, 12, 61.47, 450.74, NULL, NULL, NULL, NULL, NULL, NULL, 5.00, 12, NULL, 10250.000, 17.66, 1, 47.28, 14),
(17, 27, 11, 0, 0, 1, 0, 0, 0, 0, 0, 0.00, 0.00, 0, NULL, 0, NULL, NULL, NULL, NULL, NULL, NULL, NULL, NULL, NULL, NULL, NULL, 15000.000, 0, NULL, 0, 0),
(18, 28, 12, 0, 0, 2, 0, 0, 0, 0, 0, 0.00, 0.00, 0, NULL, 0, NULL, NULL, NULL, NULL, NULL, NULL, NULL, NULL, NULL, NULL, NULL, 11000.000, 0, NULL, 0, 0),
(19, 29, 6, 1, 18000, 1, 750, 750, 0, 0.48, 0, 20.75, 5.26, 3913.97, 1198.04, 12, 143.76, 1054.28, NULL, NULL, NULL, NULL, NULL, NULL, 5.00, 12, NULL, 23975.000, 16.33, 1, 112.5, 14),
(20, 30, 14, 9, 6452, 1, 475, 450, 25, 0, 0, 25.20, 7.53, 1745.6, 653.05, 12, 78.37, 574.68, NULL, NULL, NULL, NULL, NULL, NULL, 7.00, 0, NULL, 9325.000, 18.72, 1, 0, 0),
(21, 31, 15, 9, 6128, 1, 400, 400, 0, 0, 0, 26.44, 7.53, 1726, 621.53, 12, 74.58, 546.95, NULL, NULL, NULL, NULL, NULL, NULL, 7.00, 0, NULL, 8875.000, 19.45, 1, 0, 0),
(22, 32, 5, 4, 250, 5, 5, 5, 0, 0, 0, 38.59, 7.53, 98.4, 26.61, 12, 3.19, 23.42, NULL, NULL, NULL, NULL, NULL, NULL, 7.00, 0, NULL, 380.000, 25.89, 1, 0, 0),
(23, 33, 6, 0, 0, 1, 0, 0, 0, 0, 0, 0.00, 0.00, 0, NULL, 0, NULL, NULL, NULL, NULL, NULL, NULL, NULL, NULL, NULL, NULL, NULL, 24775.000, 0, NULL, 0, 0),
(24, 34, 1, 1, 7492, 3, 380, 380, 0, 0.48, 0, 22.97, 5.26, 1819.05, 512.23, 12, 61.47, 450.76, NULL, NULL, NULL, NULL, NULL, NULL, 5.00, 12, NULL, 10250.000, 17.75, 1, 47.23, 14),
(25, 35, 21, 8, 1165.08, 1, 10, 10, 0, 0, 0, 41.27, 7.53, 484.96, 125, 12, 15, 110, NULL, NULL, NULL, NULL, NULL, NULL, 7.00, 0, NULL, 1785.000, 27.17, 1, 0, 0),
(26, 36, 14, 9, 6452, 1, 350, 350, 0, 0, 0, 27.02, 7.53, 1837.9, 650.58, 12, 78.07, 572.51, NULL, NULL, NULL, NULL, NULL, NULL, 7.00, 0, NULL, 9290.000, 19.78, 1, 0, 0),
(27, 37, 15, 9, 6128, 1, 400, 400, 0, 0, 0, 24.30, 7.53, 1586.3, 611.01, 12, 73.32, 537.69, NULL, NULL, NULL, NULL, NULL, NULL, 7.00, 0, NULL, 8725.000, 18.18, 1, 0, 0),
(28, 38, 1, 0, 0, 1, 0, 0, 0, 0, 0, 0.00, 0.00, 0, NULL, 0, NULL, NULL, NULL, NULL, NULL, NULL, NULL, NULL, NULL, NULL, NULL, 9500.000, 0, NULL, 0, 0),
(29, 39, 24, 9, 5066, 1, 400, 400, 0, 0, 0, 21.65, 7.53, 1183.39, 500.7, 12, 60.08, 440.62, NULL, NULL, NULL, NULL, NULL, NULL, 7.00, 0, NULL, 7150.000, 16.55, 1, 0, 0),
(30, 40, 1, 0, 0, 2, 0, 0, 0, 0, 0, 0.00, 0.00, 0, NULL, 0, NULL, NULL, NULL, NULL, NULL, NULL, NULL, NULL, NULL, NULL, NULL, 9995.000, 0, NULL, 0, 0),
(31, 16, 14, 19, 5950, 3, 300, 300, 0, 0, 0, 24.25, 7.53, 1515.63, 584.75, 12, 70.17, 514.58, NULL, NULL, NULL, NULL, NULL, NULL, 7.00, 12, NULL, 8350.000, 18.15, 1, 0, 0),
(32, 17, 19, 7, 375.24, 4, 10, 10, 0, 0, 0, 25.53, 7.53, 98.35, 36.41, 12, 4.37, 32.04, NULL, NULL, NULL, NULL, NULL, NULL, 7.00, 12, NULL, 520.000, 18.91, 1, 0, 0),
(33, 42, 21, 8, 1165.08, 2, 0, 0, 0, 0, 0, 41.69, 7.53, 485.72, 124.31, 12, 14.92, 109.39, NULL, NULL, NULL, NULL, NULL, NULL, 7.00, 0, NULL, 1775.000, 27.36, 1, 0, 0),
(34, 19, 15, 9, 6026, 2, 250, 250, 0, 0, 0, 24.11, 7.53, 1513.14, 586.52, 12, 70.38, 516.14, NULL, NULL, NULL, NULL, NULL, NULL, 7.00, 12, NULL, 8375.000, 18.07, 1, 0, 0),
(35, 20, 14, 9, 6344, 2, 250, 250, 0, 0, 0, 30.46, 7.53, 2008.53, 647.77, 12, 77.73, 570.04, NULL, NULL, NULL, NULL, NULL, NULL, 7.00, 12, NULL, 9250.000, 21.71, 1, 0, 0),
(36, 41, 14, 19, 6556, 3, 250, 250, 0, 0, 0, 20.18, 7.53, 1373.45, 615.91, 12, 73.91, 542, NULL, NULL, NULL, NULL, NULL, NULL, 7.00, 12, NULL, 8795.000, 15.62, 1, 0, 0),
(37, 43, 14, 9, 6452, 2, 400, 400, 0, 0, 0, 26.91, 7.53, 1843.87, 654.8, 12, 78.58, 576.22, NULL, NULL, NULL, NULL, NULL, NULL, 7.00, 0, NULL, 9350.000, 19.72, 1, 0, 0),
(38, 45, 15, 9, 6128, 1, 400, 400, 0, 0, 0, 24.66, 7.53, 1609.8, 612.78, 12, 73.53, 539.25, NULL, NULL, NULL, NULL, NULL, NULL, 7.00, 0, NULL, 8750.000, 18.4, 1, 0, 0),
(39, 46, 16, 0, 0, 3, 0, 0, 0, 0, 0, 0.00, 0.00, 0, NULL, 0, NULL, NULL, NULL, NULL, NULL, NULL, NULL, NULL, NULL, NULL, NULL, 1400.000, 0, NULL, 0, 0),
(40, 47, 31, 0, 0, 1, 0, 0, 0, 0, 0, 0.00, 0.00, 0, NULL, 0, NULL, NULL, NULL, NULL, NULL, NULL, NULL, NULL, NULL, NULL, NULL, 5950.000, 0, NULL, 0, 0),
(41, 48, 30, 17, 6120, 2, 300, 300, 0, 0.69, 0, 33.51, 5.26, 2169.9, 454.74, 12, 54.57, 400.17, NULL, NULL, NULL, NULL, NULL, NULL, 5.00, 12, NULL, 9100.000, 23.84, NULL, 55.37, 21),
(42, 49, 29, 0, 0, 5, 0, 0, 0, 0, 0, 0.00, 0.00, 0, NULL, 0, NULL, NULL, NULL, NULL, NULL, NULL, NULL, NULL, NULL, NULL, NULL, 225.000, 0, NULL, 0, 0),
(43, 50, 36, 10, 1989.9, 3, 10, 10, 0, 0.48, 0, 25.14, 5.26, 505.79, 132.43, 12, 15.89, 116.54, NULL, NULL, NULL, NULL, NULL, NULL, 5.00, 12, NULL, 2650.000, 19.09, NULL, 12, 14),
(44, 51, 28, 1, 558.87, 36, 29, 29, 0, 0.48, 0, 27.71, 5.26, 163.88, 39.73, 12, 4.77, 34.96, NULL, NULL, NULL, NULL, NULL, NULL, 5.00, 12, NULL, 795.000, 20.61, 1, 3.53, 14),
(45, 52, 21, 8, 1315, 1, 0, 0, 0, 0, 0, 27.30, 7.53, 359, 126.05, 12, 15.13, 110.92, NULL, NULL, NULL, NULL, NULL, NULL, 7.00, 0, NULL, 1800.000, 19.94, 1, 0, 0),
(46, 53, 14, 9, 6452, 2, 350, 350, 0, 0, 0, 27.84, 7.53, 1893.68, 654.78, 12, 78.57, 576.21, NULL, NULL, NULL, NULL, NULL, NULL, 7.00, 0, NULL, 9350.000, 20.25, 1, 0, 0),
(47, 54, 15, 9, 6128, 1, 350, 350, 0, 0, 0, 25.62, 7.53, 1659.66, 612.77, 12, 73.53, 539.24, NULL, NULL, NULL, NULL, NULL, NULL, 7.00, 0, NULL, 8750.000, 18.97, 1, 0, 0),
(48, 55, 11, 0, 0, 1, 0, 0, 0, 0, 0, 0.00, 0.00, 0, NULL, 0, NULL, NULL, NULL, NULL, NULL, NULL, NULL, NULL, NULL, NULL, NULL, 14950.000, 0, NULL, 0, 0),
(49, 56, 12, 0, 0, 2, 0, 0, 0, 0, 0, 0.00, 0.00, 0, NULL, 0, NULL, NULL, NULL, NULL, NULL, NULL, NULL, NULL, NULL, NULL, NULL, 10975.000, 0, NULL, 0, 0),
(50, 57, 21, 8, 1315, 2, 10, 10, 0, 0, 0, 25.99, 7.53, 344.37, 125.7, 12, 15.08, 110.62, NULL, NULL, NULL, NULL, NULL, NULL, 7.00, 0, NULL, 1795.000, 19.18, 1, 0, 0),
(51, 58, 14, 9, 6471, 1, 300, 300, 0, 0, 0, 28.42, 7.53, 1924.32, 654.76, 12, 78.57, 576.19, NULL, NULL, NULL, NULL, NULL, NULL, 7.00, 0, NULL, 9350.000, 20.58, 1, 0, 0),
(52, 59, 15, 9, 6147, 2, 300, 300, 0, 0, 0, 26.15, 7.53, 1685.89, 612.41, 12, 73.49, 538.92, NULL, NULL, NULL, NULL, NULL, NULL, 7.00, 0, NULL, 8745.000, 19.28, 1, 0, 0),
(53, 15, 27, 0, 0, 12, 0, 0, 0, 0, 0, 0.00, 0.00, 0, NULL, 0, NULL, NULL, NULL, NULL, NULL, NULL, NULL, NULL, NULL, NULL, NULL, 4950.000, 0, NULL, 0, 0),
(54, 44, 21, 8, 1300.11, 2, 10, 10, 0, 0, 0, 24.23, 7.53, 317.44, 122.55, 12, 14.71, 107.84, NULL, NULL, NULL, NULL, NULL, NULL, 7.00, 0, NULL, 1750.000, 18.14, 1, 0, 0),
(55, 60, 19, 7, 375.24, 4, 10, 10, 0, 0, 0, 26.74, 7.53, 103.01, 36.77, 12, 4.41, 32.36, NULL, NULL, NULL, NULL, NULL, NULL, 7.00, 0, NULL, 525.000, 19.62, 1, 0, 0),
(56, 61, 14, 9, 6344, 1, 350, 350, 0, 0, 0, 28.51, 7.53, 1908.46, 647.77, 12, 77.73, 570.04, NULL, NULL, NULL, NULL, NULL, NULL, 7.00, 0, NULL, 9250.000, 20.63, 1, 0, 0),
(57, 62, 26, 9, 13639, 1, 350, 350, 0, 0, 0, 29.64, 7.53, 4146.34, 1365.59, 12, 163.87, 1201.72, NULL, NULL, NULL, NULL, NULL, NULL, 7.00, 0, NULL, 19500.000, 21.26, 1, 0, 0),
(58, 14, 23, 0, 0, 1, 0, 0, 0, 0, 0, 0.00, 0.00, 0, NULL, 0, NULL, NULL, NULL, NULL, NULL, NULL, NULL, NULL, NULL, NULL, NULL, 12100.000, 0, NULL, 0, 0),
(59, 13, 25, 0, 0, 30, 0, 0, 0, 0, 0, 0.00, 0.00, 0, NULL, 0, NULL, NULL, NULL, NULL, NULL, NULL, NULL, NULL, NULL, NULL, NULL, 23900.000, 0, NULL, 0, 0),
(60, 12, 33, 0, 0, 30, 0, 0, 0, 0, 0, 0.00, 0.00, 0, NULL, 0, NULL, NULL, NULL, NULL, NULL, NULL, NULL, NULL, NULL, NULL, NULL, 33950.000, 0, NULL, 0, 0),
(61, 63, 24, 9, 4982, 1, 300, 300, 0, 0, 0, 23.16, 7.53, 1223.31, 489.85, 12, 58.78, 431.07, NULL, NULL, NULL, NULL, NULL, NULL, 7.00, 0, NULL, 6995.000, 17.49, 1, 0, 0),
(62, 64, 14, 9, 6344, 2, 350, 350, 0, 0, 0, 28.16, 7.53, 1885.03, 646, 12, 77.52, 568.48, NULL, NULL, NULL, NULL, NULL, NULL, 7.00, 0, NULL, 9225.000, 20.43, 1, 0, 0),
(63, 65, 15, 9, 6026, 1, 350, 350, 0, 0, 0, 24.35, 7.53, 1552.56, 597.02, 12, 71.64, 525.38, NULL, NULL, NULL, NULL, NULL, NULL, 7.00, 0, NULL, 8525.000, 18.21, 1, 0, 0),
(64, 66, 21, 8, 1239.93, 2, 10, 10, 0, 0, 0, 22.77, 7.53, 284.61, 115.55, 12, 13.87, 101.68, NULL, NULL, NULL, NULL, NULL, NULL, 7.00, 0, NULL, 1650.000, 17.25, 1, 0, 0),
(65, 11, 1, 0, 0, 2, 0, 0, 0, 0, 0, 0.00, 0.00, 0, NULL, 0, NULL, NULL, NULL, NULL, NULL, NULL, NULL, NULL, NULL, NULL, NULL, 9575.000, 0, NULL, 0, 0),
(66, 67, 15, 9, 6026, 1, 400, 400, 0, 0, 0, 23.38, 7.53, 1502.4, 597.01, 12, 71.64, 525.37, NULL, NULL, NULL, NULL, NULL, NULL, 7.00, 0, NULL, 8525.000, 17.62, 1, 0, 0),
(67, 68, 14, 9, 6344, 2, 350, 350, 0, 0, 0, 28.16, 7.53, 1885.03, 646, 12, 77.52, 568.48, NULL, NULL, NULL, NULL, NULL, NULL, 7.00, 0, NULL, 9225.000, 20.43, 1, 0, 0),
(68, 69, 21, 8, 1200.05, 2, 10, 10, 0, 0, 0, 21.05, 7.53, 254.72, 110.3, 12, 13.24, 97.06, NULL, NULL, NULL, NULL, NULL, NULL, 7.00, 0, NULL, 1575.000, 16.17, 1, 0, 0),
(69, 70, 1, 0, 0, 2, 0, 0, 0, 0, 0, 0.00, 0.00, 0, NULL, 0, NULL, NULL, NULL, NULL, NULL, NULL, NULL, NULL, NULL, NULL, NULL, 9575.000, 0, NULL, 0, 0),
(70, 71, 23, 0, 0, 1, 0, 0, 0, 0, 0, 0.00, 0.00, 0, NULL, 0, NULL, NULL, NULL, NULL, NULL, NULL, NULL, NULL, NULL, NULL, NULL, 12100.000, 0, NULL, 0, 0),
(71, 10, 22, 0, 0, 1, 0, 0, 0, 0, 0, 0.00, 0.00, 0, NULL, 0, NULL, NULL, NULL, NULL, NULL, NULL, NULL, NULL, NULL, NULL, NULL, 62000.000, 0, NULL, 0, 0),
(72, 72, 11, 0, 0, 1, 0, 0, 0, 0, 0, 0.00, 0.00, 0, NULL, 0, NULL, NULL, NULL, NULL, NULL, NULL, NULL, NULL, NULL, NULL, NULL, 14250.000, 0, NULL, 0, 0),
(73, 73, 12, 0, 0, 2, 0, 0, 0, 0, 0, 0.00, 0.00, 0, NULL, 0, NULL, NULL, NULL, NULL, NULL, NULL, NULL, NULL, NULL, NULL, NULL, 10650.000, 0, NULL, 0, 0),
(74, 74, 21, 8, 1019.99, 2, 50, 50, 0, 0, 0, 36.89, 7.53, 394.72, 110.29, 12, 13.23, 97.06, NULL, NULL, NULL, NULL, NULL, NULL, 7.00, 12, NULL, 1575.000, 25.06, 1, 0, 0),
(75, 75, 19, 7, 375.24, 4, 10, 10, 0, 0, 0, 25.53, 7.53, 98.35, 36.41, 12, 4.37, 32.04, NULL, NULL, NULL, NULL, NULL, NULL, 7.00, 12, NULL, 520.000, 18.91, 1, 0, 0),
(76, 76, 21, 8, 1140.11, 1, 50, 50, 0, 0, 0, 21.12, 7.53, 251.35, 108.54, 12, 13.02, 95.52, NULL, NULL, NULL, NULL, NULL, NULL, 7.00, 12, NULL, 1550.000, 16.22, 1, 0, 0),
(77, 77, 1, 0, 0, 1, 0, 0, 0, 0, 0, 0.00, 0.00, 0, NULL, 0, NULL, NULL, NULL, NULL, NULL, NULL, NULL, NULL, NULL, NULL, NULL, 9500.000, 0, NULL, 0, 0),
(78, 78, 21, 8, 1165.08, 1, 10, 10, 0, 0, 0, 42.46, 7.53, 498.94, 126.05, 12, 15.13, 110.92, NULL, NULL, NULL, NULL, NULL, NULL, 7.00, 0, NULL, 1800.000, 27.72, 1, 0, 0),
(79, 79, 14, 19, 6696, 1, 400, 400, 0, 0, 0, 21.56, 7.53, 1529.9, 649.53, 12, 77.94, 571.59, NULL, NULL, NULL, NULL, NULL, NULL, 7.00, 0, NULL, 9275.000, 16.49, 1, 0, 0),
(80, 80, 15, 19, 6362, 1, 400, 400, 0, 0, 0, 21.03, 7.53, 1422.05, 616.26, 12, 73.95, 542.31, NULL, NULL, NULL, NULL, NULL, NULL, 7.00, 0, NULL, 8800.000, 16.16, 1, 0, 0),
(81, 81, 6, 1, 18000, 1, 400, 400, 0, 0.48, 0, 23.05, 5.26, 4266.65, 1198.07, 12, 143.77, 1054.3, NULL, NULL, NULL, NULL, NULL, NULL, 5.00, 0, NULL, 23975.000, 17.8, 1, 110.4, 14),
(82, 84, 14, 14, 6696, 1, 400, 400, 0, 0, 0, 21.00, 7.53, 1406.16, 610.09, 12, 73.21, 568.96, NULL, NULL, NULL, NULL, NULL, NULL, 7.00, 0, NULL, 8712.253, 16.14, NULL, 0, 0),
(83, 83, 26, 14, 14396, 1, 400, 400, 0, 0, 0, 24.14, 7.53, 3571.75, 1383.09, 12, 165.97, 1217.12, NULL, NULL, NULL, NULL, NULL, NULL, 7.00, 0, NULL, 19750.000, 18.08, 1, 0, 0),
(84, 83, 26, 9, 13895, 1, 400, 400, 0, 0, 0, 21.00, 7.53, 3001.95, 1302.46, 12, 156.3, 1146.16, NULL, NULL, NULL, NULL, NULL, NULL, 7.00, 0, NULL, 18599.410, 16.14, NULL, 0, 0),
(85, 84, 14, 9, 6452, 1, 400, 400, 0, 0, 0, 26.23, 7.53, 1797.28, 651.29, 12, 78.15, 573.14, NULL, NULL, NULL, NULL, NULL, NULL, 7.00, 0, NULL, 9300.000, 19.32, 1, 0, 0),
(86, 85, 39, 8, 1500, 1, 0, 0, 0, 0, 0, 26.67, 0.00, 400.05, 0, 0, 0, 0, NULL, NULL, NULL, NULL, NULL, NULL, 0.00, 0, NULL, 1900.000, 21.05, 1, 0, 0),
(87, 87, 1, 0, 0, 4, 0, 0, 0, 0.48, 0, 21.00, 5.26, 0, NULL, 12, NULL, NULL, NULL, NULL, NULL, NULL, NULL, NULL, NULL, NULL, NULL, 10295.000, 0, NULL, 0, 0),
(88, 88, 12, 0, 0, 2, 0, 0, 0, 0, 0, 21.00, 0.00, 0, NULL, 0, NULL, NULL, NULL, NULL, NULL, NULL, NULL, NULL, NULL, NULL, NULL, 10925.000, 0, NULL, 0, 0),
(89, 89, 11, 0, 0, 1, 0, 0, 0, 0, 0, 21.00, 0.00, 0, NULL, 0, NULL, NULL, NULL, NULL, NULL, NULL, NULL, NULL, NULL, NULL, NULL, 14900.000, 0, NULL, 0, 0),
(90, 90, 26, 0, 0, 1, 0, 0, 0, 0, 0, 21.00, 7.53, 0, NULL, 12, NULL, NULL, NULL, NULL, NULL, NULL, NULL, NULL, NULL, NULL, NULL, 19750.000, 0, NULL, 0, 0),
(91, 91, 14, 0, 0, 1, 0, 0, 0, 0, 0, 21.00, 7.53, 0, NULL, 12, NULL, NULL, NULL, NULL, NULL, NULL, NULL, NULL, NULL, NULL, NULL, 9300.000, 0, NULL, 0, 0),
(92, 92, 40, 0, 0, 3, 0, 0, 0, 0, 0, 21.00, 0.00, 0, NULL, 0, NULL, NULL, NULL, NULL, NULL, NULL, NULL, NULL, NULL, NULL, NULL, 12180.000, 0, NULL, 0, 0),
(93, 93, 7, 0, 0, 1, 0, 0, 0, 0, 0, 21.00, 0.00, 0, NULL, 0, NULL, NULL, NULL, NULL, NULL, NULL, NULL, NULL, NULL, NULL, NULL, 30000.000, 0, NULL, 0, 0),
(94, 94, 1, 0, 0, 2, 0, 0, 0, 0.48, 0, 21.00, 5.26, 0, NULL, 12, NULL, NULL, NULL, NULL, NULL, NULL, NULL, NULL, NULL, NULL, NULL, 9975.000, 0, NULL, 0, 0),
(95, 95, 14, 0, 0, 1, 0, 0, 0, 0, 0, 21.00, 7.53, 0, NULL, 12, NULL, NULL, NULL, NULL, NULL, NULL, NULL, NULL, NULL, NULL, NULL, 9325.000, 0, NULL, 0, 0),
(96, 96, 15, 0, 0, 1, 0, 0, 0, 0, 0, 21.00, 7.53, 0, NULL, 12, NULL, NULL, NULL, NULL, NULL, NULL, NULL, NULL, NULL, NULL, NULL, 8850.000, 0, NULL, 0, 0);

-- --------------------------------------------------------

--
-- Структура таблицы `purchases`
--

CREATE TABLE `purchases` (
  `purchases_id` smallint(5) UNSIGNED NOT NULL,
  `purchases_uid` varchar(50) COLLATE utf8_unicode_ci DEFAULT NULL,
  `positionid` smallint(5) UNSIGNED DEFAULT NULL,
  `seller_uid` varchar(50) COLLATE utf8_unicode_ci DEFAULT NULL,
  `incdoc_num` varchar(20) COLLATE utf8_unicode_ci DEFAULT NULL,
  `incdoc_date` date NOT NULL,
  `line_num` tinyint(2) UNSIGNED NOT NULL,
  `trade_uid` varchar(50) COLLATE utf8_unicode_ci DEFAULT NULL,
  `kol` smallint(5) UNSIGNED NOT NULL,
  `price` float(14,2) UNSIGNED NOT NULL,
  `sum` float(14,2) UNSIGNED NOT NULL
) ENGINE=InnoDB DEFAULT CHARSET=utf8 COLLATE=utf8_unicode_ci;

--
-- Дамп данных таблицы `purchases`
--

INSERT INTO `purchases` (`purchases_id`, `purchases_uid`, `positionid`, `seller_uid`, `incdoc_num`, `incdoc_date`, `line_num`, `trade_uid`, `kol`, `price`, `sum`) VALUES
(1, '﻿e2669c59-5f34-11e8-9398-50465d50a210', NULL, '69ff2139-59be-11e8-8e61-50465d50a210', '1', '2018-05-24', 1, '82ef333b-49ec-11e8-a1f3-50465d50a210', 1, 6998.73, 6998.73),
(2, 'c77ccd23-744b-11e8-a626-50465d50a210', NULL, 'f8fc4c99-6a54-11e8-bdde-50465d50a210', '61', '2018-06-09', 1, '50b0f693-600d-11e8-a735-50465d50a210', 1, 3355.00, 3355.00),
(3, 'cb727ea1-6b1e-11e8-908a-50465d50a210', NULL, '35a0ec1b-6b16-11e8-908a-50465d50a210', 'ВК9578', '2018-06-09', 1, '35a0ec18-6b16-11e8-908a-50465d50a210', 2, 719.90, 1439.80),
(4, '39ef80c3-7acb-11e8-b6fa-50465d50a210', 18, '430a2ccc-786b-11e8-b212-50465d50a210', '733', '2018-06-26', 1, '430a2cd5-786b-11e8-b212-50465d50a210', 2, 4700.00, 9400.00),
(5, '5ae9042b-b64e-11e8-8619-50465d50a210', NULL, 'e6156b5e-7ab8-11e8-b6fa-50465d50a210', '492', '2018-06-29', 1, '29d44ad9-7ad2-11e8-b6fa-50465d50a210', 1, 1040.00, 1040.00),
(6, '0b8973b5-8408-11e8-8e4f-6c626df87d4c', NULL, '35a0ec1b-6b16-11e8-908a-50465d50a210', 'ВК000011499', '2018-07-10', 1, '175c65f6-753d-11e8-ba40-50465d50a210', 1, 15100.00, 15100.00),
(7, '1036d387-88eb-11e8-bb0d-50465d50a210', NULL, '1036d380-88eb-11e8-bb0d-50465d50a210', '751', '2018-07-11', 1, 'c6d1387b-7471-11e8-a626-50465d50a210', 1, 10400.00, 10400.00),
(8, '1036d387-88eb-11e8-bb0d-50465d50a210', NULL, '1036d380-88eb-11e8-bb0d-50465d50a210', '751', '2018-07-11', 2, 'c6d1387b-7471-11e8-a626-50465d50a210', 1, 10400.00, 10400.00),
(9, '772f8457-8c1a-11e8-9286-50465d50a210', 16, '430a2ccc-786b-11e8-b212-50465d50a210', '835', '2018-07-18', 1, '430a2cd3-786b-11e8-b212-50465d50a210', 3, 5950.00, 17850.00),
(10, 'a1d6f481-9620-11e8-939d-50465d50a210', NULL, '424ec46a-9575-11e8-a1c1-50465d50a210', '1578', '2018-08-02', 1, 'e78314d0-832d-11e8-80b6-50465d50a210', 4, 387.04, 1548.16),
(11, 'e5658150-9c6b-11e8-98d4-50465d50a210', 9, 'e824f043-9a15-11e8-b693-50465d50a210', '289', '2018-08-08', 1, '15c88e8d-964e-11e8-939d-50465d50a210', 3, 4319.00, 12957.00),
(12, 'e5658152-9c6b-11e8-98d4-50465d50a210', 75, '424ec46a-9575-11e8-a1c1-50465d50a210', '1628', '2018-08-10', 1, 'e78314d0-832d-11e8-80b6-50465d50a210', 4, 375.24, 1500.96),
(13, 'e5658153-9c6b-11e8-98d4-50465d50a210', 76, '6b4d142b-9bab-11e8-9ea5-50465d50a210', '1647', '2018-08-10', 1, 'fcb6aa5f-9a23-11e8-b693-50465d50a210', 2, 1140.11, 2280.21),
(14, '4a8689f9-affe-11e8-bda9-50465d50a210', 41, '430a2ccc-786b-11e8-b212-50465d50a210', '1025', '2018-08-30', 1, '430a2cd3-786b-11e8-b212-50465d50a210', 3, 6556.00, 19668.00),
(15, '4a8689f9-affe-11e8-bda9-50465d50a210', 18, '430a2ccc-786b-11e8-b212-50465d50a210', '1025', '2018-08-30', 2, '430a2cd5-786b-11e8-b212-50465d50a210', 1, 5918.00, 5918.00),
(16, '59e8e381-b5bd-11e8-bb45-6c626df87d4c', NULL, '59e8e377-b5bd-11e8-bb45-6c626df87d4c', '1085', '2018-09-11', 1, 'c77ccd20-744b-11e8-a626-50465d50a210', 1, 9600.00, 9600.00),
(17, '69a4ff69-b675-11e8-821f-6c626df87d4c', NULL, '59e8e377-b5bd-11e8-bb45-6c626df87d4c', '1086', '2018-09-12', 1, 'c77ccd20-744b-11e8-a626-50465d50a210', 1, 9844.00, 9844.00),
(18, 'b39f681e-c019-11e8-9ad9-50465d50a210', 19, '59e8e372-b5bd-11e8-bb45-6c626df87d4c', 'Е5083', '2018-09-14', 1, '430a2cd5-786b-11e8-b212-50465d50a210', 1, 6026.00, 6026.00),
(19, 'b39f681e-c019-11e8-9ad9-50465d50a210', 20, '59e8e372-b5bd-11e8-bb45-6c626df87d4c', 'Е5083', '2018-09-14', 2, '430a2cd3-786b-11e8-b212-50465d50a210', 2, 6344.00, 12688.00),
(20, '34a382b9-c321-11e8-9996-6c626df87d4c', NULL, '69ff2139-59be-11e8-8e61-50465d50a210', '1291', '2018-09-14', 1, '82ef333b-49ec-11e8-a1f3-50465d50a210', 2, 7591.97, 15183.94),
(21, '34a382b9-c321-11e8-9996-6c626df87d4c', NULL, '69ff2139-59be-11e8-8e61-50465d50a210', '1291', '2018-09-14', 2, 'd2547c64-b820-11e8-b988-6c626df87d4c', 1, 9936.16, 9936.16),
(22, '51915bc0-c0c8-11e8-a085-6c626df87d4c', 74, '6b4d142b-9bab-11e8-9ea5-50465d50a210', '2007', '2018-09-25', 1, 'fcb6aa5f-9a23-11e8-b693-50465d50a210', 1, 1019.99, 1019.99),
(23, 'b51c6914-d2b9-11e8-a27a-6c626df87d4c', 69, '6b4d142b-9bab-11e8-9ea5-50465d50a210', '2191', '2018-10-18', 1, 'fcb6aa5f-9a23-11e8-b693-50465d50a210', 2, 1200.05, 2400.09),
(24, '598d849f-d908-11e8-ae13-50465d50a210', 67, '59e8e372-b5bd-11e8-bb45-6c626df87d4c', 'Е5897', '2018-10-24', 1, '430a2cd5-786b-11e8-b212-50465d50a210', 1, 6026.00, 6026.00),
(25, '598d849f-d908-11e8-ae13-50465d50a210', 68, '59e8e372-b5bd-11e8-bb45-6c626df87d4c', 'Е5897', '2018-10-24', 2, '430a2cd3-786b-11e8-b212-50465d50a210', 2, 6344.00, 12688.00),
(26, 'fb92d97a-e8c4-11e8-887e-6c626df87d4c', 65, '59e8e372-b5bd-11e8-bb45-6c626df87d4c', 'Е6247', '2018-11-13', 1, '430a2cd5-786b-11e8-b212-50465d50a210', 1, 6026.00, 6026.00),
(27, 'fb92d97a-e8c4-11e8-887e-6c626df87d4c', 64, '59e8e372-b5bd-11e8-bb45-6c626df87d4c', 'Е6247', '2018-11-13', 2, '430a2cd3-786b-11e8-b212-50465d50a210', 2, 6344.00, 12688.00),
(28, 'fb92d97a-e8c4-11e8-887e-6c626df87d4c', 63, '59e8e372-b5bd-11e8-bb45-6c626df87d4c', 'Е6247', '2018-11-13', 3, '0a5a96a9-e34c-11e8-8112-50465d50a210', 1, 4982.00, 4982.00),
(29, '1f3bb7be-ea48-11e8-8362-50465d50a210', 66, '6b4d142b-9bab-11e8-9ea5-50465d50a210', '2442', '2018-11-16', 1, 'fcb6aa5f-9a23-11e8-b693-50465d50a210', 2, 1239.93, 2479.86),
(30, 'd44fa56d-0391-11e9-8fd9-6c626df87d4c', 44, '6b4d142b-9bab-11e8-9ea5-50465d50a210', '2758', '2018-12-19', 1, 'fcb6aa5f-9a23-11e8-b693-50465d50a210', 2, 1300.11, 2600.22),
(31, '73c13def-0827-11e9-a44f-50465d50a210', 61, '59e8e372-b5bd-11e8-bb45-6c626df87d4c', 'Е7035', '2018-12-21', 1, '430a2cd3-786b-11e8-b212-50465d50a210', 1, 6344.00, 6344.00),
(32, '73c13def-0827-11e9-a44f-50465d50a210', 62, '59e8e372-b5bd-11e8-bb45-6c626df87d4c', 'Е7035', '2018-12-21', 2, '17c839c6-fd3f-11e8-888d-6c626df87d4c', 1, 13639.00, 13639.00),
(33, '73c13ded-0827-11e9-a44f-50465d50a210', 60, '424ec46a-9575-11e8-a1c1-50465d50a210', '2715', '2018-12-26', 1, 'e78314d0-832d-11e8-80b6-50465d50a210', 4, 375.24, 1500.96),
(34, 'a49f36b7-1ede-11e9-8344-50465d50a210', 58, '59e8e372-b5bd-11e8-bb45-6c626df87d4c', 'Е55', '2019-01-17', 1, '430a2cd3-786b-11e8-b212-50465d50a210', 1, 6471.00, 6471.00),
(35, 'a49f36b7-1ede-11e9-8344-50465d50a210', 59, '59e8e372-b5bd-11e8-bb45-6c626df87d4c', 'Е55', '2019-01-17', 2, '430a2cd5-786b-11e8-b212-50465d50a210', 2, 6147.00, 12294.00),
(36, 'a49f36b8-1ede-11e9-8344-50465d50a210', 52, '6b4d142b-9bab-11e8-9ea5-50465d50a210', '77', '2019-01-21', 1, 'fcb6aa5f-9a23-11e8-b693-50465d50a210', 4, 1315.00, 5260.00),
(37, '981a36be-2a12-11e9-9ba5-50465d50a210', NULL, '1036d380-88eb-11e8-bb0d-50465d50a210', '1', '2019-02-06', 1, 'c6d1387b-7471-11e8-a626-50465d50a210', 2, 10399.00, 20798.00),
(38, 'cf9ef7a2-35a1-11e9-a231-50465d50a210', 54, '59e8e372-b5bd-11e8-bb45-6c626df87d4c', 'Е216', '2019-02-11', 1, '430a2cd5-786b-11e8-b212-50465d50a210', 1, 6128.00, 6128.00),
(39, 'cf9ef7a2-35a1-11e9-a231-50465d50a210', 53, '59e8e372-b5bd-11e8-bb45-6c626df87d4c', 'Е216', '2019-02-11', 2, '430a2cd3-786b-11e8-b212-50465d50a210', 2, 6452.00, 12904.00),
(40, 'bbaed545-2ea6-11e9-ba97-50465d50a210', NULL, '1036d380-88eb-11e8-bb0d-50465d50a210', '119', '2019-02-12', 1, 'c6d1387b-7471-11e8-a626-50465d50a210', 1, 9600.00, 9600.00),
(41, '6e05ed46-3383-11e9-a3a4-50465d50a210', 50, '59e8e377-b5bd-11e8-bb45-6c626df87d4c', '170', '2019-02-13', 1, '1178b74c-2f73-11e9-88bb-6c626df87f88', 3, 1989.90, 5969.70),
(42, 'eebd84bd-6441-11e9-80b8-50465d50a210', NULL, 'e6156b5e-7ab8-11e8-b6fa-50465d50a210', '121', '2019-03-05', 1, '29d44ad9-7ad2-11e8-b6fa-50465d50a210', 3, 1150.00, 3450.00),
(43, 'eebd84bd-6441-11e9-80b8-50465d50a210', NULL, 'e6156b5e-7ab8-11e8-b6fa-50465d50a210', '121', '2019-03-05', 2, 'e96faa32-3f2c-11e9-8945-6c626df87f88', 1, 4962.00, 4962.00),
(44, 'eebd84bb-6441-11e9-80b8-50465d50a210', 48, '4d716a52-514c-11e9-aa6c-50465d50a210', '33', '2019-03-11', 1, 'f494f581-35cc-11e9-addb-6c626df87f88', 2, 6120.00, 12240.00),
(45, 'eebd84bb-6441-11e9-80b8-50465d50a210', NULL, '4d716a52-514c-11e9-aa6c-50465d50a210', '33', '2019-03-11', 2, 'c6d1387b-7471-11e8-a626-50465d50a210', 2, 9000.00, 18000.00),
(46, 'eebd84bb-6441-11e9-80b8-50465d50a210', NULL, '4d716a52-514c-11e9-aa6c-50465d50a210', '33', '2019-03-11', 3, 'c77ccd20-744b-11e8-a626-50465d50a210', 1, 12000.00, 12000.00),
(47, 'f7ee2d9b-594f-11e9-9be7-50465d50a210', 34, '69ff2139-59be-11e8-8e61-50465d50a210', '351', '2019-03-26', 1, '82ef333b-49ec-11e8-a1f3-50465d50a210', 2, 7492.57, 14985.14),
(48, 'f7ee2d98-594f-11e9-9be7-50465d50a210', NULL, '59e8e372-b5bd-11e8-bb45-6c626df87d4c', 'Е541', '2019-03-27', 1, '430a2cd5-786b-11e8-b212-50465d50a210', 1, 6128.00, 6128.00),
(49, 'f7ee2d98-594f-11e9-9be7-50465d50a210', NULL, '59e8e372-b5bd-11e8-bb45-6c626df87d4c', 'Е541', '2019-03-27', 2, '430a2cd3-786b-11e8-b212-50465d50a210', 2, 6452.00, 12904.00),
(50, 'f7ee2d99-594f-11e9-9be7-50465d50a210', 39, '59e8e372-b5bd-11e8-bb45-6c626df87d4c', 'Е542', '2019-03-27', 1, '0a5a96a9-e34c-11e8-8112-50465d50a210', 1, 5066.00, 5066.00),
(51, '38a609c7-5f52-11e9-8bc3-50465d50a210', NULL, '6b4d142b-9bab-11e8-9ea5-50465d50a210', '505', '2019-03-28', 1, 'fcb6aa5f-9a23-11e8-b693-50465d50a210', 2, 1204.92, 2409.84),
(52, 'dc65e64a-5612-11e9-83dd-50465d50a210', 26, '69ff2139-59be-11e8-8e61-50465d50a210', '416', '2019-04-05', 1, '82ef333b-49ec-11e8-a1f3-50465d50a210', 3, 7500.04, 22500.11),
(53, '4cffb30f-5c2d-11e9-b1ba-50465d50a210', 51, '69ff2139-59be-11e8-8e61-50465d50a210', '417', '2019-04-05', 1, '674dacf4-2b92-11e9-941f-6c626df87d4c', 36, 558.87, 20119.18),
(54, '6fff3e9a-6081-11e9-8bc3-50465d50a210', 35, '6b4d142b-9bab-11e8-9ea5-50465d50a210', '655', '2019-04-16', 1, 'fcb6aa5f-9a23-11e8-b693-50465d50a210', 1, 1165.08, 1165.08),
(55, 'b6150fb7-60fd-11e9-8bc3-50465d50a210', 37, '59e8e372-b5bd-11e8-bb45-6c626df87d4c', '1', '2019-04-17', 1, '430a2cd5-786b-11e8-b212-50465d50a210', 1, 6128.00, 6128.00),
(56, 'b6150fb7-60fd-11e9-8bc3-50465d50a210', 36, '59e8e372-b5bd-11e8-bb45-6c626df87d4c', '1', '2019-04-17', 2, '430a2cd3-786b-11e8-b212-50465d50a210', 1, 6452.00, 6452.00),
(57, 'd804e522-8146-11e9-980a-6c626df87d4c', 31, '59e8e372-b5bd-11e8-bb45-6c626df87d4c', 'E854', '2019-05-15', 1, '430a2cd5-786b-11e8-b212-50465d50a210', 1, 6128.00, 6128.00),
(58, 'd804e522-8146-11e9-980a-6c626df87d4c', 30, '59e8e372-b5bd-11e8-bb45-6c626df87d4c', 'E854', '2019-05-15', 2, '430a2cd3-786b-11e8-b212-50465d50a210', 1, 6452.00, 6452.00),
(59, '86774644-78a6-11e9-a1fc-50465d50a210', NULL, '35a0ec1b-6b16-11e8-908a-50465d50a210', 'ВК16225', '0001-01-01', 1, 'd19f02a5-757d-11e9-bf9e-6c626df87f88', 5, 269.10, 1345.50),
(60, '53ec9cdd-9737-11e9-847c-50465d50a210', NULL, '59e8e372-b5bd-11e8-bb45-6c626df87d4c', 'Е1153', '2019-06-21', 1, '47e877a7-9260-11e9-b2c8-50465d50a210', 1, 5624.00, 5624.00),
(61, '578a0b3f-98d9-11e9-ab0c-6c626df87d4c', 25, '59e8e372-b5bd-11e8-bb45-6c626df87d4c', 'Е1152', '2019-06-21', 1, '430a2cd5-786b-11e8-b212-50465d50a210', 1, 6128.00, 6128.00),
(62, '578a0b3f-98d9-11e9-ab0c-6c626df87d4c', 24, '59e8e372-b5bd-11e8-bb45-6c626df87d4c', 'Е1152', '2019-06-21', 2, '430a2cd3-786b-11e8-b212-50465d50a210', 1, 6452.00, 6452.00),
(63, '9ea1e257-9974-11e9-80dc-50465d50a210', 23, 'ead802f2-980b-11e9-807c-50465d50a210', '19062801', '2019-06-28', 1, '6d6a84b3-9101-11e9-aee5-50465d50a210', 1, 12350.00, 12350.00),
(64, '3ec3b8c4-9a79-11e9-b254-6c626df87d4c', NULL, '69ff2139-59be-11e8-8e61-50465d50a210', '723', '2019-06-10', 1, '82ef333b-49ec-11e8-a1f3-50465d50a210', 4, 7490.47, 29961.87),
(65, '08a8fe6b-a3b4-11e9-9554-6c626df87d4c', NULL, '69ff2139-59be-11e8-8e61-50465d50a210', '794', '2019-06-27', 1, '82ef333b-49ec-11e8-a1f3-50465d50a210', 1, 7293.44, 7293.44),
(66, '9121eb9f-afb7-11e9-97f7-50465d50a210', 79, '430a2ccc-786b-11e8-b212-50465d50a210', '915', '2019-07-23', 1, '430a2cd3-786b-11e8-b212-50465d50a210', 1, 6696.00, 6696.00),
(67, '9121eb9f-afb7-11e9-97f7-50465d50a210', 80, '430a2ccc-786b-11e8-b212-50465d50a210', '915', '2019-07-23', 2, '430a2cd5-786b-11e8-b212-50465d50a210', 1, 6362.00, 6362.00),
(68, '9121eb9e-afb7-11e9-97f7-50465d50a210', 78, '6b4d142b-9bab-11e8-9ea5-50465d50a210', '1458', '2019-07-29', 1, 'fcb6aa5f-9a23-11e8-b693-50465d50a210', 2, 1165.08, 2330.16),
(69, '389e2b5a-b513-11e9-a4e2-50465d50a210', NULL, 'b4810517-afa2-11e9-97f7-50465d50a210', '225', '2019-08-02', 1, 'b481051c-afa2-11e9-97f7-50465d50a210', 2, 3850.00, 7700.00),
(70, '389e2b5a-b513-11e9-a4e2-50465d50a210', NULL, 'b4810517-afa2-11e9-97f7-50465d50a210', '225', '2019-08-02', 2, 'b481051a-afa2-11e9-97f7-50465d50a210', 1, 1070.00, 1070.00),
(71, '86b9b3c7-d2f8-11e9-9e2c-50465d50a210', NULL, '1036d380-88eb-11e8-bb0d-50465d50a210', '666', '2019-06-18', 1, 'c6d1387b-7471-11e8-a626-50465d50a210', 2, 9400.00, 18800.00),
(72, 'eb6088aa-ca67-11e9-9128-6c626df87f88', NULL, '69ff2139-59be-11e8-8e61-50465d50a210', '1080', '2019-08-22', 1, '82ef333b-49ec-11e8-a1f3-50465d50a210', 4, 7514.53, 30058.11),
(73, 'eb6088ac-ca67-11e9-9128-6c626df87f88', NULL, '69ff2139-59be-11e8-8e61-50465d50a210', '1073', '2019-08-22', 1, 'a538c7dd-6b3d-11e9-a8a5-6c626df87f88', 1, 18229.13, 18229.13),
(74, '75a5811c-cca2-11e9-8543-50465d50a210', NULL, '59e8e377-b5bd-11e8-bb45-6c626df87d4c', '1149', '2019-08-29', 1, 'c77ccd20-744b-11e8-a626-50465d50a210', 1, 12696.92, 12696.92),
(75, '86b9b3cc-d2f8-11e9-9e2c-50465d50a210', NULL, '59e8e372-b5bd-11e8-bb45-6c626df87d4c', 'Е1660', '2019-09-04', 1, '17c839c6-fd3f-11e8-888d-6c626df87d4c', 1, 13895.00, 13895.00),
(76, '86b9b3cf-d2f8-11e9-9e2c-50465d50a210', NULL, '59e8e372-b5bd-11e8-bb45-6c626df87d4c', 'Е1661', '2019-09-04', 1, '430a2cd5-786b-11e8-b212-50465d50a210', 1, 6128.00, 6128.00),
(77, '86b9b3cf-d2f8-11e9-9e2c-50465d50a210', NULL, '59e8e372-b5bd-11e8-bb45-6c626df87d4c', 'Е1661', '2019-09-04', 2, '430a2cd3-786b-11e8-b212-50465d50a210', 1, 6452.00, 6452.00),
(78, '51e9171d-e5e5-11e9-831b-50465d50a210', NULL, '59e8e377-b5bd-11e8-bb45-6c626df87d4c', '169', '2019-02-13', 1, 'c77ccd20-744b-11e8-a626-50465d50a210', 1, 11866.64, 11866.64),
(79, 'b4a04fca-ea6a-11e9-aa59-50465d50a210', NULL, '4d716a52-514c-11e9-aa6c-50465d50a210', '197', '2019-09-27', 1, '82ef333b-49ec-11e8-a1f3-50465d50a210', 2, 7420.00, 14840.00),
(80, 'd588442c-eb3d-11e9-8dbf-50465d50a210', NULL, '430a2ccc-786b-11e8-b212-50465d50a210', '1267', '2019-09-30', 1, '430a2cd3-786b-11e8-b212-50465d50a210', 1, 6428.00, 6428.00),
(81, 'd588442c-eb3d-11e9-8dbf-50465d50a210', NULL, '430a2ccc-786b-11e8-b212-50465d50a210', '1267', '2019-09-30', 2, '17c839c6-fd3f-11e8-888d-6c626df87d4c', 1, 13820.00, 13820.00);

-- --------------------------------------------------------

--
-- Структура таблицы `requests`
--

CREATE TABLE `requests` (
  `created` date NOT NULL,
  `requests_id` mediumint(5) UNSIGNED NOT NULL,
  `requests_uid` varchar(50) COLLATE utf8_unicode_ci DEFAULT NULL,
  `requests_nameid` mediumint(8) UNSIGNED DEFAULT NULL,
  `req_rent` float UNSIGNED DEFAULT '0',
  `byersid` smallint(5) UNSIGNED NOT NULL,
  `req_sum` float(14,2) DEFAULT NULL,
  `1c_num` varchar(15) COLLATE utf8_unicode_ci DEFAULT NULL,
  `ov_op` float(5,2) UNSIGNED DEFAULT NULL,
  `ov_firstobp` float(5,2) UNSIGNED DEFAULT NULL,
  `ov_tp` float(5,2) UNSIGNED DEFAULT NULL,
  `ov_wt` float(4,2) UNSIGNED DEFAULT NULL,
  `r1_hidden` tinyint(1) UNSIGNED DEFAULT '0',
  `comment` varchar(250) COLLATE utf8_unicode_ci DEFAULT NULL
) ENGINE=InnoDB DEFAULT CHARSET=utf8 COLLATE=utf8_unicode_ci;

--
-- Дамп данных таблицы `requests`
--

INSERT INTO `requests` (`created`, `requests_id`, `requests_uid`, `requests_nameid`, `req_rent`, `byersid`, `req_sum`, `1c_num`, `ov_op`, `ov_firstobp`, `ov_tp`, `ov_wt`, `r1_hidden`, `comment`) VALUES
('2018-04-28', 2, 'dee5b6f6-4ad9-11e8-a1f3-50465d50a210', NULL, 0, 5, NULL, '00000000002', 21.00, NULL, NULL, NULL, 0, NULL),
('2018-05-25', 3, '50b0f695-600d-11e8-a735-50465d50a210', NULL, 0, 2, NULL, '00000000004', 21.00, NULL, NULL, NULL, 0, NULL),
('2018-06-08', 4, '35a0ec1a-6b16-11e8-908a-50465d50a210', NULL, 0, 3, NULL, '00000000006', 21.00, NULL, NULL, NULL, 0, NULL),
('2018-06-20', 5, 'c77ccd22-744b-11e8-a626-50465d50a210', NULL, 0, 4, NULL, '00000000009', 21.00, NULL, NULL, NULL, 0, NULL),
('2018-06-20', 6, 'c77ccd1f-744b-11e8-a626-50465d50a210', NULL, 0, 4, NULL, '00000000008', 21.00, NULL, NULL, NULL, 0, NULL),
('2018-06-21', 7, '175c65f8-753d-11e8-ba40-50465d50a210', NULL, 0, 2, NULL, '00000000010', 21.00, NULL, NULL, NULL, 0, NULL),
('2018-07-09', 8, 'e78314d2-832d-11e8-80b6-50465d50a210', NULL, 18.24, 6, 33830.00, '00000000011', 21.00, NULL, NULL, NULL, 0, NULL),
('2018-08-02', 9, '15c88e8f-964e-11e8-939d-50465d50a210', NULL, 17.36, 2, 18000.00, '00000000012', 21.00, NULL, NULL, NULL, 0, NULL),
('2018-08-07', 10, 'fcb6aa5e-9a23-11e8-b693-50465d50a210', NULL, 16.95, 6, 37015.00, '00000000014', 21.00, NULL, NULL, NULL, 0, NULL),
('2018-09-06', 11, '754dd9b7-b1da-11e8-a0f6-6c626df87f88', NULL, 20.4, 6, 38400.00, '00000000015', 21.00, NULL, NULL, NULL, 0, NULL),
('2018-09-11', 12, 'bad860cd-b5c4-11e8-bb45-6c626df87d4c', NULL, 0, 4, NULL, '00000000016', 21.00, NULL, NULL, NULL, 0, NULL),
('2018-09-14', 13, 'd2547c63-b820-11e8-b988-6c626df87d4c', NULL, 0, 7, NULL, '00000000017', 21.00, NULL, NULL, NULL, 0, NULL),
('2018-09-14', 14, '088c498f-b82a-11e8-84f3-6c626df87f88', NULL, 0, 5, NULL, '00000000018', 21.00, NULL, NULL, NULL, 0, NULL),
('2018-10-08', 15, 'a70555fc-cafc-11e8-a571-6c626df87f88', NULL, 19.19, 6, 30125.00, '00000000019', 21.00, NULL, NULL, NULL, 0, NULL),
('2018-10-25', 16, '2fe6f87b-d839-11e8-88f3-50465d50a210', NULL, 0, 5, NULL, '00000000020', 21.00, NULL, NULL, NULL, 0, NULL),
('2018-11-08', 17, '0a5a96ab-e34c-11e8-8112-50465d50a210', NULL, 19.09, 6, 37270.00, '00000000021', 21.00, NULL, NULL, NULL, 0, NULL),
('2018-11-30', 18, '78b70a1a-f4a2-11e8-8045-6c626df87d4c', NULL, 0, 4, NULL, '00000000022', 21.00, NULL, NULL, NULL, 0, NULL),
('2018-11-30', 19, '78b70a1d-f4a2-11e8-8045-6c626df87d4c', NULL, 0, 4, NULL, '00000000023', 21.00, NULL, NULL, NULL, 0, NULL),
('2018-12-10', 20, '428e4b53-fc58-11e8-a590-50465d50a210', NULL, 0, 5, NULL, '00000000024', 21.00, NULL, NULL, NULL, 0, NULL),
('2018-12-11', 21, '17c839c8-fd3f-11e8-888d-6c626df87d4c', NULL, 20.67, 6, 34350.00, '00000000025', 21.00, NULL, NULL, NULL, 0, NULL),
('2019-01-14', 22, '1a4373d7-17e4-11e9-9aab-6c626df87d4c', NULL, 19.67, 6, 30430.00, '00000000001', 21.00, NULL, NULL, NULL, 0, NULL),
('2019-02-01', 23, '2d4abf65-2627-11e9-b5dd-6c626df87d4c', NULL, 0, 2, NULL, '00000000002', 21.00, NULL, NULL, NULL, 0, NULL),
('2019-02-05', 24, 'bbac9c9c-2944-11e9-a0dd-6c626df87f88', NULL, 0, 4, NULL, '00000000003', 21.00, NULL, NULL, NULL, 0, NULL),
('2019-02-05', 25, 'bbac9c9d-2944-11e9-a0dd-6c626df87f88', NULL, 19.85, 6, 29250.00, '00000000004', 21.00, NULL, NULL, NULL, 0, NULL),
('2019-02-08', 26, '674dacf3-2b92-11e9-941f-6c626df87d4c', NULL, 20.61, 9, 28620.00, '00000000005', 21.00, NULL, NULL, NULL, 0, NULL),
('2019-02-13', 27, '1178b750-2f73-11e9-88bb-6c626df87f88', NULL, 19.09, 9, 7950.00, '00000000006', 21.00, NULL, NULL, NULL, 0, NULL),
('2019-02-19', 28, '4f8986d7-3441-11e9-9244-50465d50a210', NULL, 0, 6, NULL, '00000000007', 21.00, NULL, NULL, NULL, 0, NULL),
('2019-02-21', 29, 'f494f583-35cc-11e9-addb-6c626df87f88', NULL, 23.85, 2, 18200.00, '00000000008', 21.00, NULL, NULL, NULL, 0, NULL),
('2019-03-05', 30, 'e96faa34-3f2c-11e9-8945-6c626df87f88', NULL, 0, 11, NULL, '00000000009', 21.00, NULL, NULL, NULL, 0, NULL),
('2019-03-12', 31, '213bb4ac-44b4-11e9-afdb-6c626df87f88', NULL, 20.22, 6, 31000.00, '00000000010', 21.00, NULL, NULL, NULL, 0, NULL),
('2019-03-13', 32, '8c3b9eed-4592-11e9-bfa3-6c626df87f88', NULL, 0, 5, NULL, '00000000011', 21.00, NULL, NULL, NULL, 0, NULL),
('2019-03-14', 33, '7fca886b-4653-11e9-9b90-6c626df87f88', NULL, 16.55, 6, 7150.00, '00000000012', 21.00, NULL, NULL, NULL, 0, NULL),
('2019-03-20', 34, '7c388288-4af0-11e9-8470-50465d50a210', NULL, 0, 5, NULL, '00000000013', 21.00, NULL, NULL, NULL, 0, NULL),
('2019-04-09', 35, '2cf27f8d-5ac3-11e9-b1ba-50465d50a210', NULL, 19.74, 6, 19800.00, '00000000014', 21.00, NULL, NULL, NULL, 0, NULL),
('2019-04-15', 36, 'fd952f04-5f6a-11e9-9192-6c626df87f88', NULL, 17.75, 9, 30750.00, '00000000015', 21.00, NULL, NULL, NULL, 0, NULL),
('2019-04-30', 37, 'a538c7df-6b3d-11e9-a8a5-6c626df87f88', NULL, 0, 9, NULL, '00000000016', 21.00, NULL, NULL, NULL, 0, NULL),
('2019-05-08', 38, 'e5d7e6e8-716d-11e9-bab0-50465d50a210', NULL, 16.33, 9, 23975.00, '00000000017', 21.00, NULL, NULL, NULL, 0, NULL),
('2019-05-13', 39, 'd19f02a7-757d-11e9-bf9e-6c626df87f88', NULL, 19.72, 6, 20100.00, '00000000018', 21.00, NULL, NULL, NULL, 0, NULL),
('2019-05-29', 40, '00075401-81fc-11e9-85fd-6c626df87d4c', NULL, 0, 4, NULL, '00000000019', 21.00, NULL, NULL, NULL, 0, NULL),
('2019-06-05', 41, '63a58a04-876a-11e9-b6a9-6c626df87d4c', NULL, 17.66, 9, 41000.00, '00000000020', 21.00, NULL, NULL, NULL, 0, NULL),
('2019-06-10', 42, 'a141dd34-8b5b-11e9-bf98-6c626df87f88', NULL, 19.49, 6, 18200.00, '00000000021', 21.00, NULL, NULL, NULL, 0, NULL),
('2019-06-17', 43, '6d6a84b5-9101-11e9-aee5-50465d50a210', NULL, 18.62, 8, 17500.00, '00000000022', 21.00, NULL, NULL, NULL, 0, NULL),
('2019-06-19', 44, '47e877a9-9260-11e9-b2c8-50465d50a210', NULL, 0, 5, NULL, '00000000024', 21.00, NULL, NULL, NULL, 0, NULL),
('2019-06-19', 45, '47e877a6-9260-11e9-b2c8-50465d50a210', NULL, 0, 5, NULL, '﻿00000000023', 21.00, NULL, NULL, NULL, 0, NULL),
('2018-04-27', 46, '82ef333e-49ec-11e8-a1f3-50465d50a210', NULL, 0, 5, NULL, '00000000001', 21.00, NULL, NULL, NULL, 0, NULL),
('2019-07-11', 47, '8a580766-a3ef-11e9-84c0-6c626df87f88', NULL, 17.36, 6, 19875.00, '﻿00000000025', 21.00, 12.00, 7.53, 0.00, 0, NULL),
('2019-07-18', 48, '8134efc5-a95a-11e9-8d78-6c626df87f88', NULL, 17.8, 9, 23975.00, '﻿00000000026', 21.00, 12.00, 5.26, 0.48, 0, NULL),
('2019-08-09', 49, '38708aa5-ba99-11e9-a3cb-50465d50a210', NULL, 18.48, 6, 29050.00, '﻿00000000029', 21.00, 12.00, 7.53, 0.00, 0, NULL),
('2019-08-19', 50, '6ac70796-c277-11e9-b002-50465d50a210', NULL, 21.06, 5, 1900.00, '﻿00000000031', 21.00, NULL, NULL, NULL, 0, NULL),
('2019-08-20', 51, 'bdcf4fd1-c34c-11e9-a8a0-6c626df87f88', NULL, 0, 9, NULL, '00000000032', 21.00, 12.00, 5.26, 0.48, 0, NULL),
('2019-09-09', 52, 'a303f14a-d2f6-11e9-9159-6c626df87f88', NULL, 0, 4, NULL, '00000000034', 21.00, NULL, NULL, NULL, 0, NULL),
('2019-09-09', 53, '7ac822ef-d308-11e9-9159-6c626df87f88', NULL, 0, 6, NULL, '﻿00000000035', 21.00, 12.00, 7.53, 0.00, 0, NULL),
('2018-04-02', 54, 'e8bb4c05-b817-11e9-b25f-50465d50a210', NULL, 0, 12, NULL, '00000000026', 21.00, NULL, NULL, NULL, 0, NULL),
('2019-01-01', 55, 'f561bd64-b74d-11e9-b2cd-50465d50a210', NULL, 0, 12, NULL, '00000000027', 21.00, NULL, NULL, NULL, 0, NULL),
('2019-08-05', 56, 'f561bd71-b74d-11e9-b2cd-50465d50a210', NULL, 0, 12, NULL, '00000000028', 21.00, NULL, NULL, NULL, 0, NULL),
('2019-08-22', 57, 'd78878ef-c4d4-11e9-b568-6c626df87d4c', NULL, 0, 12, NULL, '00000000033', 21.00, NULL, NULL, NULL, 0, NULL),
('2019-08-15', 58, '9b86aa0c-bf51-11e9-b1c1-50465d50a210', NULL, 0, 12, NULL, '00000000030', 21.00, NULL, NULL, NULL, 0, NULL),
('2019-09-27', 59, '6a2392c5-e0f5-11e9-91e5-6c626df87f88', NULL, 0, 9, NULL, '00000000036', 21.00, 12.00, 5.26, 0.48, 0, NULL),
('2019-10-24', 60, 'ff371d32-f64a-11e9-91ef-6c626df87f88', NULL, 0, 6, NULL, '﻿00000000037', 21.00, 12.00, 7.53, 0.00, 0, NULL);

-- --------------------------------------------------------

--
-- Структура таблицы `req_positions`
--

CREATE TABLE `req_positions` (
  `req_positionid` smallint(5) UNSIGNED NOT NULL,
  `pos_name` varchar(255) COLLATE utf8_unicode_ci DEFAULT NULL,
  `winnerid` smallint(5) UNSIGNED NOT NULL DEFAULT '0',
  `requestid` mediumint(8) UNSIGNED NOT NULL,
  `line_num` tinyint(2) UNSIGNED NOT NULL,
  `giveaway` tinyint(1) DEFAULT NULL,
  `queen` tinyint(1) DEFAULT NULL,
  `ov_op` float(5,2) UNSIGNED DEFAULT NULL,
  `ov_tp` float(5,2) UNSIGNED DEFAULT NULL,
  `ov_firstobp` float(5,2) UNSIGNED DEFAULT NULL,
  `ov_wt` float(4,2) UNSIGNED DEFAULT NULL,
  `purchase_id` smallint(5) UNSIGNED DEFAULT NULL,
  `purchased` date DEFAULT NULL
) ENGINE=InnoDB DEFAULT CHARSET=utf8 COLLATE=utf8_unicode_ci;

--
-- Дамп данных таблицы `req_positions`
--

INSERT INTO `req_positions` (`req_positionid`, `pos_name`, `winnerid`, `requestid`, `line_num`, `giveaway`, `queen`, `ov_op`, `ov_tp`, `ov_firstobp`, `ov_wt`, `purchase_id`, `purchased`) VALUES
(2, 'СОЖ Avantin 361 I-N (180 кг) в шт в количестве  1шт по цене 89750 руб. на сумму 89750\n руб.', 2, 2, 1, NULL, NULL, NULL, NULL, NULL, NULL, NULL, NULL),
(3, 'Электропроводящая смазка СУПЕРКОНТ СКМ (1.1кг) в шт в количестве  1шт по цене 5655 руб. на сумму 5655\n руб.', 3, 3, 1, NULL, NULL, NULL, NULL, NULL, NULL, NULL, NULL),
(4, 'Масло гидравлическое МГЕ-46 В (10л) в шт в количестве  2шт по цене 900 руб. на сумму 1800\n руб.', 4, 4, 1, NULL, NULL, NULL, NULL, NULL, NULL, NULL, NULL),
(5, 'И-20 А (216,5л/180 кг) - масло индустриальное  в шт в количестве  2шт по цене 10500 руб. на сумму 21000\n руб.', 5, 5, 1, NULL, NULL, NULL, NULL, NULL, NULL, NULL, NULL),
(6, 'Нефрас С2 80/120 (216,5 л) в шт в количестве  1шт по цене 14500 руб. на сумму 14500\n руб.', 6, 6, 1, NULL, NULL, NULL, NULL, NULL, NULL, NULL, NULL),
(7, 'Масло Optigear Synt  RO 150 (20л) в шт в количестве  1шт по цене 21975 руб. на сумму 21975\n руб.', 7, 7, 1, NULL, NULL, NULL, NULL, NULL, NULL, NULL, NULL),
(8, 'Shell Corena S3 R 68 (20л)- компрессорное масло в шт в количестве  1шт по цене 6700 руб. на сумму 6700\n руб.', 8, 8, 1, NULL, NULL, NULL, NULL, NULL, NULL, 4, '2018-06-26'),
(9, 'Смазка Castrol Optitemp RB-1 для протяжки (1кг)  в шт в количестве  3шт по цене 6000 руб. на сумму 18000\n руб.', 10, 9, 1, NULL, NULL, NULL, NULL, NULL, NULL, 11, '2018-08-08'),
(10, 'Жидкость СИГБОЛ (0,455кг) ТУ 38.101741-78 (с изм.1-6) присадка антистатическая  в шт в количестве  1шт по цене 62000 руб. на сумму 62000\n руб.', 71, 13, 1, NULL, NULL, NULL, NULL, NULL, NULL, NULL, NULL),
(11, 'СОЖ Avantin 361 I-N (18 кг) в шт в количестве  2шт по цене 9575 руб. на сумму 19150\n руб.', 65, 16, 1, NULL, NULL, NULL, NULL, NULL, NULL, NULL, NULL),
(12, 'Смазка Lithium Grease EP 3 (180кг) в шт в количестве  30шт по цене 33950 руб. на сумму 1018500\n руб.', 60, 18, 1, NULL, NULL, NULL, NULL, NULL, NULL, NULL, NULL),
(13, 'Смазка Литол-24 (180кг) в шт в количестве  30шт по цене 23900 руб. на сумму 717000\n руб.', 59, 19, 1, NULL, NULL, NULL, NULL, NULL, NULL, NULL, NULL),
(14, 'Бактерицид BECHEM BAKTERIZID RH (5 кг) в шт в количестве  1шт по цене 12100 руб. на сумму 12100\n руб.', 58, 20, 1, NULL, NULL, NULL, NULL, NULL, NULL, NULL, NULL),
(15, 'Смазка Berutemp PA 1 MO (1 кг) в шт в количестве  12шт по цене 4950 руб. на сумму 59400\n руб.', 53, 23, 1, NULL, NULL, NULL, NULL, NULL, NULL, NULL, NULL),
(16, 'Shell Corena S2 P 150 (Corena P 150) (20л)- компрессорное масло в шт в количестве  3шт по цене 8350 руб. на сумму 25050\n руб.', 31, 8, 2, NULL, NULL, NULL, NULL, NULL, NULL, 9, '2018-07-18'),
(17, 'Масло вазелиновое МХ-250 с пищ доп. минеральное(канистра 4 кг) в шт в количестве  4шт по цене 520 руб. на сумму 2080\n руб.', 32, 8, 3, NULL, NULL, NULL, NULL, NULL, NULL, 12, '2018-08-10'),
(18, 'Shell Corena S3 R 68 (20л)- компрессорное масло в шт в количестве  1шт по цене 7000 руб. на сумму 7000\n руб.', 9, 10, 1, NULL, NULL, NULL, NULL, NULL, NULL, 4, '2018-06-26'),
(19, 'Shell Corena S3 R 68 (20л)- компрессорное масло в шт в количестве  2шт по цене 8375 руб. на сумму 16750\n руб.', 34, 11, 1, NULL, NULL, NULL, NULL, NULL, NULL, 18, '2018-09-14'),
(20, 'Shell Corena S2 P 150 (Corena P 150) (20л)- компрессорное масло в шт в количестве  2шт по цене 9250 руб. на сумму 18500\n руб.', 35, 11, 2, NULL, NULL, NULL, NULL, NULL, NULL, 19, '2018-09-14'),
(21, 'СОЖ Avantin 361 I-N (18 кг) в шт в количестве  1шт по цене 9750 руб. на сумму 9750\n руб.', 11, 45, 1, NULL, NULL, NULL, NULL, NULL, NULL, NULL, NULL),
(22, 'Shell Tonna S3 M68 (20 л) масло для направляющих в шт в количестве  1шт по цене 7750 руб. на сумму 7750\n руб.', 12, 44, 1, NULL, NULL, NULL, NULL, NULL, NULL, NULL, NULL),
(23, 'КС-19 (216,5/180 кг) - масло компрессорное  в шт в количестве  1шт по цене 17500 руб. на сумму 17500\n руб.', 13, 43, 1, NULL, NULL, NULL, NULL, NULL, NULL, 63, '2019-06-28'),
(24, 'Shell Corena S2 P 150 (Corena P 150) (20л)- компрессорное масло в шт в количестве  1шт по цене 9325 руб. на сумму 9325\n руб.', 14, 42, 1, NULL, NULL, NULL, NULL, NULL, NULL, 62, '2019-06-21'),
(25, 'Shell Corena S3 R 68 (20л)- компрессорное масло в шт в количестве  1шт по цене 8875 руб. на сумму 8875\n руб.', 15, 42, 2, NULL, NULL, NULL, NULL, NULL, NULL, 61, '2019-06-21'),
(26, 'СОЖ Avantin 361 I-N (18 кг) в шт в количестве  4шт по цене 10250 руб. на сумму 41000\n руб.', 16, 41, 1, NULL, NULL, NULL, NULL, NULL, NULL, 52, '2019-04-05'),
(27, 'Нефрас С2 80/120 (216,5 л) в шт в количестве  1шт по цене 15000 руб. на сумму 15000\n руб.', 17, 40, 1, NULL, NULL, NULL, NULL, NULL, NULL, NULL, NULL),
(28, 'И-20 А (216,5л/180 кг) - масло индустриальное  в шт в количестве  2шт по цене 11000 руб. на сумму 22000\n руб.', 18, 40, 2, NULL, NULL, NULL, NULL, NULL, NULL, NULL, NULL),
(29, 'Масло Berusynth H1 220 (20л.) в шт в количестве  1шт по цене 24775 руб. на сумму 24775\n руб.', 19, 38, 1, NULL, NULL, NULL, NULL, NULL, NULL, NULL, NULL),
(30, 'Shell Corena S2 P 150 (Corena P 150) (20л)- компрессорное масло в шт в количестве  1шт по цене 9325 руб. на сумму 9325\n руб.', 20, 39, 1, NULL, NULL, NULL, NULL, NULL, NULL, 58, '2019-05-15'),
(31, 'Shell Corena S3 R 68 (20л)- компрессорное масло в шт в количестве  1шт по цене 8875 руб. на сумму 8875\n руб.', 21, 39, 2, NULL, NULL, NULL, NULL, NULL, NULL, 57, '2019-05-15'),
(32, 'Смазка Литол-24 (2 кг) в шт в количестве  5шт по цене 380 руб. на сумму 1900\n руб.', 22, 39, 3, NULL, NULL, NULL, NULL, NULL, NULL, NULL, NULL),
(33, 'Масло Berusynth H1 220 (20л.) в шт в количестве  1шт по цене 24775 руб. на сумму 24775\n руб.', 23, 37, 1, NULL, NULL, NULL, NULL, NULL, NULL, NULL, NULL),
(34, 'СОЖ Avantin 361 I-N (18 кг) в шт в количестве  3шт по цене 10250 руб. на сумму 30750\n руб.', 24, 36, 1, NULL, NULL, NULL, NULL, NULL, NULL, 47, '2019-03-26'),
(35, 'Керосин (канистра 20л) в шт в количестве  1шт по цене 1785 руб. на сумму 1785\n руб.', 25, 35, 1, NULL, NULL, NULL, NULL, NULL, NULL, 54, '2019-04-16'),
(36, 'Shell Corena S2 P 150 (Corena P 150) (20л)- компрессорное масло в шт в количестве  1шт по цене 9290 руб. на сумму 9290\n руб.', 26, 35, 2, NULL, NULL, NULL, NULL, NULL, NULL, 56, '2019-04-17'),
(37, 'Shell Corena S3 R 68 (20л)- компрессорное масло в шт в количестве  1шт по цене 8725 руб. на сумму 8725\n руб.', 27, 35, 3, NULL, NULL, NULL, NULL, NULL, NULL, 55, '2019-04-17'),
(38, 'СОЖ Avantin 361 I-N (18 кг) в шт в количестве  1шт по цене 9500 руб. на сумму 9500\n руб.', 28, 34, 1, NULL, NULL, NULL, NULL, NULL, NULL, NULL, NULL),
(39, 'Shell Omala S2 GХ320 (Omala 320) (20 л) масло редукторное в шт в количестве  1шт по цене 7150 руб. на сумму 7150\n руб.', 29, 33, 1, NULL, NULL, NULL, NULL, NULL, NULL, 50, '2019-03-27'),
(40, 'СОЖ Avantin 361 I-N (18 кг) в шт в количестве  2шт по цене 9995 руб. на сумму 19990\n руб.', 30, 32, 1, NULL, NULL, NULL, NULL, NULL, NULL, NULL, NULL),
(41, 'Shell Corena S2 P 150 (Corena P 150) (20л)- компрессорное масло в шт в количестве  3шт по цене 8795 руб. на сумму 26385\n руб.', 36, 10, 2, NULL, NULL, NULL, NULL, NULL, NULL, 14, '2018-08-30'),
(42, 'Керосин (канистра 20л) в шт в количестве  2шт по цене 1775 руб. на сумму 3550\n руб.', 33, 31, 1, NULL, NULL, NULL, NULL, NULL, NULL, 54, '2019-04-16'),
(43, 'Shell Corena S2 P 150 (Corena P 150) (20л)- компрессорное масло в шт в количестве  2шт по цене 9350 руб. на сумму 18700\n руб.', 37, 31, 2, NULL, NULL, NULL, NULL, NULL, NULL, 56, '2019-04-17'),
(44, 'Керосин (канистра 20л) в шт в количестве  2шт по цене 1750 руб. на сумму 3500\n руб.', 54, 21, 1, NULL, NULL, NULL, NULL, NULL, NULL, 30, '2018-12-19'),
(45, 'Shell Corena S3 R 68 (20л)- компрессорное масло в шт в количестве  1шт по цене 8750 руб. на сумму 8750\n руб.', 38, 31, 3, NULL, NULL, NULL, NULL, NULL, NULL, 55, '2019-04-17'),
(46, 'Eni i-Sint 10W40 масло моторное п/с (4л) в шт в количестве  3шт по цене 1400 руб. на сумму 4200\n руб.', 39, 30, 1, NULL, NULL, NULL, NULL, NULL, NULL, NULL, NULL),
(47, 'Масло моторное ENI I-Sigma Universal 10w-40 (20 л) п/синт в шт в количестве  1шт по цене 5950 руб. на сумму 5950\n руб.', 40, 30, 2, NULL, NULL, NULL, NULL, NULL, NULL, NULL, NULL),
(48, 'Смазка TUTELA ZETA 2  литиевая минер-я ведро 20кг в шт в количестве  2шт по цене 9100 руб. на сумму 18200\n руб.', 41, 29, 1, NULL, NULL, NULL, NULL, NULL, NULL, 44, '2019-03-11'),
(49, 'Смазка ПВК пушечная ГОСТ 19537-83 (2кг) в шт в количестве  5шт по цене 225 руб. на сумму 1125\n руб.', 42, 28, 1, NULL, NULL, NULL, NULL, NULL, NULL, NULL, NULL),
(50, 'ИНСп-40 (20 л) - масло для направляющих в шт в количестве  3шт по цене 2650 руб. на сумму 7950\n руб.', 43, 27, 1, NULL, NULL, NULL, NULL, NULL, NULL, 41, '2019-02-13'),
(51, 'Смазка Berulub W+B Spray с пищевым допуском (400мл) в шт в количестве  36шт по цене 795 руб. на сумму 28620\n руб.', 44, 26, 1, NULL, NULL, NULL, NULL, NULL, NULL, 53, '2019-04-05'),
(52, 'Керосин (канистра 20л) в шт в количестве  1шт по цене 1800 руб. на сумму 1800\n руб.', 45, 25, 1, NULL, NULL, NULL, NULL, NULL, NULL, 36, '2019-01-21'),
(53, 'Shell Corena S2 P 150 (Corena P 150) (20л)- компрессорное масло в шт в количестве  2шт по цене 9350 руб. на сумму 18700\n руб.', 46, 25, 2, NULL, NULL, NULL, NULL, NULL, NULL, 39, '2019-02-11'),
(54, 'Shell Corena S3 R 68 (20л)- компрессорное масло в шт в количестве  1шт по цене 8750 руб. на сумму 8750\n руб.', 47, 25, 3, NULL, NULL, NULL, NULL, NULL, NULL, 38, '2019-02-11'),
(55, 'Нефрас С2 80/120 (216,5 л) в шт в количестве  1шт по цене 14950 руб. на сумму 14950\n руб.', 48, 24, 1, NULL, NULL, NULL, NULL, NULL, NULL, NULL, NULL),
(56, 'И-20 А (216,5л/180 кг) - масло индустриальное  в шт в количестве  2шт по цене 10975 руб. на сумму 21950\n руб.', 49, 24, 2, NULL, NULL, NULL, NULL, NULL, NULL, NULL, NULL),
(57, 'Керосин (канистра 20л) в шт в количестве  2шт по цене 1795 руб. на сумму 3590\n руб.', 50, 22, 1, NULL, NULL, NULL, NULL, NULL, NULL, 36, '2019-01-21'),
(58, 'Shell Corena S2 P 150 (Corena P 150) (20л)- компрессорное масло в шт в количестве  1шт по цене 9350 руб. на сумму 9350\n руб.', 51, 22, 2, NULL, NULL, NULL, NULL, NULL, NULL, 34, '2019-01-17'),
(59, 'Shell Corena S3 R 68 (20л)- компрессорное масло в шт в количестве  2шт по цене 8745 руб. на сумму 17490\n руб.', 52, 22, 3, NULL, NULL, NULL, NULL, NULL, NULL, 35, '2019-01-17'),
(60, 'Масло вазелиновое МХ-250 с пищ доп. минеральное(канистра 4 кг) в шт в количестве  4шт по цене 525 руб. на сумму 2100\n руб.', 55, 21, 2, NULL, NULL, NULL, NULL, NULL, NULL, 33, '2018-12-26'),
(61, 'Shell Corena S2 P 150 (Corena P 150) (20л)- компрессорное масло в шт в количестве  1шт по цене 9250 руб. на сумму 9250\n руб.', 56, 21, 3, NULL, NULL, NULL, NULL, NULL, NULL, 31, '2018-12-21'),
(62, 'Shell Corena S4 R 68 (20л)- компрессорное масло в шт в количестве  1шт по цене 19500 руб. на сумму 19500\n руб.', 57, 21, 4, NULL, NULL, NULL, NULL, NULL, NULL, 32, '2018-12-21'),
(63, 'Shell Omala S2 GХ320 (Omala 320) (20 л) масло редукторное в шт в количестве  1шт по цене 6995 руб. на сумму 6995\n руб.', 61, 17, 1, NULL, NULL, NULL, NULL, NULL, NULL, 28, '2018-11-13'),
(64, 'Shell Corena S2 P 150 (Corena P 150) (20л)- компрессорное масло в шт в количестве  2шт по цене 9225 руб. на сумму 18450\n руб.', 62, 17, 2, NULL, NULL, NULL, NULL, NULL, NULL, 27, '2018-11-13'),
(65, 'Shell Corena S3 R 68 (20л)- компрессорное масло в шт в количестве  1шт по цене 8525 руб. на сумму 8525\n руб.', 63, 17, 3, NULL, NULL, NULL, NULL, NULL, NULL, 26, '2018-11-13'),
(66, 'Керосин (канистра 20л) в шт в количестве  2шт по цене 1650 руб. на сумму 3300\n руб.', 64, 17, 4, NULL, NULL, NULL, NULL, NULL, NULL, 29, '2018-11-16'),
(67, 'Shell Corena S3 R 68 (20л)- компрессорное масло в шт в количестве  1шт по цене 8525 руб. на сумму 8525\n руб.', 66, 15, 1, NULL, NULL, NULL, NULL, NULL, NULL, 24, '2018-10-24'),
(68, 'Shell Corena S2 P 150 (Corena P 150) (20л)- компрессорное масло в шт в количестве  2шт по цене 9225 руб. на сумму 18450\n руб.', 67, 15, 2, NULL, NULL, NULL, NULL, NULL, NULL, 25, '2018-10-24'),
(69, 'Керосин (канистра 20л) в шт в количестве  2шт по цене 1575 руб. на сумму 3150\n руб.', 68, 15, 3, NULL, NULL, NULL, NULL, NULL, NULL, 23, '2018-10-18'),
(70, 'СОЖ Avantin 361 I-N (18 кг) в шт в количестве  2шт по цене 9575 руб. на сумму 19150\n руб.', 69, 14, 1, NULL, NULL, NULL, NULL, NULL, NULL, NULL, NULL),
(71, 'Бактерицид BECHEM BAKTERIZID RH (5 кг) в шт в количестве  1шт по цене 12100 руб. на сумму 12100\n руб.', 70, 14, 2, NULL, NULL, NULL, NULL, NULL, NULL, NULL, NULL),
(72, 'Нефрас С2 80/120 (216,5 л) в шт в количестве  1шт по цене 14250 руб. на сумму 14250\n руб.', 72, 12, 1, NULL, NULL, NULL, NULL, NULL, NULL, NULL, NULL),
(73, 'И-20 А (216,5л/180 кг) - масло индустриальное  в шт в количестве  2шт по цене 10650 руб. на сумму 21300\n руб.', 73, 12, 2, NULL, NULL, NULL, NULL, NULL, NULL, NULL, NULL),
(74, 'Керосин (канистра 20л) в шт в количестве  2шт по цене 1575 руб. на сумму 3150\n руб.', 74, 11, 3, NULL, NULL, NULL, NULL, NULL, NULL, 22, '2018-09-25'),
(75, 'Масло вазелиновое МХ-250 с пищ доп. минеральное(канистра 4 кг) в шт в количестве  4шт по цене 520 руб. на сумму 2080\n руб.', 75, 10, 3, NULL, NULL, NULL, NULL, NULL, NULL, 12, '2018-08-10'),
(76, 'Керосин (канистра 20л) в шт в количестве  1шт по цене 1550 руб. на сумму 1550\n руб.', 76, 10, 4, NULL, NULL, NULL, NULL, NULL, NULL, 13, '2018-08-10'),
(77, 'СОЖ Avantin 361 I-N (18 кг) в шт в количестве  1шт по цене 9500 руб. на сумму 9500\n руб.', 77, 46, 1, NULL, NULL, NULL, NULL, NULL, NULL, NULL, NULL),
(78, 'Керосин (канистра 20л) в шт в количестве  1шт по цене 19875.00 руб. на сумму 19875.00\n руб.', 78, 47, 1, NULL, NULL, NULL, NULL, NULL, NULL, 68, '2019-07-29'),
(79, 'Shell Corena S2 P 150 (Corena P 150) (20л)- компрессорное масло в шт в количестве  1шт по цене 19875.00 руб. на сумму 19875.00\n руб.', 79, 47, 2, NULL, NULL, NULL, NULL, NULL, NULL, 66, '2019-07-23'),
(80, 'Shell Corena S3 R 68 (20л)- компрессорное масло в шт в количестве  1шт по цене 19875.00 руб. на сумму 19875.00\n руб.', 80, 47, 3, NULL, NULL, NULL, NULL, NULL, NULL, 67, '2019-07-23'),
(81, 'Масло Berusynth H1 220 (20л.) в шт в количестве  1шт по цене 23975.00 руб. на сумму 23975.00\n руб.', 81, 48, 1, NULL, NULL, NULL, NULL, NULL, NULL, NULL, NULL),
(82, 'СОЖ Avantin 361 I-N (180 кг) в шт в количестве  1шт по цене 30000.00 руб. на сумму 30000.00\n руб.', 0, 0, 1, NULL, NULL, NULL, NULL, NULL, NULL, NULL, NULL),
(83, 'Shell Corena S4 R 68 (20л)- компрессорное масло в шт в количестве  1шт по цене 1.00 руб. на сумму 1.00\n руб.', 83, 49, 2, NULL, NULL, NULL, NULL, NULL, NULL, NULL, NULL),
(84, 'Shell Corena S2 P 150 (Corena P 150) (20л)- компрессорное масло в шт в количестве  1шт по цене 1.00 руб. на сумму 1.00\n руб.', 85, 49, 1, NULL, NULL, NULL, NULL, NULL, NULL, NULL, NULL),
(85, 'Лабомид - 203 (мешок 25 кг) в шт в количестве  1шт по цене 1900.00 руб. на сумму 1900.00\n руб.', 86, 50, 1, NULL, NULL, NULL, NULL, NULL, NULL, NULL, NULL),
(86, 'Тосол 216 л, Дзержинский в шт в количестве  3шт по цене 12180.00 руб. на сумму 36540.00\n руб.', 0, 0, 1, NULL, NULL, NULL, NULL, NULL, NULL, NULL, NULL),
(87, 'СОЖ Avantin 361 I-N (18 кг) в шт в количестве  4шт по цене 10295.00 руб. на сумму 41180.00\n руб.', 87, 51, 1, NULL, NULL, NULL, NULL, NULL, NULL, NULL, NULL),
(88, 'И-20 А (216,5л/180 кг) - масло индустриальное  в шт в количестве  2шт по цене 10925.00 руб. на сумму 21850.00\n руб.', 88, 52, 2, NULL, NULL, NULL, NULL, NULL, NULL, NULL, NULL),
(89, 'Нефрас С2 80/120 (216,5 л) в шт в количестве  1шт по цене 14900.00 руб. на сумму 14900.00\n руб.', 89, 52, 1, NULL, NULL, NULL, NULL, NULL, NULL, NULL, NULL),
(90, 'Shell Corena S4 R 68 (20л)- компрессорное масло в шт в количестве  1шт по цене 19750.00 руб. на сумму 19750.00\n руб.', 90, 53, 2, NULL, NULL, NULL, NULL, NULL, NULL, NULL, NULL),
(91, 'Shell Corena S2 P 150 (Corena P 150) (20л)- компрессорное масло в шт в количестве  1шт по цене 9300.00 руб. на сумму 9300.00\n руб.', 91, 53, 1, NULL, NULL, NULL, NULL, NULL, NULL, NULL, NULL),
(92, 'Тосол 216 л, Дзержинский в шт в количестве  3шт по цене 12180.00 руб. на сумму 36540.00\n руб.', 92, 58, 1, NULL, NULL, NULL, NULL, NULL, NULL, NULL, NULL),
(93, 'СОЖ Avantin 361 I-N (180 кг) в шт в количестве  1шт по цене 30000.00 руб. на сумму 30000.00\n руб.', 93, 56, 1, NULL, NULL, NULL, NULL, NULL, NULL, NULL, NULL),
(94, 'СОЖ Avantin 361 I-N (18 кг) в шт в количестве  2шт по цене 9975.00 руб. на сумму 19950.00\n руб.', 94, 59, 1, NULL, NULL, NULL, NULL, NULL, NULL, NULL, NULL),
(95, 'Shell Corena S2 P 150 (Corena P 150) (20л)- компрессорное масло в шт в количестве  1шт по цене 9325.00 руб. на сумму 9325.00\n руб.', 95, 60, 1, NULL, NULL, NULL, NULL, NULL, NULL, NULL, NULL),
(96, 'Shell Corena S3 R 68 (20л)- компрессорное масло в шт в количестве  1шт по цене 8850.00 руб. на сумму 8850.00\n руб.', 96, 60, 2, NULL, NULL, NULL, NULL, NULL, NULL, NULL, NULL),
(97, 'fb-43', 0, 55, 1, NULL, NULL, NULL, NULL, NULL, NULL, NULL, NULL);

-- --------------------------------------------------------

--
-- Структура таблицы `sellers`
--

CREATE TABLE `sellers` (
  `sellers_id` smallint(5) UNSIGNED NOT NULL,
  `sellers_nameid` mediumint(8) UNSIGNED NOT NULL,
  `onec_id` varchar(15) COLLATE utf8_unicode_ci DEFAULT NULL,
  `sellers_uid` varchar(50) COLLATE utf8_unicode_ci DEFAULT NULL
) ENGINE=InnoDB DEFAULT CHARSET=utf8 COLLATE=utf8_unicode_ci;

--
-- Дамп данных таблицы `sellers`
--

INSERT INTO `sellers` (`sellers_id`, `sellers_nameid`, `onec_id`, `sellers_uid`) VALUES
(1, 3, '000000006', '69ff2139-59be-11e8-8e61-50465d50a210'),
(2, 4, '000000010', 'f8fc4c99-6a54-11e8-bdde-50465d50a210'),
(3, 5, '000000040', 'f4ebacb0-7aee-11e9-9bc3-6c626df87d4c'),
(4, 13, '000000012', '35a0ec1b-6b16-11e8-908a-50465d50a210'),
(5, 14, '000000016', 'e6156b5e-7ab8-11e8-b6fa-50465d50a210'),
(6, 15, '000000023', '1036d380-88eb-11e8-bb0d-50465d50a210'),
(7, 16, '000000025', '424ec46a-9575-11e8-a1c1-50465d50a210'),
(8, 17, '000000027', '6b4d142b-9bab-11e8-9ea5-50465d50a210'),
(9, 18, '000000029', '59e8e372-b5bd-11e8-bb45-6c626df87d4c'),
(10, 19, '000000030', '59e8e377-b5bd-11e8-bb45-6c626df87d4c'),
(11, 50, '000000028', 'e34bb4b4-9edd-11e8-b059-50465d50a210'),
(12, 56, '000000042', 'ead802f2-980b-11e9-807c-50465d50a210'),
(13, 59, '000000039', '26e0a505-6688-11e9-b16c-50465d50a210'),
(14, 62, '000000026', 'e824f043-9a15-11e8-b693-50465d50a210'),
(15, 63, '000000035', 'b40867d7-3b36-11e9-96d9-50465d50a210'),
(16, 64, '000000032', 'f5b7b67d-e1a6-11e8-a6c8-50465d50a210'),
(17, 65, '000000037', '4d716a52-514c-11e9-aa6c-50465d50a210'),
(18, 66, '000000021', '1e6b9dc9-7e9b-11e8-80b6-50465d50a210'),
(19, 67, '﻿000000015', '430a2ccc-786b-11e8-b212-50465d50a210'),
(20, 68, '000000043', 'b4810517-afa2-11e9-97f7-50465d50a210'),
(21, 69, '000000044', '9121eba0-afb7-11e9-97f7-50465d50a210'),
(22, 73, '000000045', '40b59542-cfaf-11e9-9a54-50465d50a210'),
(23, 76, '000000046', '38411e21-df80-11e9-bedd-50465d50a210');

-- --------------------------------------------------------

--
-- Структура таблицы `trades`
--

CREATE TABLE `trades` (
  `trades_id` smallint(5) UNSIGNED NOT NULL,
  `trades_uid` varchar(50) COLLATE utf8_unicode_ci DEFAULT NULL,
  `trades_nameid` mediumint(8) UNSIGNED NOT NULL,
  `tare` enum('штука','банка','канистра','бочка') COLLATE utf8_unicode_ci NOT NULL,
  `onec_id` varchar(15) COLLATE utf8_unicode_ci DEFAULT NULL
) ENGINE=InnoDB DEFAULT CHARSET=utf8 COLLATE=utf8_unicode_ci;

--
-- Дамп данных таблицы `trades`
--

INSERT INTO `trades` (`trades_id`, `trades_uid`, `trades_nameid`, `tare`, `onec_id`) VALUES
(1, '82ef333b-49ec-11e8-a1f3-50465d50a210', 6, 'канистра', '00000000006'),
(2, '47e877a7-9260-11e9-b2c8-50465d50a210', 20, 'канистра', '00000000053'),
(3, '6d6a84b3-9101-11e9-aee5-50465d50a210', 21, 'бочка', '00000000052'),
(4, '7c8d742e-7710-11e9-91e5-6c626df87f88', 22, 'банка', '00000000050'),
(5, 'd19f02a5-757d-11e9-bf9e-6c626df87f88', 23, 'банка', '00000000048'),
(6, 'a538c7dd-6b3d-11e9-a8a5-6c626df87f88', 24, 'канистра', '00000000047'),
(7, 'dee5b6f7-4ad9-11e8-a1f3-50465d50a210', 25, 'бочка', '00000000007'),
(8, '50b0f693-600d-11e8-a735-50465d50a210', 26, 'банка', '﻿00000000009'),
(9, 'f8fc4c97-6a54-11e8-bdde-50465d50a210', 27, 'канистра', '00000000011'),
(10, '35a0ec18-6b16-11e8-908a-50465d50a210', 28, 'канистра', '00000000014'),
(11, 'c77ccd20-744b-11e8-a626-50465d50a210', 29, 'бочка', '00000000015'),
(12, 'c6d1387b-7471-11e8-a626-50465d50a210', 30, 'бочка', '00000000017'),
(13, '175c65f6-753d-11e8-ba40-50465d50a210', 31, 'канистра', '00000000019'),
(14, '430a2cd3-786b-11e8-b212-50465d50a210', 32, 'канистра', '00000000022'),
(15, '430a2cd5-786b-11e8-b212-50465d50a210', 33, 'канистра', '00000000023'),
(16, '29d44ad9-7ad2-11e8-b6fa-50465d50a210', 34, 'банка', '00000000025'),
(17, 'ac4107d1-802a-11e8-80b6-50465d50a210', 35, 'канистра', '00000000028'),
(18, 'ac4107d3-802a-11e8-80b6-50465d50a210', 36, 'канистра', '00000000029'),
(19, 'e78314d0-832d-11e8-80b6-50465d50a210', 37, 'банка', '00000000030'),
(20, '1036d383-88eb-11e8-bb0d-50465d50a210', 38, 'бочка', '00000000031'),
(21, 'fcb6aa5f-9a23-11e8-b693-50465d50a210', 39, 'канистра', '00000000033'),
(22, 'd2547c5e-b820-11e8-b988-6c626df87d4c', 40, 'банка', '00000000034'),
(23, 'd2547c64-b820-11e8-b988-6c626df87d4c', 41, 'канистра', '00000000035'),
(24, '0a5a96a9-e34c-11e8-8112-50465d50a210', 42, 'канистра', '00000000037'),
(25, '78b70a1b-f4a2-11e8-8045-6c626df87d4c', 43, 'бочка', '00000000039'),
(26, '17c839c6-fd3f-11e8-888d-6c626df87d4c', 44, 'канистра', '00000000040'),
(27, '2d4abf63-2627-11e9-b5dd-6c626df87d4c', 45, 'банка', '00000000041'),
(28, '674dacf4-2b92-11e9-941f-6c626df87d4c', 46, 'банка', '00000000042'),
(29, '4f8986d5-3441-11e9-9244-50465d50a210', 47, 'банка', '00000000044'),
(30, 'f494f581-35cc-11e9-addb-6c626df87f88', 48, 'канистра', '00000000045'),
(31, 'e96faa32-3f2c-11e9-8945-6c626df87f88', 49, 'канистра', '00000000046'),
(32, '15c88e8d-964e-11e8-939d-50465d50a210', 51, 'штука', '00000000032'),
(33, '78b70a18-f4a2-11e8-8045-6c626df87d4c', 52, 'бочка', '00000000038'),
(36, '1178b74c-2f73-11e9-88bb-6c626df87f88', 55, 'канистра', '00000000043'),
(37, 'b481051a-afa2-11e9-97f7-50465d50a210', 70, 'банка', '00000000054'),
(38, 'b481051c-afa2-11e9-97f7-50465d50a210', 71, 'канистра', '00000000055'),
(39, '6ac70794-c277-11e9-b002-50465d50a210', 72, 'канистра', '00000000058'),
(40, '2d3fd8dc-c37d-11e9-9942-50465d50a210', 74, 'штука', '00000000059');

-- --------------------------------------------------------

--
-- Структура таблицы `transports`
--

CREATE TABLE `transports` (
  `purchases_id` smallint(5) UNSIGNED NOT NULL,
  `purchases_uid` varchar(50) COLLATE utf8_unicode_ci DEFAULT NULL,
  `seller_uid` varchar(50) COLLATE utf8_unicode_ci DEFAULT NULL,
  `incdoc_num` varchar(20) COLLATE utf8_unicode_ci DEFAULT NULL,
  `incdoc_date` date NOT NULL,
  `sum` float(14,2) NOT NULL,
  `comment` varchar(50) COLLATE utf8_unicode_ci DEFAULT NULL
) ENGINE=InnoDB DEFAULT CHARSET=utf8 COLLATE=utf8_unicode_ci;

--
-- Дамп данных таблицы `transports`
--

INSERT INTO `transports` (`purchases_id`, `purchases_uid`, `seller_uid`, `incdoc_num`, `incdoc_date`, `sum`, `comment`) VALUES
(12, '﻿e34bb4ba-9edd-11e8-b059-50465d50a210', 'e34bb4b4-9edd-11e8-b059-50465d50a210', 'ДС1645', '2018-08-09', 700.00, ''),
(13, '598d849d-d908-11e8-ae13-50465d50a210', 'e34bb4b4-9edd-11e8-b059-50465d50a210', 'ДС2201', '2018-10-25', 1142.90, 'Счет № ДС 002201 от 25.10.2018г.'),
(14, 'f5b7b683-e1a6-11e8-a6c8-50465d50a210', 'f5b7b67d-e1a6-11e8-a6c8-50465d50a210', '1612', '2018-11-06', 3200.00, '1612 от 06.11.2018г.'),
(15, 'fb92d979-e8c4-11e8-887e-6c626df87d4c', 'e34bb4b4-9edd-11e8-b059-50465d50a210', 'ДС002332', '2018-11-14', 1280.90, 'Счет № ДС 002332 от 14.11.2018г.'),
(16, '41a72384-08d4-11e9-b557-6c626df87d4c', 'e34bb4b4-9edd-11e8-b059-50465d50a210', 'ДС2625', '2018-12-24', 772.00, 'Счет № ДС 002626 от 24.12.2018г.'),
(17, 'a49f36b9-1ede-11e9-8344-50465d50a210', 'e34bb4b4-9edd-11e8-b059-50465d50a210', 'ДС49', '2019-01-18', 884.00, 'Счет № ДС000049 от 18.01.2018'),
(18, 'efc89bd1-3e62-11e9-8782-50465d50a210', 'e34bb4b4-9edd-11e8-b059-50465d50a210', 'ДС192', '2019-02-12', 1226.00, 'Счет № ДС000192 от 12.02.2019г.'),
(19, 'f7ee2d9a-594f-11e9-9be7-50465d50a210', 'e34bb4b4-9edd-11e8-b059-50465d50a210', 'ДС461', '2019-03-28', 1410.80, 'Счет № ДС000461 от 28.03.2019г.'),
(20, '6fff3e9d-6081-11e9-8bc3-50465d50a210', 'e34bb4b4-9edd-11e8-b059-50465d50a210', 'ДС553', '2019-04-15', 1562.00, 'Счет № ДС000553 от 15.04.2019г.'),
(21, 'bde81001-6b41-11e9-8ca6-6c626df87d4c', '26e0a505-6688-11e9-b16c-50465d50a210', '86', '2019-04-23', 4500.00, 'Транспортные услуги Воронеж -Самара по счету 86 от'),
(22, '07b266b3-825a-11e9-b71c-50465d50a210', 'f4ebacb0-7aee-11e9-9bc3-6c626df87d4c', 'СМП05203000152/77', '2019-05-23', 858.33, 'Счет на оплату № СМА05160998,7 от 16 мая 2019,по п'),
(23, '7e08fcb4-b50c-11e9-a4e2-50465d50a210', '9121eba0-afb7-11e9-97f7-50465d50a210', 'Мс1Смр000046', '2019-07-24', 230.00, 'ДженКом для Дикомпа 2 канистры Транспортные услуги'),
(24, '86b9b3ca-d2f8-11e9-9e2c-50465d50a210', '40b59542-cfaf-11e9-9a54-50465d50a210', 'с0905000005', '2019-09-05', 975.00, 'Евросмаз привезли сами 3 ведра по 20 л'),
(25, 'd588442b-eb3d-11e9-8dbf-50465d50a210', '9121eba0-afb7-11e9-97f7-50465d50a210', 'Мс1Смр59', '2019-10-01', 679.00, 'ДженКом для Альянс(2)+Дикомп (2)= 4 канистры сами ');

--
-- Индексы сохранённых таблиц
--

--
-- Индексы таблицы `allnames`
--
ALTER TABLE `allnames`
  ADD PRIMARY KEY (`nameid`);

--
-- Индексы таблицы `byers`
--
ALTER TABLE `byers`
  ADD PRIMARY KEY (`byers_id`),
  ADD UNIQUE KEY `byers_uid` (`byers_uid`),
  ADD KEY `byer_nameid` (`byers_nameid`);

--
-- Индексы таблицы `executes`
--
ALTER TABLE `executes`
  ADD PRIMARY KEY (`executes_id`);

--
-- Индексы таблицы `exec_trades`
--
ALTER TABLE `exec_trades`
  ADD PRIMARY KEY (`exec_trades_id`);

--
-- Индексы таблицы `giveaways`
--
ALTER TABLE `giveaways`
  ADD PRIMARY KEY (`giveaways_id`);

--
-- Индексы таблицы `payments`
--
ALTER TABLE `payments`
  ADD PRIMARY KEY (`payments_id`),
  ADD UNIQUE KEY `payments_uid` (`payments_uid`),
  ADD KEY `requestid` (`requestid`);

--
-- Индексы таблицы `pricings`
--
ALTER TABLE `pricings`
  ADD PRIMARY KEY (`pricingid`);

--
-- Индексы таблицы `purchases`
--
ALTER TABLE `purchases`
  ADD PRIMARY KEY (`purchases_id`);

--
-- Индексы таблицы `requests`
--
ALTER TABLE `requests`
  ADD PRIMARY KEY (`requests_id`),
  ADD UNIQUE KEY `requests_uid` (`requests_uid`),
  ADD KEY `req_nameid` (`requests_nameid`),
  ADD KEY `1c_num` (`1c_num`);

--
-- Индексы таблицы `req_positions`
--
ALTER TABLE `req_positions`
  ADD PRIMARY KEY (`req_positionid`),
  ADD KEY `requestid` (`requestid`);

--
-- Индексы таблицы `sellers`
--
ALTER TABLE `sellers`
  ADD PRIMARY KEY (`sellers_id`),
  ADD UNIQUE KEY `sellers_uid` (`sellers_uid`),
  ADD KEY `seller_nameid` (`sellers_nameid`);

--
-- Индексы таблицы `trades`
--
ALTER TABLE `trades`
  ADD PRIMARY KEY (`trades_id`),
  ADD UNIQUE KEY `trades_uid` (`trades_uid`),
  ADD KEY `trade_nameid` (`trades_nameid`);

--
-- Индексы таблицы `transports`
--
ALTER TABLE `transports`
  ADD PRIMARY KEY (`purchases_id`);

--
-- AUTO_INCREMENT для сохранённых таблиц
--

--
-- AUTO_INCREMENT для таблицы `allnames`
--
ALTER TABLE `allnames`
  MODIFY `nameid` mediumint(8) UNSIGNED NOT NULL AUTO_INCREMENT, AUTO_INCREMENT=77;

--
-- AUTO_INCREMENT для таблицы `byers`
--
ALTER TABLE `byers`
  MODIFY `byers_id` smallint(5) UNSIGNED NOT NULL AUTO_INCREMENT, AUTO_INCREMENT=13;

--
-- AUTO_INCREMENT для таблицы `executes`
--
ALTER TABLE `executes`
  MODIFY `executes_id` mediumint(5) UNSIGNED NOT NULL AUTO_INCREMENT, AUTO_INCREMENT=76;

--
-- AUTO_INCREMENT для таблицы `exec_trades`
--
ALTER TABLE `exec_trades`
  MODIFY `exec_trades_id` smallint(5) UNSIGNED NOT NULL AUTO_INCREMENT, AUTO_INCREMENT=76;

--
-- AUTO_INCREMENT для таблицы `giveaways`
--
ALTER TABLE `giveaways`
  MODIFY `giveaways_id` smallint(5) UNSIGNED NOT NULL AUTO_INCREMENT, AUTO_INCREMENT=9;

--
-- AUTO_INCREMENT для таблицы `payments`
--
ALTER TABLE `payments`
  MODIFY `payments_id` smallint(5) UNSIGNED NOT NULL AUTO_INCREMENT, AUTO_INCREMENT=67;

--
-- AUTO_INCREMENT для таблицы `pricings`
--
ALTER TABLE `pricings`
  MODIFY `pricingid` smallint(5) UNSIGNED NOT NULL AUTO_INCREMENT, AUTO_INCREMENT=97;

--
-- AUTO_INCREMENT для таблицы `purchases`
--
ALTER TABLE `purchases`
  MODIFY `purchases_id` smallint(5) UNSIGNED NOT NULL AUTO_INCREMENT, AUTO_INCREMENT=82;

--
-- AUTO_INCREMENT для таблицы `requests`
--
ALTER TABLE `requests`
  MODIFY `requests_id` mediumint(5) UNSIGNED NOT NULL AUTO_INCREMENT, AUTO_INCREMENT=61;

--
-- AUTO_INCREMENT для таблицы `req_positions`
--
ALTER TABLE `req_positions`
  MODIFY `req_positionid` smallint(5) UNSIGNED NOT NULL AUTO_INCREMENT, AUTO_INCREMENT=98;

--
-- AUTO_INCREMENT для таблицы `sellers`
--
ALTER TABLE `sellers`
  MODIFY `sellers_id` smallint(5) UNSIGNED NOT NULL AUTO_INCREMENT, AUTO_INCREMENT=24;

--
-- AUTO_INCREMENT для таблицы `trades`
--
ALTER TABLE `trades`
  MODIFY `trades_id` smallint(5) UNSIGNED NOT NULL AUTO_INCREMENT, AUTO_INCREMENT=41;

--
-- AUTO_INCREMENT для таблицы `transports`
--
ALTER TABLE `transports`
  MODIFY `purchases_id` smallint(5) UNSIGNED NOT NULL AUTO_INCREMENT, AUTO_INCREMENT=26;

--
-- Ограничения внешнего ключа сохраненных таблиц
--

--
-- Ограничения внешнего ключа таблицы `byers`
--
ALTER TABLE `byers`
  ADD CONSTRAINT `byers_ibfk_1` FOREIGN KEY (`byers_nameid`) REFERENCES `allnames` (`nameid`) ON UPDATE CASCADE;

--
-- Ограничения внешнего ключа таблицы `payments`
--
ALTER TABLE `payments`
  ADD CONSTRAINT `payments_ibfk_1` FOREIGN KEY (`requestid`) REFERENCES `requests` (`requests_id`) ON UPDATE CASCADE;

--
-- Ограничения внешнего ключа таблицы `requests`
--
ALTER TABLE `requests`
  ADD CONSTRAINT `requests_ibfk_1` FOREIGN KEY (`requests_nameid`) REFERENCES `allnames` (`nameid`) ON UPDATE CASCADE;

--
-- Ограничения внешнего ключа таблицы `sellers`
--
ALTER TABLE `sellers`
  ADD CONSTRAINT `sellers_ibfk_1` FOREIGN KEY (`sellers_nameid`) REFERENCES `allnames` (`nameid`) ON UPDATE CASCADE;

--
-- Ограничения внешнего ключа таблицы `trades`
--
ALTER TABLE `trades`
  ADD CONSTRAINT `trades_ibfk_1` FOREIGN KEY (`trades_nameid`) REFERENCES `allnames` (`nameid`) ON UPDATE CASCADE;
COMMIT;

/*!40101 SET CHARACTER_SET_CLIENT=@OLD_CHARACTER_SET_CLIENT */;
/*!40101 SET CHARACTER_SET_RESULTS=@OLD_CHARACTER_SET_RESULTS */;
/*!40101 SET COLLATION_CONNECTION=@OLD_COLLATION_CONNECTION */;
