-- MySQL dump 10.13  Distrib 5.7.23, for Linux (x86_64)
--
-- Host: localhost    Database: prices
-- ------------------------------------------------------
-- Server version	5.7.23-0ubuntu0.16.04.1

/*!40101 SET @OLD_CHARACTER_SET_CLIENT=@@CHARACTER_SET_CLIENT */;
/*!40101 SET @OLD_CHARACTER_SET_RESULTS=@@CHARACTER_SET_RESULTS */;
/*!40101 SET @OLD_COLLATION_CONNECTION=@@COLLATION_CONNECTION */;
/*!40101 SET NAMES utf8 */;
/*!40103 SET @OLD_TIME_ZONE=@@TIME_ZONE */;
/*!40103 SET TIME_ZONE='+00:00' */;
/*!40014 SET @OLD_UNIQUE_CHECKS=@@UNIQUE_CHECKS, UNIQUE_CHECKS=0 */;
/*!40014 SET @OLD_FOREIGN_KEY_CHECKS=@@FOREIGN_KEY_CHECKS, FOREIGN_KEY_CHECKS=0 */;
/*!40101 SET @OLD_SQL_MODE=@@SQL_MODE, SQL_MODE='NO_AUTO_VALUE_ON_ZERO' */;
/*!40111 SET @OLD_SQL_NOTES=@@SQL_NOTES, SQL_NOTES=0 */;

--
-- Table structure for table `allnames`
--

DROP TABLE IF EXISTS `allnames`;
/*!40101 SET @saved_cs_client     = @@character_set_client */;
/*!40101 SET character_set_client = utf8 */;
CREATE TABLE `allnames` (
  `nameid` mediumint(8) unsigned NOT NULL AUTO_INCREMENT,
  `name` varchar(255) COLLATE utf8_unicode_ci NOT NULL,
  PRIMARY KEY (`nameid`)
) ENGINE=InnoDB AUTO_INCREMENT=913 DEFAULT CHARSET=utf8 COLLATE=utf8_unicode_ci;
/*!40101 SET character_set_client = @saved_cs_client */;

--
-- Dumping data for table `allnames`
--

LOCK TABLES `allnames` WRITE;
/*!40000 ALTER TABLE `allnames` DISABLE KEYS */;
INSERT INTO `allnames` VALUES (106,'СПЗ-4'),(107,'СТС-Люкс'),(108,'Юнитерм'),(109,'НАДО'),(110,'ОТК'),(111,'Валдай ТК'),(112,'ВиК'),(113,'Дженерал Компани'),(114,'Смазка Литол-24 (бидон 18 кг)'),(115,'Литол-24 180кг'),(116,'Литол-24 50кг'),(117,'Масло гидравлическое ВМГЗ (бочка)'),(131,'Масло трансмисс. ТЭП-15 (бочка 180 кг)'),(132,'СКК АО'),(133,'Ойл-Снаб Тлт'),(142,'High-Lube L2 400g'),(145,'МСМ Шеврон соседи'),(146,'Сызранская Керамика'),(147,'Chevron Black Pearl EP2 400g'),(150,'Масло трансформаторное ТКП 200л 180кг'),(151,'Mobilgrease XHP 222 0,4 кг'),(152,'Mobilgrease XHP 222 0,4 кг'),(153,'Вовчик'),(155,'Масло гидравлическое Гидромарка А 10л OilRight'),(157,'Мега ОЙЛ'),(160,'Масло индустриальное И-40 (бочка)'),(161,'Химэкспресс'),(162,'ДВК'),(163,'САМ-ПО'),(165,'Масло гидр.марки \"А\" (канистра 10л)'),(166,'Абиана'),(167,'Ondina 919 1л'),(169,'ННК'),(170,'НК НПЗ'),(172,'AEON 9000 17кг канистра'),(173,'Профинструмент'),(174,'Антифриз Cat'),(175,'Цеппелин г. Самара'),(176,'Смазка Fuchs Renolit HLT 2 18кг'),(177,'Смазка Fuchs Renolit HLT 2 0,4кг'),(178,'Смазочные материалы'),(179,'Klubersynth GH6-100 20л'),(180,'Клюбер центр.'),(181,'FAG ARKANOL-TEMP110 1кг'),(182,'БелтИмпэкс'),(183,'FAG ARKANOL-TEMP110 50кг'),(184,'Стройсервис'),(186,'Керосин КО-25 (216л/170кг)'),(187,'Керосин РТ бочка'),(188,'ПРОМ ТЭК 2668435 2725648'),(189,'Химоптторг'),(209,'Салют'),(212,'NANO BLUE MULTIPURPOSE HT Grease 400g'),(213,'Жидкость 7-50С-3 (16,4 кг)'),(214,'Смазка силиконовая Si-M (тюбик)'),(215,'Состав МВС-3Н (24 кг)'),(216,'Масло гидравлическое МГЕ-46В (бочка)'),(217,'И-20 А (216,5л/180 кг) - масло индустриальное '),(218,'Масло авиационное МС-20 (бочка)'),(219,'Смазка ЦИАТИМ-221 (банка 0,8кг)'),(220,'Масло компрессорное КС-19 (бочка 180 кг)'),(221,'Литол-24 42кг'),(222,'Смазка ШРУС-4 (туба 0,8 кг)'),(223,'Масло моторное М8-В Автол (бочка)'),(224,'Масло моторное М8Г2К (бочка)'),(225,'Масло моторное М10Г2К (бочка)'),(226,'Масло вакуумное ВМ-4 (16 кг)'),(227,'Смазка Kluber Isoflex NBU-15 (1 кг)'),(228,'Масло вакуумное ВМ-5с (15,5 кг)'),(229,'Смазка ЛС-1П (бочка)'),(230,'Масло цилиндровое Ц-52 (бочка)'),(231,'Масло турбинное ТП-22С (бочка)'),(232,'Смазка ЦИАТИМ-201 (21кг)'),(233,'Масло трансформаторное ГК (бочка)'),(234,'СОЖ Укринол (бочка)'),(235,'Смазка Солидол Жировой (21 кг)'),(236,'Смазка ВНИИНП-231 (1кг)'),(237,'Смазка ОКБ-122-7 (0,75 кг)'),(238,'Смазка АМС-3 (бидон 11,8 кг)'),(239,'Смазка ВНИИНП-286(ЭРА) (0,7кг)'),(240,'СОЖ Сульфофризол (бочка)'),(241,'Смазка МС-70 (бидон 16 кг)'),(242,'Смазка МЗ (15кг)'),(243,'Смазка ВНИИНП-225 (1кг)'),(244,'ОНМЗ'),(246,'Центр-Ойл г. Екб'),(247,'Континент НН'),(248,'Акрил Омск'),(249,'Нефтепродукт ЗАО г.НН'),(250,'ООС'),(252,'Масло индустриальное И-12 (бочка)'),(253,'Мюнхен-Ойл'),(256,'Смазка МС-17 15кг'),(257,'Русма'),(258,'Стас'),(259,'Ойл-Ком Екб.'),(260,'ЯЗЛМ (Липп) Ярсмазки'),(261,'Смазка ЦИАТИМ-221 (банка 0,9кг) (Ойл-Ком)'),(262,'Меркойл'),(263,'СпецХимПродукт Омск'),(264,'Состав МВС-3А'),(266,'Продест Ярославль'),(267,'НижегородХимПродукт'),(268,'Состав МВС-3Н (брикет 5кг)'),(269,'Масло вакуумное ВМ-4 (20л)'),(270,'Камский Завод Масел КЗМ'),(271,'Пента Юниор'),(272,'Авиастар-СП'),(273,'Масло индустриальное ИГП-49 (бочка)'),(275,'РОСА-1'),(276,'ПромСервисЦентр'),(277,'МИСКОМ'),(278,'СТД (Нонна)'),(279,'Смазка АМС-3 (бидон 17 кг)'),(280,'ПромПоставка НН'),(281,'ХЁРЦ Спб'),(282,'Состав МВС-3Н в КГ'),(283,'СЭП (ТСК)'),(284,'Мотор-Трейд (Кр.Куц.)'),(285,'Смазка Литол-24 (КНБ 21 кг)'),(286,'Литол-24 45кг'),(287,'Смазка АМС-3 (бидон 15 кг)'),(288,'СовИнТех'),(289,'СпецНефтьПродукт Тверская обл.'),(291,'Mobilgear 600 XP 460 (20л)'),(292,'Лавриченко'),(294,'Лима-Сервис'),(295,'Чирол'),(296,'Bechem Berulub FB 34 (0,4 кг)'),(297,'Bechem Berulub W+B Spray (0,4 кг)'),(299,'Дикомп-Классик'),(300,'Гелиос'),(301,'Керосин РТ 10л'),(302,'Масло моторное М10Г2К OR (10л)'),(303,'Масло вазелиновое ГОСТ (4л)'),(304,'Shell Corena S3 R 68 (20л)- компрессорное масло'),(305,'Shell Corena S2 P 150 (Corena P 150) (20л)- компрессорное масло'),(308,'Керосин РТ 20л'),(309,'Медхим'),(310,'Масло вазелиновое МХ-250 с пищ доп. минеральное(канистра 4 кг)'),(311,'Промышленные технологии (Фаворит Ойл)'),(313,'Нефрас С2 80/120 (бочка)'),(314,'Балашейские пески'),(316,'Bechem Beruplex LI EP 2 (25 кг)'),(317,'Масло компрессорное ТНК Компрессор VDL-100 (20л) '),(318,'РОСКОМ Батаев 261-16-56'),(322,'Дилекс'),(323,'ALUB Blue ALMIG (10л)'),(325,'Масло Mobil DTE 24 (208л) - гидравлическое'),(326,' Motorex Cool Concentrate (5л)'),(327,'ТЛТ-Опт, Тольятти'),(328,'Наш партнер'),(330,'Мочевина, 1 куб.'),(331,'Арсенал Марков'),(332,'ХозПромЭкспорт Уфа'),(333,'Куйбышевазот'),(335,'МегаМас (Высоцкий)'),(336,'Масло приборное МВП (в кг)'),(337,'Масло приборное МВП (175 кг)'),(338,'Масло трансформаторное ТСО (175 кг)'),(340,'Нефтебаза №1'),(341,'Прогресс'),(343,'Масло моторное М14В2 (бочка 180 кг)'),(344,'Масло Mobil DTE 25 (208л) - гидравлическое'),(345,'Масло трансформаторное Т-1500У (180кг)'),(346,'Масло индустриальное ИГП-14 (бочка 180 кг)'),(347,'Масло индустриальное И-50 (бочка 180кг)'),(348,'Масло гидравлическое РН Гидравлик OE HLP 46 (бочка 180 кг)'),(349,'Масло гидравлическое ИГП-4 (бочка 180кг)'),(350,'Масло гидравлическое ИГП-8 (бочка 180кг)'),(351,'Масло трансмисс. ТАП-15 (бочка 180 кг)'),(352,'Масло трансмисс. ТАД-17 (ТМ-5) (бочка 180 кг)'),(353,'Масло авиационное СМ-4,5 (банка 15 кг)'),(354,'Масло вакуумное Adixen A-120 (5кг)'),(355,'Смазка WD-40 спрей 400 мл'),(356,'Би Питрон Самара'),(358,'Motorex Spindlelube ISO VG 68 (4л)'),(360,'Масло Гидравлик Стандарт 46 (180кг)'),(361,'Серые ГПН Тлт'),(362,'Анвек'),(364,'Масло редукторное Shell Omala S2 G68 - бочка (208л)'),(365,'Евросмаз'),(367,'Тосол 10 кг Дзержинский'),(368,'Castrol GTX Magnatec 5w-40 (4л)'),(369,'Литол-24 0,8 кг'),(370,'Смазка графитная Ж 21 кг'),(371,'Смазка графитная УССА 0,8 кг'),(372,'Смазка ЦИАТИМ-201 (0,8 кг)'),(373,'Смазка ЦИАТИМ-201 (10 кг)'),(374,'Смазка ЦИАТИМ-221 ( 10 кг)'),(375,'Смазка ЭПС-98 (банка 0,8 кг)'),(376,'Смазка SKF LGHP 2  (18 кг)'),(377,'Смазка SKF LGHP 2  (0,42 кг)'),(378,'DG-40 (0,52л) Аналог WD-40 от Мега Ойл'),(379,'Смазка графитная Ж 10 кг'),(380,'Масло АМТ-300 (бочка 200л)'),(383,'ТЕК-КОМ'),(384,'Смазка WD-40 спрей 420 мл'),(385,'Смазка ЭПС-98 (Банка 1,3кг)'),(386,'Литол-24  2 кг'),(387,'Масло цепное OR (1л)'),(389,'DOT-4 (0,455 л)'),(390,'DOT-4 (0,910 л)'),(391,'Масло Автопромывочное 3,5л OR'),(392,'Масло Автопромывочное 5л Luxe'),(393,'Масло гидравлическое марки \"Р\" 1л'),(394,'Масло моторное Addinol Diesel Longlife MD 1548 SAE 15w-40 (канистра 20 л)'),(395,'Масло моторное Addinol Diesel Longlife MD 1548 SAE 15w-40 (бочка 205 л)'),(396,'Масло Автопромывочное 3л Волга-Ойл'),(397,'Масло гидравлическое марки \"Р\" 10 л'),(398,'Ойлс (Аддинол) Ольга 9791196'),(399,'УралСпецСервис  (89372095452)'),(401,'Mannol silicone spray 400ml'),(403,'Сервис'),(404,'Герметик Автосил 180 мл'),(406,'Инрол-СТС'),(407,'Mobilube HD 85W-140 (20л) - масло трансмиссионное '),(409,'Ойл-Форби'),(410,'Слоистые пластики'),(411,'Смазка Berutemp 500 T2 (800г)'),(414,'Масло ИГП-38 (бочка 180 кг)'),(415,'Петро-Самара (276-45-80)'),(416,'Revolux D1 SAE 10W-40 ТНК в литрах'),(417,'Контур СПБ'),(418,'Масло приборное (170 кг бочка)'),(419,'Масло приборное МВП (170 кг бочка)'),(420,'Масло приборное МВП (15 кг бидон)'),(421,'Масло моторное М8Г2К (бочка)'),(422,'Масло моторное М8ДМ (бочка)'),(424,'Сервис Д'),(427,'Тяжмаш'),(428,'Смазка ВНИИНП-275 0,8кг'),(429,'Смазка ВНИИНП-273 0,8кг'),(430,'Смазка ВНИИНП-232 0,8кг'),(431,'Смазка ЦИАТИМ-202 0,8кг'),(432,'Смазка ЦИАТИМ-202 10кг'),(436,'СОЖ МР-7 (бочка 180кг)'),(437,'Спецавтомат Ростовская обл.'),(439,'Добавка Easy kit AL-3 Standard (200-599 L)'),(440,'Добавка Easy kit Cu-3 Standard (50-119 L)'),(441,'Добавка моющая Sanitaizer ST40 20 ml'),(442,'Фильтр для воды 20 мкм'),(444,'С-Металл'),(446,'Трумпф'),(447,'УСИ (Казахстан)'),(448,'Mobil DTE 10 Excel 46 (20 л)'),(451,'SHELL OMALA S4 WE 320 (20 л)'),(452,'Shell Tellus S2 V 46 (20 л)'),(453,'Shell Tellus S3M 32 (209 л)'),(454,'Shell Tellus S3M 68 (20 л)'),(455,'MOBILITH SHC 220 (16 кг)'),(456,'MOBILUX EP 004 (18 кг)'),(457,'OKS 1110 (0,5 кг)'),(458,'Divinol Lithogrease 000 (1 кг)'),(459,'Gadus S2 V220 2 (0,4 кг)'),(460,'Gadus S2 V100 3 (0,4 кг)'),(461,'Gadus S2 V220 00 (18 кг)'),(462,'Gadus S4 V45AC 00/000 (18 кг)'),(463,'Optileb RB-1 (17 кг)'),(464,'ЦПК'),(465,'SKF LGEV2 (0,4 кг)'),(466,'Маслостар (Москва)'),(467,'SKF LGLT 2/1 (0,4 кг)'),(468,'Охлаждающая жидкость Motorex COOL-X (25л)'),(469,'Квалитет (ТЛТ)'),(471,'ПФМС-4С (0,8 кг)'),(472,'Химпродукт Москва'),(473,'HLP-46 бочка (180 кг)'),(475,'Промывочное масло РН (бочка 200л)'),(478,'Роснефть Редуктор CLP 320 (бочка)'),(480,'Масло силиконовое ПМС-5 (19 кг)'),(481,'Реахим  Ст.Купавна'),(482,'Смывка APS-E (200 гр в уп. 24 шт)'),(483,'АЛТ МО, пос.Быково'),(484,'Смазка Лита (170,5 кг)'),(485,'Смазка EFELE VH-491 (ведро 5 кг.)'),(486,'Масло синтетическое POE32 (Errecom) – 5л'),(487,'Морена Самара (846) 574-02-17)'),(489,'Масло синтетическое POE55 (Errecom) – 5л'),(490,'Масло синтетическое POE22 (Errecom) – 5л'),(491,'Смазка Лита (10 кг)'),(492,'Скипидар живичный (10 л)'),(493,'Неостат Дзержинск'),(494,'Масло гидравлическое РН Гидравлик OE HLP 46 (кан 18 кг)'),(495,'Масло гидравлическое РН Гидравлик OE HLP 68 (бочка 180 кг)'),(496,'RENOLIT SF 7-041 (18 кг)'),(497,'Инхим Москва'),(499,'Motul Snowmobile 2t (1л)'),(500,'Motul Snowmobile 2t (4л)'),(501,'Союз-Авто (225-40-15)'),(502,'АвтомастерОйл (ТЛТ)'),(503,'Пегас (265-57-27)'),(505,'ENI i-Sigma Universal 10w40 (20л)'),(506,'ТНК Транс Гипоид 80W-90 (20л)'),(507,'Роснефть Gidrotec OE HLP 46 (20л)'),(508,'Роснефть Gidrotec OE HLP 46 (216л)'),(509,'Лукойл ТМ-5 SAE 80W-90 API (50л)'),(510,'Тосол Felix Euro (-35 град.) (20л)'),(512,'Масло холодильное ХА-30 (216л) УФА'),(513,'Avantin 361 IN 180кг (бочка)'),(516,'Средневолжская Трубно-Механическая (noginata@krm.npstroy.com)'),(517,'Смазка KR-941 силик. универс. (520 мл)'),(520,'Смазка ВНИИНП-279 0,8кг'),(521,'ТНК Редуктор CLP 100 (бочка)'),(522,'Лукойл Трансол-200 (18кг)'),(523,'Смазка КМ 30 080 (1кг ? уточнить фасовку)'),(524,'Gadus S2 V220 0 (18 кг)'),(525,'Масло ИЛС-5 (бочка)'),(528,'ССХ'),(530,'Масло ТСП-15К 180кг'),(531,'ZIC ATF III'),(532,'Shell Rimula R5 Е, 10W40 20л'),(533,'Антифриз  G-11 (10кг) зеленый'),(534,'Масло марки \"А\" гидравлическое'),(535,'Масло М10ДМ бочка 180кг'),(536,'Смазка Солидол Жировой 9,5 кг '),(537,'Смазка графитная 9,5 кг'),(540,'ТНК Гидротэк HVLP 46 OE (бочка)'),(541,'Shell Tellus S2 V 46 (209 л)'),(542,'КАСКАД Наприенко'),(545,'НЭТЧ'),(546,'Shell Omala S2 GХ320 (20 л) масло редукторное'),(548,'Тосол 216 л, Дзержинский'),(550,'ЭТИЛАЦЕТАТ бочка 180 кг'),(551,'Адверс'),(552,'СОЖ Avantin 361 I-N (18 кг)'),(554,'Oemeta Frigomet NF 470/30N (бочка 220 кг)'),(556,'УТС РУС (ШАТРОВ)'),(557,'LM Pro-Line Silikon-Spray (0,4л)'),(558,'Регион-Снаб (Ликви Моли Самара)'),(559,'Rocol Foodlube Universal 2 (аналог CASSIDA EPS 2) 10кг'),(560,'SKF FGFP 2 (0,4 кг)'),(561,'Bechem Berusynth H1 32 (аналог CASSIDA HF 32) (20л)'),(562,'Bechem Berusynth H1 46 (аналог CASSIDA HF 46) (20л)'),(563,'Bechem Berusynth H1 220 (аналог CASSIDA GL 220) (20л)'),(564,'Renolin THERM 320/ FM HEAT TRANSFER FLUID (20л)'),(565,'KLuberfood NH1 94-402 (0,4 кг)'),(566,'Масло индустриальное И-5 (бочка 180кг)'),(568,'СУПЕРКОНТ 1.1 кг'),(569,'СМОЛА ПСХ-ЛС (CPVC, Китай) 1 кг'),(571,'СУПЕРКОНТ  г. Красноярск'),(572,'ИНТЕРХИМ Дзержинск'),(578,'Масло Роснефть Maximum Diesel 10W-40 (20л) п/с'),(579,'Тосол Top40 (10кг)'),(580,'Антифриз G-12 красный МиГ (10кг)'),(582,'Mobil ATF 220 Dexron II (20л)'),(583,'Развитие'),(604,'Стройиндустрия'),(605,'Стройавтокран'),(608,'СККМ'),(609,'И-12 3 бочки и Циатим 20шт'),(610,'Альянс-Полимер 89371759681'),(611,'Квоит'),(613,'Революкс 40 и Тосол 10'),(614,'Сиб Трейд Сервис'),(615,'РЖ-8У 3 бочки'),(616,'Рабочая жидкость РЖ-8 У (бочка 200 л)'),(617,'Рабочая жидкость РЖ-8 У (бочка 200 л) пломба'),(618,'И-20 А (216,5л/180 кг) - масло индустриальное  1 бочка'),(619,'Жидкость \"ТЭН -концентрат\" охлаждающая (бочка 215 кг)'),(620,'Жидкость \"ТОСОЛ -концентрат\" охлаждающая (бочка 215 кг)'),(621,'Масло ЛУКОЙЛ-АВАНГАРД ЭКСТРА , 10W40 (18л) - моторное п/синт'),(622,'Антифриз FELIX CARBOX G-12 (50 кг)'),(623,'Антифриз  G-12 (10кг) красный, Дзержинский'),(624,'Kluber Isoflex LDS 18 Spezial А (1 кг)'),(625,'Жидкость \"ТЭН -концентрат\" охлаждающая (бочка 215 кг) 5шт'),(626,'Жидкость \"ТОСОЛ -концентрат\" охлаждающая (бочка 215 кг) 5шт'),(627,'Моторки и Тосолы'),(628,'Спирт изопропиловый (20л)'),(629,'Спирт изопропиловый (20л) 2шт'),(630,'Авантин 4 шт'),(631,'Shell Tellus S2 М46 (Tellus 46) (20л) - гидравлическое масло'),(632,'Shell, Тосол, Литол'),(633,'Замазка уплотнительная У-20 А (10кг)'),(634,'Замазка уплотнительная У-20 А 20кг'),(635,'Масло ТМ-5,SAE 80W-90,GL-5(18л) трансмис. '),(636,'Трансмиссия'),(637,'5 Авантинов'),(638,'Смазка Berutemp 500 T2 (800г) 2шт'),(639,'Керосин бочка'),(640,'Mobilube HD 85W-140 (20л) 4 шт'),(641,'Корены и Ваз'),(642,'Тосол 216 л, Дзержинский 1бочка'),(662,'Смазка Berutemp 500 T2 (10кг)'),(663,'ПМС-400 1 бочка'),(664,'Масло силиконовое ПМС-400 (200л/200кг)'),(665,'Силикон-Снаб'),(667,'новая'),(668,'2 бочки Керосина'),(669,'НЕ ПРОШЛИ 2 антифриза '),(670,'Антифриз Coolstream HDR Heavy Duty (10кг)'),(672,'Ойл-Стандарт Москва'),(673,'Форш'),(674,'Антифроген N'),(675,'Антифроген N (кан. 22,3 кг)'),(676,'Векторол'),(677,'Лубрикатор SKF LAGD WA2/125'),(678,'Лубрикаторы'),(679,'Подшипник-Сервис'),(680,'TOTAL DACNIS SH 46 (20л) синт. компрессорное'),(681,'Total Dacnis SH46'),(682,'ОйлТрейд (Тотал Самара)'),(683,'Смола ПСХ-ЛС'),(684,'Трансмиссия ТАД-17 бочка'),(685,'Литол 21кг 1 барабан'),(686,'Смазка графитная 5 кг'),(687,'Графитка 5кг 1 шт'),(688,'Motorex Spindlelube ISO VG 68 (5л)'),(689,'Motorex Spindlelube ISO VG 68 (5л) - 12шт'),(690,'Смазка ROXOL- 350 высокотемпературная (1кг)'),(691,'Роксол'),(692,'Роксол'),(693,'Смазка Солидол С (23 кг)'),(694,'Мисма'),(695,'Солидол С'),(696,'Эверест'),(697,'Mannol Hydro ISO 32 HLP (20л) минеральное'),(698,'Смазка MOBILUX EP2 (18 кг)'),(699,'Смазка TUTELA ZETA 2 (20кг)'),(700,'Маннол, Мобилюкс, Тутела'),(701,'Tellus S2 V46 бочка'),(702,'Эксперт-Ойл'),(703,'Авангард'),(704,'Масло Лукойл Авангард 10W40 CF-4/SG п/синт, 18л (15кг)'),(705,'Заявка Дмитриевой'),(706,'Turmfluid OM 300 – (1л)'),(707,'Масло Mobil Rarus 829 (20л)'),(708,'Очиститель KR-968 (аэрозоль 650 мл)'),(709,'Мотор-Технология (Mobil Нижний Новгород)'),(710,'Адверс'),(711,'Теплоноситель Барс Eсо Extreme -30 (20 кг)'),(712,'Теплоноситель Барс Eсо Extreme -30, (50 кг)'),(713,'Барс 50л'),(714,'Теплоноситель Барс Eсо Extreme -30 (10 кг)'),(715,'ТОСОЛ-НН (Дзержинск)'),(716,'Моноэтиленгликоль  48% раствор в б. 200л  4 шт'),(717,'Моноэтиленгликоль  48% раствор в б. 200л '),(718,'Шпатлевка Novol Unisoft (1,8кг)'),(719,'Шпатлевка Novol Unisoft (1,8кг)'),(720,'ВОЛГАТРЕЙД'),(721,'Редукторная синтетика 320 и 68'),(725,'ИММЕРОЙЛ'),(726,'Мобилюкс и Тутела'),(727,'TOTAL DACNIS  SH 68 (бочка 208 л)'),(728,'TOTAL CARTER SH 320 (бочка 208 л)'),(729,'TOTAL CARTER SH 320 (канистра 20 л)'),(730,'Тестовая заявка'),(731,'ДОТ-4, Марка Р, Незам'),(732,'Масло гидравлическое марки \"Р\" 5л'),(733,'Незамерзайка (5л) '),(734,'Незамерзайка (4л)'),(735,'ПВК'),(736,'Смазка Пушечная ПВК'),(737,'Ц 221 100кг'),(738,'Смазка ПВК пушечная ГОСТ 19537-83'),(739,'Смазка ПВК пушечная ГОСТ 19537-83 (20кг)'),(740,'Смазка ПВК пушечная ГОСТ 19537-83 (21кг)'),(741,'Смазка ПВК пушечная ГОСТ 19537-83 (30кг)'),(742,'ТП-22С'),(743,'Волга-Петрол г.НН'),(745,'Mobil DTE Oil Light (20л)'),(746,'Bechem Staroil G 220 (200л)'),(747,' Bechem Staroil NR 46 масло гидравлическое (20л)'),(748,'Смазка Bechem High-Lub LM 2 EP (ведро 25 кг)'),(749,'Смазка Bechem High-Lub LM 3 EP(ведро 25 кг)'),(750,'Январская'),(751,'Вакуум и 32'),(752,'Shell Vacuum Pump S2 R 100 (Corena V 100) (20л)'),(753,'Shell Tellus S2 M32 (Tellus 32) (18 кг)'),(754,'Castrol Alpha SP 320  (208л) редукторное минер.'),(755,'Castrol Alpha SP 320  (208л) '),(756,'Кристалл ТД СПб'),(757,'Смазка ВНИИНП-232 (1кг)'),(758,'Смазка ВНИИНП-282 (1 кг) TУ 38.1011261-89'),(759,'АБИКА '),(760,'Масло шпиндельное Роснефть Арбатэк 10 (бочка 216л)'),(761,'Арбатэк 1 бочка'),(762,'Интер-Оил (Тотал СПБ)'),(763,'TOTAL DACNIS SH 68 (20л) синт. компрессорное'),(764,'ВАПОР 1 бочка'),(765,'Масло цилиндровое Ц-52 (бочка) ВАПОР'),(766,'РТС'),(767,'СОЖ ВЭЛС (канистра 10л)'),(769,'СОЖ ВЭЛС (канистра 200л)'),(770,'Масло Гидравлик HLP ОЕ 32'),(771,'Масло гидравлическое РН Гидравлик OE HLP 32 (бочка 180 кг)'),(772,'Мочевина 2000л'),(773,'Мочевина, канистра (20 л)'),(774,'Обычная заявка'),(775,'Покрытие TECTYL 506-WD (20л/17,4кг) антикор.'),(776,'Покрытие TECTYL 506-WD (20л/17,4кг) антикор.'),(777,'ОЖ для сварочного аппарата 50л'),(778,'ОЖ для сварки 40,0009,0046 (5л)'),(779,'Инвертика СПБ'),(780,'ep2'),(781,'ЧЛ'),(782,'500т2 211 ЗАК'),(783,'Klueber MICROLUBE GL 262 (Банка 1 кг)'),(784,'Klueber MICROLUBE GL 262 (Банка 1 кг) - 6 шт'),(785,'Kluber Isoflex LDS 18 Spezial А (1 кг) - 6 шт'),(786,'Пром-Консалт'),(788,'Смазка Nanotek Multipurpose L EP 2 (18кг)'),(789,'Смазка Nanotek Multipurpose L EP 2 (18кг) - 2шт'),(790,'И-12 4 шт'),(791,'600 XP 220 20л 4 шт'),(792,'Mobil Mobilgear 600 XP 220 (20 л)'),(793,'ПМС-400 7 двадцаток'),(794,'Масло силиконовое ПМС-400 (20кг)'),(795,'Очиститель Systemreiniger 50 (10кг)'),(796,'Systemreiniger 50 (10кг) '),(797,'Тройка'),(798,'Bechem Berulub KR EP 2 (1кг)'),(799,'Криотокс 6кг'),(800,'Суперконт ИП'),(801,'Масло Optigear 150 (20л) _ИП'),(802,'Масло Optigear Synt  RO 150 (20л)'),(803,'Услада'),(804,'Омалы'),(805,'Shell Omala S2 G220 (20 л) масло редукторное'),(806,'Shell Omala S2 G460 (20 л) масло редукторное'),(807,'Shell Omala S2 G680 (20 л) масло редукторное'),(808,'ПМС-400 5 по 20л'),(809,'Петрович Веломастерская'),(810,'XHP 222'),(811,'Антифр Окс'),(812,'Кул Конц 3 шт'),(813,'Дивинойл Рус'),(814,'Divinol Spezial HD 30 (20 л)'),(815,'Смазка OKS 404 (1 кг)'),(816,'Антифроген N (бочка 230 кг/206л)'),(817,'Fuchs Renolit LZR 000 (5 кг)'),(818,'Mobilgear 600 XP 680 (20л)'),(819,'Литол и XHP 222 '),(820,'Bechem Staroil G 320 (200л)'),(821,'Bechem Berusynth EP 460 (20л)'),(822,'Бочки - Канистры Бехем 2018-2019'),(823,'Bechem Staroil NR 46 масло гидравлическое (200л)'),(824,'Юна Ростов-на-Дону'),(825,' Optitemp RB-1 для протяжки (1кг) - 3 шт'),(826,' Optitemp RB-1 для протяжки (1кг) - 3 шт'),(827,'Масла и Смазки Москва'),(828,'Масло Mobitherm 605 (бочка 208л) '),(829,'Масло Mobitherm 605 (бочка 208л)  - 5 бочек'),(830,'ООО \"ТЕХПРОММАСЛА\"'),(831,'ВЭЛС бочка'),(832,'Shell Omala S2 G220 (20 л)'),(834,'Тосол 3 б в Цене - Канистра Motul Excess 5w40 за 2788/3450 от ПТК'),(835,'Motul X-Cess 8100 5W-40 - 4л'),(836,'ПТК ГРУППА МП Самара MOTUL'),(837,'Shell Omala S4 WE 220, PG (20л/18кг)'),(838,'Shell Omala S4 GX 220. PAO (20л)'),(839,'Shell Omala S4 GX 220. PAO (20л)'),(841,'Agip Eni Blazia S 220 (20л) (pg)'),(842,'Сафари-215'),(843,'Mobilgear SHC 220 (20л)'),(844,'Total Carter SH 220 (20л)'),(845,'Castrol Alphasyn EP 220 (20л)'),(846,'АРИД (wecheap) (СПБ)'),(847,'Мобил DTE 25 три бочки'),(848,'МасОйл'),(849,'СИКБОЛ (МОСКВА)'),(850,'Присадка Сикбол (1л)'),(851,'Присадка Сикбол (0,5л)'),(852,'Сикболы'),(853,'И12 4 б сент'),(854,'Ав361 6 шт'),(855,'500Т2 4 шт сент'),(856,'Масло индустриальное И-5 (канистра 10л)'),(857,'И-5 100л'),(858,'Стило 150'),(859,'Лукойл Стило 150 (бочка 216л)'),(860,'Fuchs Renep 68 (205л) 2 шт'),(861,'Fuchs Renep CGLP 68 (205л/180кг)'),(862,'Новая Веста'),(863,'Масло И-12 2 бочки'),(864,'Теплоноситель ГАЛАН -35 (21 кг)'),(865,'ГАЛАН (МСК)'),(866,'ГАЛАН 21 кг - 2шт'),(867,'Аккулюбе Алюмикат'),(868,'ACCU-LUBE - LB 5000 (5л)'),(869,'СОЖ Alumicut 659 (5л)'),(870,'ПАРВЕКС (Самара)'),(871,'Класта (Мск)'),(872,'СОЖ SintoGrind TTK (бочка 208л)'),(873,'SintoGrind TTK'),(874,'Техмет (МСК)'),(875,'Политег-мет (Мск)'),(876,'Смазка ВНИИНП-232 (10кг)-3шт Спец 26 от 06.09.2018'),(877,'Смазка Molykote 1000 резьбовая  (1 кг)-1шт'),(878,'Смазка ВНИИНП-232 (10кг)'),(879,'Смазка Molykote 1000 резьбовая  (1 кг)'),(880,'Смазка ВНИИНП-282 (1 кг)'),(881,'345_ НГ-213  180 кг  1 шт'),(882,'Масло НГ-13 (216,5л/200кг) консервационное'),(883,'НЕКТОН СИА '),(884,'330_FB 22'),(885,'Смазка Berutox FB 22  (400г)'),(886,'МПК Поволжский'),(887,'Shell Corena S2 P 100 (Corena P 100) (20л)'),(888,'Масло ЛУКОЙЛ-СТАНДАРТ 15W-40 (4 л)'),(889,'Масло ВМГЗ -45 (20л)'),(890,'323_Асс_т'),(891,'326_Барс 3 шт'),(892,'354_Б 100'),(893,'Биодизель Б-100 190л'),(894,'ИНТЕРЛАЙН'),(895,'303_Тосол \"Феликс ОЖ 45\" 10кг-10 шт'),(896,'304_Барс-30. 20 кг -4 шт'),(897,'310_И-20 1б'),(898,'308_4 Авантина 361'),(899,'Shell Tellus S2 М46 (Tellus 46) (бочка 209л)'),(900,'Shell Tellus S2 M32 (Tellus 32) (бочка 209л)'),(901,'Shell Tonna S3 M 220 (20 л)'),(902,'SHELL Tellus S2 V22 (209л)'),(903,'Shell Tellus S2 VA46 (209л)'),(904,'Shell Tellus S2 M68 (209 л)'),(905,'Shell Omala S2 GX 220 (20л)'),(906,'Shell Corena S3 R46 (20л)'),(907,'Shell Helix HX7 10W40 (бочка 209л)'),(908,'Gadus S2 V220 2 (18 кг)'),(909,'Много Шелла осень 2018'),(910,'302_Shell Corena S2 P 100'),(911,'289 _SCR'),(912,'15ИП Корены и керосин');
/*!40000 ALTER TABLE `allnames` ENABLE KEYS */;
UNLOCK TABLES;

--
-- Table structure for table `byers`
--

DROP TABLE IF EXISTS `byers`;
/*!40101 SET @saved_cs_client     = @@character_set_client */;
/*!40101 SET character_set_client = utf8 */;
CREATE TABLE `byers` (
  `byers_id` smallint(5) unsigned NOT NULL AUTO_INCREMENT,
  `byers_nameid` mediumint(8) unsigned NOT NULL,
  `ov_firstobp` float(5,2) unsigned DEFAULT NULL,
  `ov_tp` float(5,2) unsigned DEFAULT NULL,
  `ov_wt` float(4,2) unsigned DEFAULT NULL,
  `comment` varchar(300) COLLATE utf8_unicode_ci DEFAULT NULL,
  PRIMARY KEY (`byers_id`),
  KEY `byer_nameid` (`byers_nameid`),
  CONSTRAINT `byers_ibfk_1` FOREIGN KEY (`byers_nameid`) REFERENCES `allnames` (`nameid`) ON UPDATE CASCADE
) ENGINE=InnoDB AUTO_INCREMENT=88 DEFAULT CHARSET=utf8 COLLATE=utf8_unicode_ci;
/*!40101 SET character_set_client = @saved_cs_client */;

--
-- Dumping data for table `byers`
--

LOCK TABLES `byers` WRITE;
/*!40000 ALTER TABLE `byers` DISABLE KEYS */;
INSERT INTO `byers` VALUES (42,106,10.00,0.00,0.00,'И-12 - по 550 на шт, Ц221 - по 60 на шт'),(43,107,0.00,0.00,0.00,NULL),(44,108,0.00,0.00,0.00,NULL),(45,109,0.00,0.00,0.00,NULL),(46,132,13.00,4.75,0.99,'чистыми'),(47,146,12.00,5.26,0.00,NULL),(48,153,0.00,0.00,0.00,NULL),(49,163,12.00,8.00,0.00,'по об - 65%-12%'),(50,169,0.00,0.00,0.00,NULL),(51,170,0.00,0.00,0.00,NULL),(52,184,11.00,5.00,0.66,NULL),(53,209,0.00,0.00,0.00,'на шт - 8, делится как 5 и 3'),(54,272,12.00,5.00,0.00,NULL),(55,294,12.00,5.00,0.00,NULL),(56,299,12.00,7.53,0.00,'7-12.  Делится 2/3 -Ц, 1/3-М'),(57,300,0.00,0.00,0.00,NULL),(58,314,0.00,0.00,0.00,NULL),(59,328,0.00,0.00,0.00,NULL),(60,333,0.00,0.00,0.00,NULL),(61,341,12.00,3.00,0.00,NULL),(62,356,0.00,0.00,0.00,NULL),(63,399,0.00,0.00,0.00,NULL),(64,403,0.00,0.00,0.00,NULL),(65,406,0.00,0.00,0.00,NULL),(66,410,12.00,5.00,0.00,'при обнале - 45-12'),(67,424,0.00,0.00,0.00,NULL),(68,427,11.00,5.26,0.00,NULL),(69,447,0.00,0.00,0.00,NULL),(70,516,0.00,0.00,0.00,NULL),(71,528,0.00,0.00,0.00,NULL),(72,545,0.00,0.00,0.00,NULL),(73,551,0.00,0.00,0.00,NULL),(74,604,13.00,12.98,0.00,NULL),(75,605,12.00,10.00,0.00,'когда малая рент - 100 на шт'),(78,608,12.00,7.53,0.00,'7-12, Ф-2/3,Г-1/3'),(79,610,8.00,11.11,0.00,NULL),(80,611,12.00,5.00,0.00,NULL),(81,614,0.00,0.00,0.00,NULL),(82,673,12.00,0.00,0.00,'Анти - 500 на кан'),(83,766,NULL,NULL,NULL,NULL),(84,797,NULL,NULL,NULL,NULL),(85,803,12.00,5.26,0.25,NULL),(86,809,NULL,NULL,NULL,NULL),(87,886,NULL,NULL,NULL,NULL);
/*!40000 ALTER TABLE `byers` ENABLE KEYS */;
UNLOCK TABLES;

--
-- Table structure for table `giveaways`
--

DROP TABLE IF EXISTS `giveaways`;
/*!40101 SET @saved_cs_client     = @@character_set_client */;
/*!40101 SET character_set_client = utf8 */;
CREATE TABLE `giveaways` (
  `given_away` date NOT NULL,
  `giveaways_id` smallint(5) unsigned NOT NULL AUTO_INCREMENT,
  `comment` varchar(255) COLLATE utf8_unicode_ci DEFAULT NULL,
  `giveaway_sum` float(14,2) unsigned NOT NULL,
  `requestid` mediumint(8) unsigned NOT NULL,
  PRIMARY KEY (`giveaways_id`),
  KEY `requestid` (`requestid`),
  CONSTRAINT `giveaways_ibfk_1` FOREIGN KEY (`requestid`) REFERENCES `requests` (`requests_id`) ON UPDATE CASCADE
) ENGINE=InnoDB AUTO_INCREMENT=83 DEFAULT CHARSET=utf8 COLLATE=utf8_unicode_ci;
/*!40101 SET character_set_client = @saved_cs_client */;

--
-- Dumping data for table `giveaways`
--

LOCK TABLES `giveaways` WRITE;
/*!40000 ALTER TABLE `giveaways` DISABLE KEYS */;
INSERT INTO `giveaways` VALUES ('2018-07-20',4,'Налом 900 и Масло',5790.00,131),('2018-08-02',6,'комиссия 50р',5000.00,155),('2018-07-15',7,'ГГриг',1200.00,174),('2018-07-16',8,'АнатИв',1700.00,174),('2018-08-02',9,'ГГриг',3500.00,174),('2018-07-12',10,'ГГриг',1200.00,174),('2018-07-09',11,'АнатИв',750.00,174),('2018-05-31',12,'ГГриг',2000.00,174),('2018-05-31',13,'АнатИв',1000.00,174),('2018-05-20',14,'ГГриг',3000.00,174),('2018-05-20',15,'АнатИв',2000.00,174),('2018-07-16',24,'',1584.00,130),('2018-07-09',25,'',968.96,175),('2018-07-17',26,'',459.27,157),('2018-07-17',27,'',180.27,164),('2018-07-17',28,'',42.00,154),('2018-08-06',29,'',561.00,136),('2018-07-17',30,'',499.00,139),('2018-08-17',31,'',700.00,152),('2018-08-15',33,'dsad',15.76,168),('2018-08-15',36,'Марина возила на завод',1650.00,121),('2018-08-17',47,'',4563.84,149),('2018-08-17',48,'',100.00,156),('2018-08-02',49,'',56.00,156),('2018-08-02',50,'',1545.21,150),('2018-08-02',51,'',160.00,151),('2018-08-02',52,'',150.00,153),('2018-08-17',53,'МехАндр',695.00,138),('2018-08-17',55,'Олег',1274.88,138),('2018-08-02',56,'',1055.00,158),('2018-08-02',57,'',896.00,159),('2018-08-17',58,'',3000.00,159),('2018-08-31',59,'',248.68,198),('2018-08-30',60,'ОЛЕГ',1550.00,184),('2018-08-30',61,'Андрей',757.03,184),('2018-08-31',62,'Марина СБ ОН',2971.74,189),('2018-08-31',63,'МАРИНА СБ ОНЛ',5943.36,190),('2018-08-31',64,'МАР СБ ОНЛ',5889.69,188),('2018-08-23',65,'СЕРГЕЙ',3700.00,188),('2018-08-31',66,'МАРИНА СБ ОНЛ',969.88,199),('2018-08-30',67,'Мар онл',791.58,207),('2018-10-03',68,'',4268.39,195),('2018-10-03',69,'',2925.25,201),('2018-10-03',70,'',4758.90,171),('2018-10-03',71,'',8175.00,165),('2018-10-03',72,'',2366.46,240),('2018-10-04',74,'',3277.80,210),('2018-10-04',75,'3450 - масло, 225 - на руки',3676.86,212),('2018-10-05',76,'',10000.00,165),('2018-07-17',77,'',435.46,178),('2018-07-09',78,'',1200.00,178),('2018-08-01',79,'',477.14,178),('2018-08-01',80,'',822.86,177),('2018-08-02',81,'',2026.64,177);
/*!40000 ALTER TABLE `giveaways` ENABLE KEYS */;
UNLOCK TABLES;

--
-- Table structure for table `payments`
--

DROP TABLE IF EXISTS `payments`;
/*!40101 SET @saved_cs_client     = @@character_set_client */;
/*!40101 SET character_set_client = utf8 */;
CREATE TABLE `payments` (
  `payed` date NOT NULL,
  `payments_id` smallint(5) unsigned NOT NULL AUTO_INCREMENT,
  `number` smallint(5) unsigned NOT NULL,
  `sum` float(14,2) unsigned NOT NULL,
  `requestid` mediumint(8) unsigned NOT NULL,
  PRIMARY KEY (`payments_id`),
  KEY `requestid` (`requestid`),
  CONSTRAINT `payments_ibfk_1` FOREIGN KEY (`requestid`) REFERENCES `requests` (`requests_id`) ON UPDATE CASCADE
) ENGINE=InnoDB AUTO_INCREMENT=119 DEFAULT CHARSET=utf8 COLLATE=utf8_unicode_ci;
/*!40101 SET character_set_client = @saved_cs_client */;

--
-- Dumping data for table `payments`
--

LOCK TABLES `payments` WRITE;
/*!40000 ALTER TABLE `payments` DISABLE KEYS */;
INSERT INTO `payments` VALUES ('2018-07-06',8,1406,5990.00,123),('2018-07-05',9,153,37800.00,130),('2018-07-09',10,728,40350.00,121),('2018-07-13',11,1692,6000.00,139),('2018-07-16',12,1715,5775.00,139),('2018-07-16',13,168,54450.00,131),('2018-07-16',14,1210,5150.00,133),('2018-07-17',15,2132,23125.00,134),('2018-07-19',16,1544,12500.00,125),('2018-07-24',17,4370,93840.00,149),('2018-07-04',20,3852,3540.00,151),('2018-06-25',21,1455,5000.00,152),('2018-07-05',24,1555,11747.00,152),('2018-07-05',25,3872,3195.00,153),('2018-07-10',26,608,460.00,154),('2018-07-11',28,4034,3450.00,156),('2018-06-05',30,10500,5162.70,157),('2018-07-12',31,3575,23800.00,158),('2018-07-12',32,3575,110000.00,159),('2018-05-25',33,183,15000.00,160),('2018-06-19',34,223,15000.00,160),('2018-07-12',35,245,11930.00,160),('2018-08-03',36,4097,5950.00,129),('2018-08-02',37,1921,6000.00,136),('2018-08-01',39,15194,4049.97,164),('2018-07-30',41,65535,6757.00,162),('2018-07-30',42,1751,46304.00,163),('0018-07-27',43,1069,18940.00,148),('2018-07-24',44,543,23700.00,137),('2018-08-14',47,21,669.48,168),('2018-07-31',48,651,5504.00,146),('2018-07-11',51,6553,197999.88,155),('2018-03-29',52,573,261295.00,174),('2018-04-07',54,3854,32385.03,150),('2018-06-08',55,133,23950.00,175),('2018-07-12',56,13498,5162.72,157),('2018-08-06',57,118,38500.00,135),('2018-08-06',58,1946,7250.00,136),('2018-08-09',59,4204,8550.00,187),('2018-08-13',60,1875,5220.00,163),('2018-08-03',61,4606,127750.38,190),('2018-08-03',62,4605,63875.19,189),('2018-08-16',70,4904,49092.80,128),('2018-07-12',71,263,33830.00,138),('2018-08-09',72,0,37015.00,184),('2018-07-12',73,3611,5655.00,198),('2018-08-02',74,4109,21975.00,199),('2018-08-17',75,702,18000.00,197),('2018-08-16',76,1910,122625.00,161),('2018-07-03',77,491,58050.00,188),('2018-08-30',78,4559,18000.00,207),('2018-09-03',79,2624,12115.00,205),('2018-09-03',80,2069,63262.00,208),('2018-09-07',81,281,41252.24,212),('2018-09-17',82,5596,24375.00,180),('2018-08-22',83,909,53800.00,193),('2018-08-16',84,877,15795.00,144),('2018-09-17',85,1031,54000.00,216),('2018-08-24',86,190,30450.00,217),('2018-09-11',87,195,30450.00,217),('2018-09-11',88,2183,147613.00,208),('2018-09-10',89,2156,79800.00,218),('2018-08-15',90,16264,260350.00,165),('2018-09-19',91,19119,260350.00,165),('2018-09-19',92,19161,53499.96,171),('2018-08-16',93,16277,53500.04,171),('2018-09-12',94,18497,37488.60,226),('2018-09-04',95,17882,3175.00,227),('2018-04-26',96,65535,37488.60,177),('2018-06-06',97,10632,37488.60,177),('2018-05-07',98,8116,23750.00,178),('2018-06-06',99,10644,23750.00,178),('2018-09-26',100,5774,65500.03,201),('2018-09-27',101,1416,48000.00,228),('2018-09-19',102,1355,12000.00,229),('2018-09-21',103,262,17220.00,230),('2018-09-19',104,5634,90825.00,195),('2018-09-20',105,65535,8100.00,231),('2018-09-20',106,1,15700.00,232),('2018-09-10',107,65535,7950.00,233),('2018-09-10',108,65535,10800.00,234),('2018-09-11',109,709,37250.00,210),('2018-09-11',110,950,11750.00,235),('2018-09-06',111,321,28000.00,194),('2018-09-05',112,553,19950.00,236),('2018-08-22',113,2428,23125.00,134),('2018-08-30',114,813,22150.00,209),('2018-08-28',115,7645,8000.00,238),('2018-08-25',116,2501,20675.00,200),('2018-08-17',117,1755,16609.36,239),('2018-10-07',118,1,38400.00,240);
/*!40000 ALTER TABLE `payments` ENABLE KEYS */;
UNLOCK TABLES;

--
-- Table structure for table `pricings`
--

DROP TABLE IF EXISTS `pricings`;
/*!40101 SET @saved_cs_client     = @@character_set_client */;
/*!40101 SET character_set_client = utf8 */;
CREATE TABLE `pricings` (
  `pricingid` smallint(5) unsigned NOT NULL AUTO_INCREMENT,
  `positionid` smallint(5) unsigned NOT NULL,
  `tradeid` smallint(5) unsigned NOT NULL,
  `sellerid` smallint(5) unsigned NOT NULL,
  `zak` float unsigned NOT NULL,
  `kol` smallint(5) unsigned NOT NULL,
  `tzr` smallint(5) unsigned DEFAULT NULL,
  `wtime` float unsigned DEFAULT NULL,
  `fixed` smallint(5) unsigned NOT NULL,
  `op` float(5,2) unsigned NOT NULL,
  `tp` float(5,2) unsigned DEFAULT NULL,
  `opr` float unsigned NOT NULL,
  `tpr` float unsigned DEFAULT NULL,
  `firstobp` float unsigned DEFAULT NULL,
  `firstobpr` float unsigned DEFAULT NULL,
  `firstoh` float unsigned DEFAULT NULL,
  `marge` float unsigned DEFAULT NULL,
  `margek` float unsigned DEFAULT NULL,
  `rop` float unsigned DEFAULT NULL,
  `realop` float unsigned DEFAULT NULL,
  `rtp` float unsigned DEFAULT NULL,
  `realtp` float unsigned DEFAULT NULL,
  `clearp` float(5,2) unsigned DEFAULT NULL,
  `obp` float unsigned DEFAULT NULL,
  `oh` smallint(5) unsigned DEFAULT NULL,
  `price` float(14,3) unsigned NOT NULL,
  `rent` float unsigned NOT NULL,
  `winner` smallint(5) unsigned DEFAULT NULL,
  `wtr` float unsigned DEFAULT NULL,
  `wtimeday` tinyint(3) unsigned DEFAULT NULL,
  PRIMARY KEY (`pricingid`)
) ENGINE=InnoDB AUTO_INCREMENT=305 DEFAULT CHARSET=utf8 COLLATE=utf8_unicode_ci;
/*!40101 SET character_set_client = @saved_cs_client */;

--
-- Dumping data for table `pricings`
--

LOCK TABLES `pricings` WRITE;
/*!40000 ALTER TABLE `pricings` DISABLE KEYS */;
INSERT INTO `pricings` VALUES (1,508,260,50,98000,1,2600,1,0,20.56,4.99,20683.4,6052.04,0,0,6052,0,0,0,0,0,0,4.75,0,0,127335.000,16,1,NULL,NULL),(2,508,260,104,100000,1,2300,0,0,20.19,4.99,20654.4,6135.42,0,0,6135,0,0,0,0,0,0,4.75,0,0,129089.000,16,0,NULL,NULL),(3,509,10,16,5000,5,150,0.99,0,21.00,4.75,1081.5,296,0,0,296,0,0,0,0,0,0,4.53,0,0,6527.000,16.32,1,NULL,NULL),(4,515,70,42,608,12,35,0,0,76.15,5.95,489.64,67.39,12,8.09,59.3,0,0,0,0,0,0,5.62,0,0,1200.000,40.8,1,0,0),(5,516,35,23,9760,2,50,0,0,21.00,5.00,2000.26,590.51,12,70,519,0,0,0,0,0,0,4.19,0,0,12400.000,16.13,1,NULL,NULL),(7,517,261,20,1464,2,18,0,0,25.98,0.00,385.02,0,0,0,0,0,0,0,0,0,0,0.00,0,0,1867.000,20.62,1,0,0),(8,518,117,69,465,3,10,0,0,24.22,0.00,115.05,0,0,0,0,0,0,0,0,0,0,0.00,0,0,590.000,19.5,1,0,0),(9,490,229,63,7011,4,305,0,0,23.02,5.00,1684.14,450.01,12,54,396,0,0,0,0,0,0,4.19,0,0,9450.000,17.82,1,NULL,NULL),(10,505,89,64,376,4,6,0,0,27.23,7.00,104.02,34.02,11,3.74,30.28,0,0,0,0,0,0,6.54,0,0,520.000,20,1,0,0),(11,503,86,17,4700,1,335,0,0,24.38,7.00,1227.53,438.38,11,48.22,390.16,0,0,0,0,0,0,6.54,0,0,6700.000,18.32,1,0,0),(12,504,87,17,5950,3,335,0,0,24.17,7.00,1519.08,546.29,11,60.09,486.2,0,0,0,0,0,0,6.54,0,0,8350.000,18.19,1,0,0),(13,484,250,54,2540,11,9,0.99,0,15.25,4.75,388.72,139.54,0,0,139.6,0,0,0,0,0,0,4.48,0,0,3115.200,12.63,1,31.56,30),(14,485,22,15,591,5,10,0.99,0,38.07,4.75,228.8,39.42,0,0,39.48,0,0,0,0,0,0,4.49,0,0,731.600,26.32,1,7.44,30),(15,486,251,15,4409.19,1,10,0.99,0,23.25,4.75,1027.46,258.72,0,0,258.77,0,0,0,0,0,0,4.48,0,0,5775.000,18.01,1,54.69,30),(16,487,243,16,386.57,10,10,0.99,0,35.39,4.75,140.35,25.5,0,0,25.57,0,0,0,0,0,0,4.49,0,0,539.260,24.95,1,4.91,30),(17,491,226,17,4586,1,335,0,0,30.32,17.73,1492.05,1137.03,12,136,1000,0,0,0,0,0,0,13.25,0,0,7550.000,19.76,1,NULL,NULL),(18,492,255,65,3626,1,10,0,0,32.90,11.76,1196.24,568.27,12,68,500,0,0,0,0,0,0,9.26,0,0,5400.000,22.15,1,NULL,NULL),(19,493,227,69,9170,3,0,0,0,24.53,12.09,2249.4,1380.61,0,0,1380,0,0,0,0,0,0,10.79,0,0,12800.000,17.57,1,NULL,NULL),(20,494,77,16,2320,1,30,0,0,24.65,5.83,579.28,170.78,12,20,150,0,0,0,0,0,0,4.85,0,0,3100.000,18.69,1,NULL,NULL),(21,477,247,105,13782,2,1308,0,0,19.19,0.00,2895.77,0,0,0,0,0,0,0,0,0,0,0.00,0,0,17985.000,16.1,1,NULL,NULL),(22,480,246,18,12000,1,700,0,0,25.79,0.00,3275.33,0,0,0,0,0,0,0,0,0,0,0.00,0,0,15975.000,20.5,1,NULL,NULL),(23,516,35,24,10148,2,0,0.69,0,16.38,5.00,1662.24,590.51,12,70,519,0,0,0,0,0,0,4.19,0,0,12400.000,13.27,NULL,NULL,NULL),(24,516,35,23,9840,2,0,0.66,0,20.02,5.00,1969.97,590.5,12,70,519,0,0,0,0,0,0,4.19,0,0,12400.000,15.73,NULL,NULL,NULL),(25,479,41,23,10300,1,150,0,0,19.62,0.00,2050.29,0,0,0,0,0,0,0,0,0,0,0.00,0,0,12500.000,16.4,1,NULL,NULL),(26,474,149,28,2120,2,0,0,0,28.54,0.00,605.05,0,0,0,0,0,0,0,0,0,0,0.00,0,0,2725.000,22.2,1,NULL,NULL),(27,475,243,16,387,1,0,0,0,39.54,0.00,153.02,0,0,0,0,0,0,0,0,0,0,0.00,0,0,540.000,28.34,1,NULL,NULL),(28,498,229,63,6948,5,332,0,0,21.01,5.00,1529.53,440.48,12,52,387,0,0,0,0,0,0,4.19,0,0,9250.000,16.54,1,NULL,NULL),(29,497,257,54,2070,2,10,0,0,23.80,0.00,495.04,0,0,0,0,0,0,0,0,0,0,0.00,0,0,2575.000,19.22,1,NULL,NULL),(30,499,147,63,14197,1,100,0,0,24.67,8.00,3527.07,1425.93,12,0,1254,0,0,0,0,0,0,6.51,0,0,19249.000,18.32,1,NULL,NULL),(31,519,147,63,1,1,0,0,1,20.00,0.00,0,0,12,0,0,19250,19250,6750,35,12500,65,57.14,12,11000,19251.000,35.06,1,NULL,NULL),(32,501,146,102,4800,4,125,0,0,20.31,0.00,1000.27,0,0,0,0,0,0,0,0,0,0,0.00,0,0,5925.000,16.88,1,NULL,NULL),(33,502,68,31,10400,3,100,0,0,22.28,4.76,2339.4,611.16,10,61,550,0,0,0,0,0,0,4.09,0,0,13450.000,17.39,1,NULL,NULL),(34,500,35,24,10148,1,300,0.66,0,20.78,5.00,2171.09,630.95,11,69,561,0,0,0,0,0,0,4.24,0,0,13250.000,16.22,1,NULL,NULL),(35,506,227,69,9170,1,300,0.66,0,18.42,5.00,1744.37,560.72,11,61,499,0,0,0,0,0,0,4.24,0,0,11775.000,14.67,1,NULL,NULL),(36,489,254,23,2340,2,10,0,0,20.57,5.00,483.4,141.67,12,17,124,0,0,0,0,0,0,4.19,0,0,2975.000,16.25,1,NULL,NULL),(37,522,262,106,6300,2,840,0,0,26.04,5.24,1859.26,471.56,12,56.59,414.97,0,0,0,0,0,0,4.98,0,0,9470.000,19.63,1,0,0),(39,523,263,107,1389,48,13,1.02,0,30.08,5.85,427.1,108.05,12,12.97,95.08,0,0,0,0,0,0,5.53,0,0,1955.000,21.85,1,17.88,31),(40,524,264,108,8350,3,49,0.99,0,22.39,5.01,1880.54,515,0,0,515.07,0,0,0,0,0,0,4.71,0,0,10795.010,17.42,1,0,0),(41,525,241,101,1880,1,550,0.99,0,39.08,4.75,949.64,160.53,0,0,160,0,0,0,0,0,0,4.53,0,0,3540.000,26.43,1,NULL,NULL),(42,526,110,31,13200,1,300,0.66,0,18.23,4.93,2461.05,786.88,11,86,700,0,0,0,0,0,0,4.18,0,0,16747.000,14.55,1,NULL,NULL),(43,527,77,20,2426,1,30,0.99,0,23.98,4.93,588.95,150.12,0,0,150,0,0,0,0,0,0,4.70,0,0,3195.000,18.16,1,NULL,NULL),(44,528,265,20,280,1,5,0,0,44.66,11.58,127.28,47.74,12,5,42,0,0,0,0,0,0,9.13,0,0,460.000,27.67,1,NULL,NULL),(45,529,266,87,9088,12,80,0,0,71.40,5.00,6545.95,785.7,12,94.28,691.42,0,0,0,0,0,0,4.76,0,0,16499.990,39.67,1,0,0),(46,530,267,109,900,2,330,0.99,0,33.89,4.75,416.85,78.23,0,0,78,0,0,0,0,0,0,4.53,0,0,1725.000,23.81,1,NULL,NULL),(47,531,268,110,950,7,243,0,0,17.48,5.26,208.54,73.72,11,8.11,65.61,0,0,0,0,0,0,5.00,0,0,1475.060,14.14,1,0,0),(48,532,269,16,2368,2,20,0,0,25.26,5.32,603.21,159.13,12,19,140,0,0,0,0,0,0,4.44,0,0,3150.000,19.15,1,NULL,NULL),(49,533,270,102,6400,1,0,0,0,26.16,5.28,1674.24,426.32,12,51,375,0,0,0,0,0,0,4.41,0,0,8500.000,19.7,1,NULL,NULL),(50,534,271,111,6059,1,300,0,0,34.39,5.32,2186.86,454.64,12,54,400,0,0,0,0,0,0,4.45,0,0,9000.000,24.3,1,NULL,NULL),(51,535,225,112,19763,4,1330,0,0,23.78,5.33,5015.92,1391.61,12,166,1224,0,0,0,0,0,0,4.45,0,0,27500.000,18.24,1,NULL,NULL),(52,536,272,54,2350,14,15,0,0,21.83,3.95,516.28,113.81,12,13,100,0,0,0,0,0,0,3.34,12,0,2995.000,17.24,1,NULL,NULL),(55,538,274,79,19669,3,400,0,0,21.00,5.00,4214.49,1214.17,12,145,1068,0,0,0,0,0,0,4.19,0,0,25497.000,16.53,0,NULL,NULL),(56,538,274,102,18120,3,341,0.66,0,14.49,0.89,2675,188.11,12,22,165,0,0,0,0,0,0,0.87,0,0,21500.000,12.54,0,152.3,20),(57,538,274,126,17717,3,300,0,0,16.17,2.72,2913.35,569.31,12,68.32,500.99,0,0,0,0,0,0,2.65,0,0,21500.000,13.55,1,0,0),(58,541,276,115,1424,2,250,0,0,56.62,0.00,947.82,0,0,0,0,0,0,0,0,0,0,0.00,0,0,2700.000,36.15,1,0,0),(59,542,278,115,739,1,50,0,0,52.72,0.00,415.96,0,0,0,0,0,0,0,0,0,0,0.00,0,0,1357.000,34.52,1,0,0),(60,543,0,69,7676,4,150,0,0,20.20,5.25,1580.85,493.86,12,59,434,0,0,0,0,0,0,4.39,0,0,9900.000,15.97,0,NULL,NULL),(61,543,279,69,9020,4,150,0.51,0,19.16,5.27,1756.97,575.85,12,69,506,0,0,0,0,0,0,4.97,0,0,11576.000,15.27,1,58.46,15),(63,544,280,116,805,3,5,0.5,0,57.29,5.30,466.95,67.95,11,7.43,60.09,0,0,0,0,0,0,5.00,0,0,1349.990,34.59,1,0,0),(65,546,284,117,115295,2,1500,2.16,0,15.41,5.00,18484.1,6921.63,11,761.38,6160.25,0,0,0,0,0,0,4.76,0,0,145350.000,12.72,0,3153.47,65),(67,547,270,102,6450,1,0,0.48,0,24.22,5.47,1562.19,438.27,12,52,385,0,0,0,0,0,0,4.56,12,0,8450.000,18.35,1,NULL,NULL),(68,548,271,111,6060,1,350,0.48,0,21.68,5.29,1389.69,412.6,12,49.52,363.11,0,0,0,0,0,0,4.99,0,0,9000.000,16.92,1,0,0),(70,548,271,111,6060,1,365,0.48,0,31.69,5.78,2036.08,489.05,12,58,430,0,0,0,0,0,0,4.81,0,0,8950.000,22.59,0,NULL,NULL),(71,546,284,108,113500,2,100,2.01,0,18.87,5.00,21974.9,6921.46,11,761.36,6160.1,0,0,0,0,0,0,4.76,0,0,145350.000,15.12,0,2854.2,60),(73,550,283,108,88900,1,100,2.16,0,19.83,5.00,18125.2,5476.41,11,602.41,4874,0,0,0,0,0,0,4.76,0,0,115000.023,15.76,0,2403,65),(77,552,14,51,100,2,100,0.66,0,9.44,10.00,18.88,21.89,10,2.2,19.76,0,0,0,0,0,0,9.05,0,0,242.750,7.84,0,1.65,20),(80,553,136,20,121,110,2,2,0,25.53,12.95,31.62,20.13,12,2,18,0,0,0,0,0,0,11.37,12,0,180.000,18.01,0,0,0),(82,556,13,51,10220,11,1421,2,0,22.19,13.17,2583.14,1873.32,12,224,1648,0,0,0,0,0,0,11.36,0,0,16499.000,16.05,1,0,0),(83,553,136,58,109,110,5,2.01,0,28.83,12.92,32.87,18.98,12,2,16,0,0,0,0,0,0,11.36,0,0,170.000,19.82,1,2.8,60),(84,554,143,20,660,25,20,2.01,0,22.38,13.12,152.18,109.18,12,0,96,0,0,0,0,0,0,11.31,0,0,965.000,16.17,1,2.12,60),(86,557,124,42,6170,10,152,0.66,0,20.73,5.26,1321.36,404.78,11,44.53,360.25,0,0,0,0,0,0,5.00,0,0,8100.000,16.31,1,52.14,20),(87,559,293,16,2011,10,12,0.6,0,21.49,5.00,434.74,122.89,11,13.52,109.4,0,0,0,0,0,0,4.73,0,0,2600.000,16.85,1,15.17,18),(91,563,55,72,12500,1,2650,1.17,0,18.57,5.41,2813.36,971.82,8,77,894,0,0,0,0,0,0,5.06,0,0,19212.000,14.86,0,222.3,35),(92,564,141,118,55600,2,1420,2.16,0,20.46,13.06,11666.3,8970.43,12,1076,7894,0,0,0,0,0,0,11.25,0,0,79753.000,15.02,NULL,1539.54,65),(93,555,287,97,59,300,6,2.01,0,26.56,12.65,17.26,10.41,12,1,9,0,0,0,0,0,0,11.29,0,0,94.000,18.63,NULL,1.63,60),(94,552,29,15,100,2,15,2.34,0,21.00,4.75,24.15,6.61,0,0,6.74,0,0,0,0,0,0,4.49,0,0,150.000,16.57,1,3.36,70),(96,565,10,51,12,12,12,0.99,0,20.96,4.75,5.03,1.38,0,0,1.44,0,0,0,0,0,0,4.68,0,0,30.790,16.54,1,0,0),(97,566,294,102,3950,8,0,0,0,28.33,7.53,1119.04,381.7,11,41.99,339.71,0,0,0,0,0,0,7.00,0,0,5450.000,20.53,1,0,0),(98,567,295,63,44466.2,2,1000,0,0,17.11,7.53,7779.26,4009.38,11,441.03,3568.35,0,0,0,0,0,0,7.00,0,0,57255.000,13.59,1,0,0),(99,568,296,63,3891.66,6,320,0,0,11.73,7.53,494.03,354.34,11,38.98,315.36,0,0,0,0,0,0,7.00,0,0,5060.000,9.76,1,0,0),(100,569,297,63,8794.84,3,320,0,0,15.30,7.53,1394.57,791.36,11,87.05,704.31,0,0,0,0,0,0,7.00,0,0,11300.000,12.34,1,0,0),(101,570,298,63,10305.7,3,320,0,0,13.56,7.53,1440.84,908.61,11,99.95,808.66,0,0,0,0,0,0,7.00,0,0,12975.000,11.1,1,0,0),(102,571,299,65,5300,2,10,0,0,21.00,5.00,1115.1,321.26,12,38.55,282.7,0,0,0,0,0,0,4.76,0,0,6975.000,16.53,1,0,0),(103,572,300,65,3780,2,10,0,0,21.00,5.00,795.9,229.3,12,27.51,201.78,0,0,0,0,0,0,4.76,0,0,5000.000,16.53,1,0,0),(104,573,301,119,36400,4,2000,0.66,0,19.05,5.22,7315.2,2386.33,11,0,2123.87,0,0,0,0,0,0,4.92,0,0,48499.180,15.21,0,316.8,20),(105,563,55,28,12000,1,100,0.99,0,21.00,4.75,2541,695.45,0,0,695.5,0,0,0,0,0,0,4.48,0,0,15500.000,16.57,1,149.74,30),(107,574,157,42,1570,30,10,0,0,50.27,5.26,794.27,124.89,11,13.74,111.15,0,0,0,0,0,0,5.00,11,0,2499.240,31.78,1,0,0),(112,573,301,16,33350,4,35,0.48,0,19.75,5.30,6593.54,2118.86,11,233.08,1885.81,0,0,0,0,0,0,5.00,0,0,42350.000,15.66,1,200.31,14),(113,496,256,120,3800,2,350,1.5,0,17.68,0.00,747.48,0,0,0,0,0,0,0,0,0,0,0.00,0,0,4975.000,15.02,1,77.81,45),(114,575,302,28,20350,1,0,0.66,0,19.18,5.31,3935.33,1298.47,11,141.66,1146.18,0,0,0,0,0,0,5.00,0,0,25750.000,15.28,1,167.89,20),(115,546,284,121,103635,2,1530,0.18,0,31.01,5.26,32685,7263.36,11,798.98,6464.44,0,0,0,0,0,0,5.00,0,0,145350.000,22.49,1,237.45,5),(116,550,283,121,81259,1,1530,2.73,0,27.62,5.26,23646.6,5747.12,11,632.18,5114.94,0,0,0,0,0,0,5.00,0,0,115000.000,20.56,1,2825.17,82),(117,576,303,121,8493,10,153,0.48,0,25.61,5.26,2227.53,574.68,11,63.22,511.47,0,0,0,0,0,0,5.00,0,0,11500.000,19.37,1,52.16,14),(118,577,304,44,17950,1,1100,0.99,0,19.63,5.65,3785.79,1303.54,13,169.46,1134.08,0,0,0,0,0,0,5.35,0,0,24375.000,15.53,1,235.74,30),(121,579,307,28,12000,24,29,0.48,0,19.34,5.25,2340.37,758.18,11,83.4,674.78,0,0,0,0,0,0,4.99,0,0,15200.040,15.4,1,72.15,14),(124,580,308,69,350,100,10,3,0,32.50,0.00,121.39,0,0,0,0,0,0,0,0,0,0,0.00,0,0,494.892,24.53,1,13.5,90),(125,582,87,17,6556,3,378,0.18,0,17.75,7.48,1233.55,612.1,11,67.33,544.77,0,0,0,0,0,0,6.96,0,0,8795.000,14.03,1,15.6,5),(126,581,86,17,5000,1,200,0.33,0,24.69,7.52,1289.18,489.6,11,53.9,436.07,0,0,0,0,0,0,7.00,0,0,7000.000,18.42,1,25.44,10),(127,583,88,23,1140,1,50,0.18,0,20.86,7.53,248.79,108.54,11,11.94,96.6,0,0,0,0,0,0,7.00,0,0,1550.000,16.05,1,2.68,5),(128,584,89,64,375.25,4,15,0.18,0,23.64,7.53,92.46,36.41,11,4.01,32.41,0,0,0,0,0,0,7.00,0,0,520.000,17.78,1,0.89,5),(129,585,309,28,12600,4,25,1.5,0,20.77,5.26,2671.38,817.04,11,89.87,727.17,0,0,0,0,0,0,5.00,0,0,16350.010,16.34,1,236.72,45),(130,586,310,122,899,10,175,2,0,39.50,12.66,434.84,194.42,11,21.39,173.03,0,0,0,0,0,0,11.24,0,0,1729.998,25.13,1,26.85,60),(132,587,270,102,6600,1,0,0,0,23.08,5.26,1523.28,427.28,12,51.27,376.01,0,0,0,0,0,0,5.00,0,0,8550.000,17.81,1,0,0),(134,588,131,16,370,5,0,0,0,23.55,5.00,87.14,22.86,12,2.74,20.12,0,0,0,0,0,0,4.76,0,0,480.000,18.15,1,0,0),(136,589,275,16,147,12,0,0,0,52.26,5.00,76.82,11.19,12,1.34,9.85,0,0,0,0,0,0,4.76,0,0,235.000,32.69,1,0,0),(138,590,147,63,14153.1,2,500,0,0,25.62,5.26,3754.12,968.22,12,116.19,852.03,0,0,0,0,0,0,5.00,0,0,19375.000,19.38,1,0,0),(139,591,147,123,7673,1,0,0,0,152.51,0.00,11702.1,0,12,0,0,0,0,0,0,0,0,0.00,0,0,19375.000,60.4,1,0,0),(140,597,311,124,7703.37,6,65,2.01,0,26.53,5.65,2112.73,569.31,13,74.01,495.29,0,0,0,0,0,0,5.35,0,0,10645.865,19.85,1,195.05,60),(141,598,253,124,15626.8,6,65,2,0,25.29,5.65,4067.68,1138.58,13,148.02,990.56,0,0,0,0,0,0,5.35,0,0,21291.730,19.11,1,392.3,60),(142,599,312,20,3750,2,125,0.45,0,20.69,5.26,806.25,247.38,11,27.2,220.09,0,0,0,0,0,0,5.00,0,0,4950.000,16.29,1,21.8,13),(143,600,68,31,10400,4,100,0,0,22.28,4.76,2339.4,611.16,10,61.12,550.04,0,0,0,0,0,0,4.54,0,0,13450.000,17.39,1,0,0),(144,601,131,16,370,3,0,0,0,16.46,7.92,60.9,34.13,11,3.58,30.55,0,0,0,0,0,0,7.34,0,0,465.000,13.1,1,0,0),(147,602,313,102,4350,2,25,0.45,0,24.80,27.50,1091.1,1509.95,0,0,1509.95,0,0,0,0,0,0,21.57,0,0,7000.000,15.59,1,24.61,13),(148,603,118,15,1510,2,0,0,0,7.66,92.89,115.67,1510.08,0,0,1510.08,0,0,0,0,0,0,48.16,0,0,3135.747,3.69,0,0,0),(149,604,313,102,4350,2,25,0.45,0,33.27,19.39,1463.75,1136.91,12,136.43,1000.48,0,0,0,0,0,0,16.24,0,0,7000.000,20.91,1,24.61,13),(150,605,314,50,9800,7,340,0.99,0,19.57,5.71,2008.95,700.87,13,91.11,609.77,0,0,0,0,0,0,5.40,0,0,12975.000,15.48,1,125.61,30),(151,606,315,63,5195,1,700,2.34,0,21.31,8.69,1292.97,639.62,12,76.75,562.87,0,0,0,0,0,0,8.00,12,0,8000.000,16.16,1,172.43,70),(152,607,316,63,2280,6,150,1.8,0,20.75,0.00,515.57,0,0,0,0,0,0,0,0,0,0,0.00,0,0,3000.000,17.18,1,54.68,54),(154,608,240,100,3355,1,865,0,0,27.31,5.26,1152.48,282.59,12,33.91,248.68,0,0,0,0,0,0,5.00,0,0,5655.000,20.38,1,0,0),(156,609,317,16,15100,1,15,0,0,38.10,5.28,5758.82,1102.14,12,132.26,969.88,0,0,0,0,0,0,5.02,0,0,21975.000,26.21,1,0,0),(157,610,318,17,4693,1,700,0,0,14.98,5.23,807.87,324.31,12,38.92,285.39,0,0,0,0,0,0,4.97,0,0,6525.000,12.38,NULL,0,0),(158,611,319,75,5154,1,400,0,0,20.68,5.19,1148.57,347.86,12,41.74,306.12,0,0,0,0,0,0,4.93,12,0,7050.000,16.29,1,0,0),(159,612,325,79,4801,1,730,0,0,21.99,5.23,1216.27,352.88,12,42.35,310.53,0,0,0,0,0,0,4.97,12,0,7100.000,17.13,1,0,0),(160,613,314,50,9800,5,316,0.99,0,21.35,5.41,2186.49,672.34,13,87.42,585.05,0,0,0,0,0,0,5.13,0,0,13100.006,16.69,1,127.15,30),(161,614,21,58,242,12,0,0,0,19.84,0.00,48.01,0,0,0,0,0,0,0,0,0,0,0.00,0,0,290.000,16.56,NULL,0,0),(165,615,96,87,8023,3,200,3,0,67.17,5.00,5730.52,713.09,12,85.57,627.52,0,0,0,0,0,0,4.76,0,0,14975.000,38.27,1,308.28,90),(167,616,323,106,59400,1,3200,2.2,0,30.30,5.00,19489.4,4190.55,12,502.87,3687.68,0,0,0,0,0,0,4.76,0,0,88000.000,22.15,1,1721.5,66),(169,617,324,28,2400,2,50,1,0,8.62,5.00,213.83,134.72,12,16.17,118.55,0,0,0,0,0,0,4.76,0,0,2829.155,7.56,1,30.63,30),(172,618,321,125,5701.8,4,470,2.2,0,30.44,5.00,1930.36,413.59,12,49.63,363.96,0,0,0,0,0,0,4.76,0,0,8685.000,22.23,1,169.72,66),(173,619,322,85,1384.21,5,200,2.2,0,19.65,5.00,319.86,97.38,12,11.69,85.69,0,0,0,0,0,0,4.76,0,0,2045.000,15.64,1,43.57,66),(174,610,318,65,5584,1,0,0,0,16.86,0.00,941.46,0,0,0,0,0,0,0,0,0,0,0.00,0,0,6525.000,14.43,NULL,0,0),(175,610,318,75,4811,1,400,0,0,19.00,5.23,990.09,324.32,12,38.92,285.4,0,0,0,0,0,0,4.97,12,0,6525.000,15.17,1,0,0),(176,611,319,65,5983,1,0,0,0,17.84,0.00,1067.37,0,0,0,0,0,0,0,0,0,0,0.00,0,0,7050.000,15.14,NULL,0,0),(178,620,10,15,2100,1,75,0,0,24.63,14.92,535.7,404.44,13,52.58,351.86,0,0,0,0,0,0,12.98,0,0,3115.000,17.2,1,0,0),(179,621,21,58,242,24,0,0,0,35.98,13.98,87.07,46,13,5.98,40.02,0,0,0,0,0,0,12.26,13,0,375.000,23.21,1,0,0),(180,622,295,63,50256,1,2200,0,0,22.60,7.53,11855.1,4842.62,12,581.11,4261.51,0,0,0,0,0,0,7.00,12,0,69150.000,17.14,1,0,0),(181,623,328,63,37760,1,2200,0,0,22.77,7.53,9098.89,3694.13,12,443.3,3250.83,0,0,0,0,0,0,7.00,12,0,52750.000,17.25,1,0,0),(182,624,297,63,9940,2,265,0,0,22.57,7.53,2303.27,941.87,12,113.02,828.85,0,0,0,0,0,0,7.00,12,0,13450.000,17.12,1,0,0),(183,625,298,63,11500,2,265,0,0,22.53,7.53,2650.65,1085.5,12,130.26,955.24,0,0,0,0,0,0,7.00,12,0,15500.000,17.1,1,0,0),(184,626,326,63,53856,1,2500,0,0,22.45,7.53,12651.9,5196.3,12,623.56,4572.74,0,0,0,0,0,0,7.00,12,0,74200.000,17.05,1,0,0),(185,627,327,63,13608,10,275,0,0,22.26,7.53,3090.36,1278.09,12,153.37,1124.72,0,0,0,0,0,0,7.00,12,0,18250.000,16.93,1,0,0),(186,592,147,63,14154,2,300,0,0,27.50,5.00,3974.85,921.44,12,110.57,810.87,0,0,0,0,0,0,4.76,0,0,19350.000,20.54,1,0,0),(187,593,147,123,7675,1,0,0,0,48.31,70.00,3707.79,7967.95,0,0,7967.95,0,0,0,0,0,0,41.18,0,0,19350.000,19.16,1,0,0),(188,628,329,127,4319,3,300,0,0,23.41,5.26,1081.31,299.84,12,35.98,263.86,0,0,0,0,0,0,5.00,0,0,6000.000,18.02,1,0,0),(189,629,330,128,32250,5,160,0.69,0,25.41,2.88,8306.41,1180.68,12,141.68,1039,0,0,0,0,0,0,2.80,0,0,42175.000,19.69,1,279.54,21),(191,631,227,69,9950,3,50,0,0,23.58,11.27,2358,1392.75,12,167.13,1225.62,0,0,0,0,0,0,10.13,0,0,13750.747,17.15,1,0,0),(193,633,226,75,4982,5,275,0,0,27.55,11.11,1448.3,744.96,12,89.4,655.56,0,0,0,0,0,0,10.00,12,0,7450.000,19.44,1,0,0),(195,636,333,75,16322,5,300,0,0,20.73,11.63,3445.74,2333.88,8,186.71,2147.17,0,0,0,0,0,0,10.42,0,0,22400.000,15.38,0,0,0),(196,636,333,17,16010,5,300,0,0,23.01,11.65,3752.93,2337.33,8,186.99,2150.34,0,0,0,0,0,0,10.43,0,0,22400.000,16.75,0,0,0),(198,636,334,130,8492,5,300,0,0,25.40,11.11,2233.17,1224.9,8,97.99,1126.91,0,0,0,0,0,0,10.00,0,0,12250.000,18.23,NULL,0,0),(199,636,335,79,26750,5,300,0,0,25.00,11.11,6762.5,3756.57,8,300.53,3456.04,0,0,0,0,0,0,10.00,0,0,37570.000,18,NULL,0,0),(200,636,336,121,12261,5,400,0,0,26.54,11.11,3360.23,1779.96,8,142.4,1637.56,0,0,0,0,0,0,10.00,0,0,17800.000,18.88,0,0,0),(201,636,337,16,15419,5,0,0,0,25.00,11.11,3854.75,2141.31,8,171.3,1970.01,0,0,0,0,0,0,10.00,0,0,21415.064,18,NULL,0,0),(202,636,336,131,13992,5,350,0,0,25.00,11.11,3585.5,1991.75,8,159.34,1832.41,0,0,0,0,0,0,10.00,0,0,19919.244,18,1,0,0),(203,637,102,126,37842,3,2000,1,0,5.36,0.00,2162.23,0,0,0,0,0,0,0,0,0,0,0.00,0,0,42500.000,5.09,NULL,498.03,30),(204,637,102,128,33126,3,2350,1,0,18.32,0.00,6580.44,0,0,0,0,0,0,0,0,0,0,0.00,0,0,42500.000,15.48,NULL,432.83,30),(205,637,102,132,24000,3,2000,1,0,51.95,0.00,13675.8,0,0,0,0,0,0,0,0,0,0,0.00,0,0,40000.000,34.19,NULL,325,30),(206,638,339,133,49500,1,1000,1,0,21.96,0.00,11228.4,0,0,0,0,0,0,0,0,0,0,0.00,0,0,62359.672,18.01,1,631.25,30),(207,639,338,133,99000,1,1000,1,0,20.49,0.00,20746.1,0,0,0,0,0,0,0,0,0,0,0.00,0,0,121996.125,17.01,1,1250,30),(208,640,68,31,10400,4,50,0,0,23.33,4.75,2437.99,612.18,10,61.22,550.96,0,0,0,0,0,0,4.53,0,0,13500.000,18.06,1,0,0),(210,641,229,62,7500,6,250,0,0,24.73,5.00,1916.58,483.33,12,58,425.33,0,0,0,0,0,0,4.76,0,0,10150.000,18.88,1,0,0),(211,642,147,63,15300,4,0,0,0,24.18,5.00,3699.54,949.98,12,114,835.98,0,0,0,0,0,0,4.76,0,0,19950.000,18.54,1,0,0),(212,643,340,37,855,11,400,1,0,21.21,0.00,269.51,0,0,0,0,0,0,0,0,0,0,0.00,0,0,1540.000,17.5,1,15.69,30),(213,644,239,37,11510,1,3000,1,0,21.21,0.00,3116.04,0,0,0,0,0,0,0,0,0,0,0.00,0,0,17800.000,17.5,1,37.5,30),(214,645,341,128,22612,1,2500,1,0,22.58,5.26,5741.17,1639.39,11,180.33,1459.06,0,0,0,0,0,0,5.00,0,0,32800.000,17.5,1,314,30),(215,646,342,134,38200,2,2,1.5,0,20.44,0.00,7954.9,0,0,0,0,0,0,0,0,0,0,0.00,0,0,46875.000,16.97,NULL,716.29,45),(216,646,342,134,38200,2,2,2,0,24.88,0.00,9742.27,0,0,0,0,0,0,0,0,0,0,0.00,0,0,48900.000,19.92,NULL,955.05,60),(217,647,68,31,12400,2,0,1,0,19.50,5.26,2448.23,789.17,11,86.81,702.36,0,0,0,0,0,0,5.00,0,0,15792.395,15.5,NULL,155,30),(218,647,68,70,10800,2,1000,1,0,19.50,5.26,2329.76,750.98,11,82.61,668.37,0,0,0,0,0,0,5.00,0,0,15028.247,15.5,1,147.5,30),(219,648,343,135,2000,2,450,0.5,0,19.44,5.00,479.26,147.23,11,16.2,131.03,0,0,0,0,0,0,4.76,0,0,3091.798,15.5,1,15.31,15),(222,650,345,136,3616.11,5,50,2,0,21.66,5.00,813.93,228.58,12,27.43,201.15,0,0,0,0,0,0,4.76,0,0,4800.000,16.96,1,91.65,60),(223,651,344,137,18502,8,250,0.24,0,21.53,5.00,4049.42,1142.88,12,137.15,1005.73,0,0,0,0,0,0,4.76,0,0,24000.000,16.87,1,56.26,7),(224,654,346,138,157853,5,3500,0.33,0,21.00,5.00,34023.9,9802.12,12,1176.24,8625.76,0,0,0,0,0,0,4.76,0,0,205844.609,16.53,NULL,663.52,10),(225,654,346,139,156241,5,3500,0.33,0,21.00,5.00,33684,9704.2,12,1164.49,8539.58,0,0,0,0,0,0,4.76,0,0,203788.109,16.53,0,656.87,10),(226,654,346,39,144968,5,3500,0.33,0,21.00,5.00,31306.9,9019.37,12,1082.31,7936.93,0,0,0,0,0,0,4.76,0,0,189406.688,16.53,1,610.37,10),(227,655,293,16,2011,10,0,0,0,22.83,5.26,459.11,129.93,11,14.29,115.64,0,0,0,0,0,0,5.00,0,0,2600.000,17.66,1,0,0),(228,656,347,42,16100,3,450,0,0,21.58,5.26,3571.49,1058.39,11,116.42,941.97,0,0,0,0,0,0,5.00,0,0,21180.000,16.86,1,0,0),(229,657,348,28,5046,1,0,0,0,19.56,5.26,987,317.34,11,34.91,282.43,0,0,0,0,0,0,5.00,0,0,6350.000,15.54,1,0,0),(231,658,349,42,18000,2,220,0,0,23.84,5.26,4343.65,1186.85,11,130.55,1056.3,0,0,0,0,0,0,5.00,0,0,23750.000,18.29,1,0,0),(232,659,350,140,33000,1,4000,0,0,25.03,3.76,9261.1,1739.42,12,208.73,1530.69,0,0,0,0,0,0,3.62,0,0,48000.000,19.29,NULL,0,0),(233,659,350,140,33000,1,3500,0,0,26.86,3.67,9803.9,1699.35,12,203.92,1495.43,0,0,0,0,0,0,3.54,0,0,48000.000,20.42,1,0,0),(234,660,351,63,774,10,50,0,0,37.39,6.00,308.09,67.93,12,8.15,59.78,0,0,0,0,0,0,5.66,0,0,1200.000,25.67,1,0,0),(235,665,81,63,722,8,50,0,0,19.05,5.00,147.07,45.95,12,5.51,40.44,0,0,0,0,0,0,4.76,12,0,965.000,15.24,1,0,0),(236,664,354,16,1415,1,0,0,0,21.17,5.00,299.56,85.73,12,10.29,75.44,0,0,0,0,0,0,4.76,12,0,1800.000,16.64,1,0,0),(240,663,353,16,510,1,0,0,0,30.73,5.00,156.72,33.34,12,4,29.34,0,0,0,0,0,0,4.76,0,0,700.000,22.39,1,0,0),(242,661,352,75,5551,1,250,0,0,18.31,2.00,1062.16,137.26,12,16.47,120.79,0,0,0,0,0,0,1.96,12,0,7000.000,15.17,1,0,0),(243,666,276,115,1424,3,200,0,0,66.26,0.00,1076.06,0,0,0,0,0,0,0,0,0,0,0.00,0,0,2700.000,39.85,1,0,0),(244,667,355,141,10450,1,1350,0,0,33.06,0.00,3901.08,0,0,0,0,0,0,0,0,0,0,0.00,0,0,15700.000,24.85,1,0,0),(245,668,243,15,640,10,0,0,0,24.22,0.00,155.01,0,0,0,0,0,0,0,0,0,0,0.00,0,0,795.000,19.5,1,0,0),(246,669,276,115,1424,4,250,0,0,61.32,0.00,1026.5,0,0,0,0,0,0,0,0,0,0,0.00,0,0,2700.000,38.01,1,0,0),(247,670,41,31,9400,1,0,0,0,25.01,0.00,2350.94,0,0,0,0,0,0,0,0,0,0,0.00,0,0,11750.000,20.01,1,0,0),(248,671,229,63,7426,4,250,0,0,23.77,5.00,1824.59,475.03,12,57,418.03,0,0,0,0,0,0,4.76,0,0,9975.000,18.29,1,0,0),(249,630,306,72,13500,1,2800,0,0,35.89,0.00,5850.07,0,0,0,0,0,0,0,0,0,0,0.00,0,0,22150.000,26.41,1,0,0),(250,683,352,65,6443,1,150,0.66,0,14.63,5.00,972.51,381,11,41.57,336.31,0,0,0,0,0,0,4.72,0,0,8000.000,12.16,1,0,0),(251,684,97,69,11957,1,150,0,0,37.19,0.00,4502.59,0,0,0,0,0,0,0,0,0,0,0.00,0,0,16609.359,27.11,1,0,0),(260,672,332,75,13573,1,400,3,0,24.15,2.37,3501.02,426.55,13,55.14,368.99,0,0,0,0,0,0,2.30,0,0,18424.000,19,1,441.71,90),(261,672,332,17,15403,1,400,3,0,24.15,2.35,3959.54,478.35,13,62.19,416.16,0,0,0,0,0,0,2.30,0,0,20833.000,19.01,NULL,592.61,90),(262,673,356,131,25919,8,2500,3,0,21.07,2.35,6212.43,838.88,13,109.05,729.83,0,0,0,0,0,0,2.30,0,0,36536.000,17,NULL,1065.71,90),(263,673,356,132,23133,8,2000,3,0,21.07,2.34,5494.11,738.73,13,96.49,645.73,0,0,0,0,0,0,2.30,0,0,32300.000,17.01,1,1065.71,90),(264,673,356,75,27207,8,2600,3,0,21.07,2.35,6515.85,879.85,13,114.19,764.18,0,0,0,0,0,0,2.29,0,0,38320.465,17,NULL,1065.71,90),(265,673,356,17,30524,8,2600,3,0,21.07,2.36,7240.95,981.93,13,127,849.89,0,0,0,0,0,0,2.29,0,0,42589.023,17,NULL,1065.71,90),(266,674,357,131,26919,15,2500,3,0,21.09,2.43,6437.13,898.11,13,112.89,755.52,0,0,0,0,0,0,2.29,0,0,37857.461,17,NULL,93.75,90),(267,674,357,132,23133,15,1900,3,0,21.09,2.43,5477.44,764.21,13,96.12,643.23,0,0,0,0,0,0,2.30,0,0,32213.393,17,1,93.75,90),(268,674,357,75,27483,15,2600,3,0,21.09,2.43,6582.42,918.38,13,115.43,772.52,0,0,0,0,0,0,2.29,0,0,38711.918,17,NULL,93.75,90),(269,674,357,17,30759,15,2600,3,0,21.09,2.43,7299.24,1018.39,13,127.96,856.38,0,0,0,0,0,0,2.29,0,0,42927.598,17,NULL,93.75,90),(270,675,358,132,4725,1,250,3,0,24.15,2.35,1246.52,150.59,13,19.58,131.01,0,0,0,0,0,0,2.30,0,0,6558.670,19.01,1,186.56,90),(271,675,358,75,5681,1,400,3,0,24.15,2.35,1523.63,184.07,13,23.77,159.09,0,0,0,0,0,0,2.28,0,0,8016.738,19.01,NULL,186.56,90),(272,675,358,17,5973,1,400,3,0,24.15,2.35,1596.79,192.91,13,24.88,166.5,0,0,0,0,0,0,2.28,0,0,8401.689,19.01,NULL,186.56,90),(273,676,359,131,36025,3,2500,3,0,21.07,2.35,8421.61,1137.2,13,147.84,989.36,0,0,0,0,0,0,2.30,0,0,49528.496,17,NULL,1444.69,90),(274,676,359,132,34590,3,2000,3,0,21.07,2.35,7998.62,1080.08,13,140.68,941.46,0,0,0,0,0,0,2.30,0,0,47040.820,17,1,1444.69,90),(275,676,359,75,43948,3,2600,3,0,21.07,2.35,10175.5,1374.02,13,177.51,1187.95,0,0,0,0,0,0,2.28,0,0,59843.023,17,NULL,1444.69,90),(276,676,359,75,50956,3,2600,3,0,21.07,2.35,11707.4,1580.89,13,203.43,1361.42,0,0,0,0,0,0,2.27,0,0,68852.648,17,NULL,1444.69,90),(277,677,360,131,36761,15,2300,3,0,21.09,2.44,8546.89,1197.37,13,150.03,1004.06,0,0,0,0,0,0,2.30,0,0,50270.051,17,1,0,90),(279,677,360,75,46956,15,2600,3,0,21.09,2.44,10843.3,1519.09,13,190.34,1273.84,0,0,0,0,0,0,2.30,0,0,63776.723,17,NULL,0,90),(280,677,360,17,51997,15,2600,3,0,21.09,2.44,11946.3,1673.61,13,209.71,1403.41,0,0,0,0,0,0,2.30,0,0,70264.305,17,NULL,0,90),(281,672,332,131,15134,1,300,3,0,24.15,2.35,3867.09,467.18,13,60.73,406.45,0,0,0,0,0,0,2.30,0,0,20347.037,19.01,NULL,578.78,90),(282,678,361,131,28498,14,2500,3,0,21.07,2.35,6776.2,915.01,13,118.95,796.06,0,0,0,0,0,0,2.30,0,0,39851.637,17,NULL,1162.43,90),(283,678,361,132,27700,14,1900,3,0,21.07,2.35,6470.6,873.74,13,113.78,761.46,0,0,0,0,0,0,2.30,0,0,38054.340,17,1,1162.43,90),(284,678,361,75,33146,14,2600,3,0,21.07,2.35,7814.12,1055.16,13,136.51,913.59,0,0,0,0,0,0,2.29,0,0,45955.758,17,NULL,1162.43,90),(285,678,361,17,38575,14,2600,3,0,21.07,2.35,9000.91,1215.42,13,156.59,1047.97,0,0,0,0,0,0,2.28,0,0,52935.387,17,NULL,1162.43,90),(286,679,362,131,5500,4,300,3,0,24.15,2.35,1453.23,175.56,13,22.82,152.74,0,0,0,0,0,0,2.30,0,0,7646.288,19.01,NULL,217.5,90),(287,679,362,132,4128,4,250,3,0,24.15,2.35,1096.94,132.52,13,17.43,116.64,0,0,0,0,0,0,2.32,0,0,5771.629,19.01,1,217.5,90),(288,679,362,75,4811,4,400,3,0,24.15,2.35,1305.65,157.73,13,20.59,137.79,0,0,0,0,0,0,2.31,0,0,6869.795,19.01,NULL,217.5,90),(289,679,362,17,4905,4,400,3,0,24.15,2.35,1329.2,160.58,13,20.95,140.17,0,0,0,0,0,0,2.30,0,0,6993.717,19.01,NULL,217.5,90),(291,680,363,131,6400,2,300,3,0,24.15,2.35,1678.73,202.8,13,26.36,176.44,0,0,0,0,0,0,2.30,0,0,8832.781,19.01,NULL,251.25,90),(292,680,363,132,4644,2,250,3,0,24.15,2.35,1226.22,148.14,13,19.51,130.6,0,0,0,0,0,0,2.33,0,0,6451.885,19.01,1,251.25,90),(293,680,363,75,5709,2,400,3,0,24.15,2.35,1530.65,184.92,13,24.12,161.44,0,0,0,0,0,0,2.30,0,0,8053.651,19.01,NULL,251.25,90),(294,680,363,17,5891,2,400,3,0,24.15,2.35,1576.25,190.42,13,24.81,166.06,0,0,0,0,0,0,2.30,0,0,8293.586,19.01,NULL,251.25,90),(295,681,364,131,28630,5,2500,3,0,21.07,2.35,6805.06,918.91,13,119.46,799.45,0,0,0,0,0,0,2.30,0,0,40021.340,17,NULL,1167.38,90),(296,681,364,132,28600,5,2000,3,0,21.07,2.35,6689.2,903.26,13,117.5,786.33,0,0,0,0,0,0,2.30,0,0,39339.961,17,1,1167.38,90),(297,681,364,75,38703,5,2600,3,0,21.07,2.35,9028.89,1219.2,13,157.08,1051.26,0,0,0,0,0,0,2.28,0,0,53099.949,17,NULL,1167.38,90),(298,681,364,17,38150,5,2600,3,0,21.07,2.35,8908,1202.87,13,155.04,1037.57,0,0,0,0,0,0,2.28,0,0,52389.000,17,NULL,1167.38,90),(299,682,365,131,12500,2,300,3,0,24.15,2.35,3207.12,387.45,13,50.37,337.08,0,0,0,0,0,0,2.30,0,0,16874.566,19.01,NULL,480,90),(300,682,365,75,5991,2,400,3,0,24.15,2.35,1601.3,193.45,13,26.06,174.4,0,0,0,0,0,0,2.38,0,0,8425.419,19.01,1,480,90),(301,682,365,17,6768,2,400,3,0,24.15,2.35,1795.99,216.97,13,29.01,194.12,0,0,0,0,0,0,2.36,0,0,9449.758,19.01,NULL,480,90),(302,685,86,75,6026,2,350,0,0,22.16,7.53,1412.92,586.51,12,70.38,516.13,0,0,0,0,0,0,7.00,12,0,8375.000,16.87,1,0,0),(303,686,87,75,6344,2,350,0,0,28.51,7.53,1908.46,647.77,12,77.73,570.04,0,0,0,0,0,0,7.00,0,0,9250.000,20.63,1,0,0),(304,687,88,23,1120,2,50,0,0,25.19,7.53,294.72,110.29,12,13.23,97.06,0,0,0,0,0,0,7.00,12,0,1575.000,18.71,1,0,0);
/*!40000 ALTER TABLE `pricings` ENABLE KEYS */;
UNLOCK TABLES;

--
-- Table structure for table `req_positions`
--

DROP TABLE IF EXISTS `req_positions`;
/*!40101 SET @saved_cs_client     = @@character_set_client */;
/*!40101 SET character_set_client = utf8 */;
CREATE TABLE `req_positions` (
  `req_positionid` smallint(5) unsigned NOT NULL AUTO_INCREMENT,
  `pos_name` varchar(255) COLLATE utf8_unicode_ci NOT NULL,
  `winnerid` smallint(5) unsigned NOT NULL,
  `requestid` mediumint(8) unsigned NOT NULL,
  `giveaway` tinyint(1) DEFAULT NULL,
  `queen` tinyint(1) DEFAULT NULL,
  `ov_op` float(5,2) unsigned DEFAULT NULL,
  `ov_tp` float(5,2) unsigned DEFAULT NULL,
  `ov_firstobp` float(5,2) unsigned DEFAULT NULL,
  `ov_wt` float(4,2) unsigned DEFAULT NULL,
  PRIMARY KEY (`req_positionid`),
  KEY `requestid` (`requestid`),
  CONSTRAINT `req_positions_ibfk_1` FOREIGN KEY (`requestid`) REFERENCES `requests` (`requests_id`) ON UPDATE CASCADE
) ENGINE=InnoDB AUTO_INCREMENT=688 DEFAULT CHARSET=utf8 COLLATE=utf8_unicode_ci;
/*!40101 SET character_set_client = @saved_cs_client */;

--
-- Dumping data for table `req_positions`
--

LOCK TABLES `req_positions` WRITE;
/*!40000 ALTER TABLE `req_positions` DISABLE KEYS */;
INSERT INTO `req_positions` VALUES (474,'Revolux D1 SAE 10W-40 ТНК в литрах',26,123,NULL,NULL,NULL,NULL,NULL,NULL),(475,'Тосол 10 кг Дзержинский',27,123,NULL,NULL,NULL,NULL,NULL,NULL),(477,'Рабочая жидкость РЖ-8 У (бочка 200 л) пломба 2шт',21,124,NULL,NULL,NULL,NULL,NULL,NULL),(479,'И-20 А (216,5л/180 кг) - масло индустриальное 1бочка',25,125,NULL,NULL,NULL,NULL,NULL,NULL),(480,'Рабочая жидкость РЖ-8 У (бочка 200 л) 1 шт',22,124,NULL,NULL,NULL,NULL,NULL,NULL),(482,'Жидкость \"ТЭН -концентрат\" охлаждающая (бочка 215 кг) 5шт',0,126,NULL,NULL,NULL,NULL,NULL,NULL),(483,'Жидкость \"ТОСОЛ -концентрат\" охлаждающая (бочка 215 кг) 5шт',0,127,NULL,NULL,NULL,NULL,NULL,NULL),(484,'Авангард 18л 11 шт',13,128,NULL,NULL,NULL,NULL,NULL,NULL),(485,'Масло гидр.марки \"А\" (канистра 10л) 5шт',14,128,NULL,NULL,NULL,NULL,NULL,NULL),(486,'Антифриз FELIX CARBOX G-12 (50 кг) 1шт',15,128,NULL,NULL,NULL,NULL,NULL,NULL),(487,'Тосол 10 кг Дзержинский 10шт',16,128,NULL,NULL,NULL,NULL,NULL,NULL),(489,'Спирт изопропиловый (20л) 2шт',36,129,NULL,NULL,NULL,NULL,NULL,NULL),(490,'СОЖ Avantin 361 I-N (18 кг) 4шт',9,130,NULL,NULL,NULL,NULL,NULL,NULL),(491,'Shell Omala S2 G320 (Omala 320) (20 л) масло редукторное 1шт',17,131,NULL,1,30.32,17.73,12.00,NULL),(492,'Shell Tellus S2 М46 (Tellus 46) (20л) - гидравлическое масло 1шт',18,131,NULL,1,32.90,11.76,12.00,NULL),(493,'Тосол 216 л, Дзержинский 3шт',19,131,NULL,1,27.80,9.23,0.00,NULL),(494,'Смазка Литол-24 (КНБ 21 кг) 1шт',20,131,NULL,1,24.65,5.83,12.00,NULL),(496,'Замазка уплотнительная У-20 А 20кг',113,132,NULL,NULL,NULL,NULL,NULL,NULL),(497,'Масло ТМ-5,SAE 80W-90,GL-5(18л) трансмис. 2шт',29,133,NULL,NULL,NULL,NULL,NULL,NULL),(498,'СОЖ Avantin 361 I-N (18 кг) 5шт',28,134,NULL,NULL,NULL,NULL,NULL,NULL),(499,'Смазка Berutemp 500 T2 (800г) 1шт',30,135,NULL,1,24.67,8.00,12.00,NULL),(500,'Керосин КО-25 (216л/170кг) 1шт',34,136,NULL,NULL,NULL,NULL,NULL,NULL),(501,'Mobilube HD 85W-140 (20л) - масло трансмиссионное  4шт',32,137,NULL,NULL,NULL,NULL,NULL,NULL),(502,'Масло индустриальное И-12 (бочка) 3шт',33,121,NULL,NULL,NULL,NULL,NULL,NULL),(503,'Shell Corena S3 R 68 (20л)- компрессорное масло 1шт',11,138,NULL,NULL,NULL,NULL,NULL,NULL),(504,'Shell Corena S2 P 150 (Corena P 150) (20л)- компрессорное масло 3шт',12,138,NULL,NULL,NULL,NULL,NULL,NULL),(505,'Масло вазелиновое МХ-250 с пищ доп. минеральное(канистра 4 кг) 4шт',10,138,NULL,NULL,NULL,NULL,NULL,NULL),(506,'Тосол 216 л, Дзержинский 1бочка',35,139,NULL,NULL,NULL,NULL,NULL,NULL),(508,'Масло силиконовое ПМС-400 (200л/200кг) 1шт',1,142,NULL,1,25.00,10.00,15.00,0.42),(509,'Chevron Black Pearl EP2 400g 15шт',3,142,NULL,0,NULL,NULL,NULL,NULL),(515,'Масло трансмисс. ТЭП-15 (бочка 180 кг)',4,144,NULL,1,24.55,11.55,12.00,1.32),(516,'Керосин РТ бочка',5,145,NULL,NULL,NULL,NULL,NULL,NULL),(517,'Антифриз Coolstream HDR Heavy Duty (10кг)',7,146,NULL,NULL,NULL,NULL,NULL,NULL),(518,'Тосол 10 кг Дзержинский 3 шт',8,146,NULL,NULL,NULL,NULL,NULL,NULL),(519,'Смазка Berutemp 500 T2 (800г) 1шт обн',31,135,NULL,NULL,NULL,NULL,NULL,NULL),(522,'Антифроген N',37,148,NULL,NULL,NULL,NULL,NULL,NULL),(523,'Лубрикатор SKF LAGD WA2/125 48шт',39,149,NULL,NULL,NULL,NULL,NULL,NULL),(524,'TOTAL DACNIS SH 46 (20л) синт. компрессорное',40,150,NULL,NULL,NULL,NULL,NULL,NULL),(525,'СМОЛА ПСХ-ЛС (CPVC, Китай) 1 кг',41,151,NULL,NULL,NULL,NULL,NULL,NULL),(526,'Масло трансмисс. ТАД-17 (ТМ-5) (бочка 180 кг) 1шт',42,152,NULL,NULL,NULL,NULL,NULL,NULL),(527,'Смазка Литол-24 (КНБ 21 кг)',43,153,NULL,NULL,NULL,NULL,NULL,NULL),(528,'Смазка графитная 5 кг 1шт',44,154,NULL,NULL,NULL,NULL,NULL,NULL),(529,'Motorex Spindlelube ISO VG 68 (5л)',45,155,NULL,NULL,NULL,NULL,NULL,NULL),(530,'Смазка ROXOL- 350 высокотемпературная (1кг) 2 шт',46,156,NULL,NULL,NULL,NULL,NULL,NULL),(531,'Смазка Солидол С (23 кг) 7 кг',47,157,NULL,NULL,NULL,NULL,NULL,NULL),(532,'Mannol Hydro ISO 32 HLP (20л) минеральное 2шт',48,158,NULL,NULL,NULL,NULL,NULL,NULL),(533,'Смазка MOBILUX EP2 (18 кг) 1шт',49,158,NULL,NULL,NULL,NULL,NULL,NULL),(534,'Смазка TUTELA ZETA 2 (20кг) 1шт',50,158,NULL,NULL,NULL,NULL,NULL,NULL),(535,'Shell Tellus S2 V 46 (209 л) 4шт',51,159,NULL,NULL,NULL,NULL,NULL,NULL),(536,'Масло Лукойл Авангард 10W40 CF-4/SG п/синт, 18л (15кг) 14шт',52,160,NULL,NULL,NULL,NULL,NULL,NULL),(538,'Mobil Rarus 829 -3 канистры 20л',57,161,NULL,NULL,NULL,NULL,NULL,NULL),(541,'Теплоноситель Барс Eсо Extreme -30 (20 кг)',58,162,NULL,NULL,NULL,NULL,NULL,NULL),(542,'Теплоноситель Барс Eсо Extreme -30 (10 кг)',59,162,NULL,NULL,NULL,NULL,NULL,NULL),(543,'Моноэтиленгликоль  48% раствор в б. 200л  - 4 шт',61,163,NULL,NULL,NULL,NULL,NULL,NULL),(544,'Шпатлевка Novol Unisoft (1,8кг)',63,164,NULL,NULL,NULL,NULL,NULL,NULL),(546,'320 синт. ПАО 2 бочки',115,165,NULL,NULL,NULL,NULL,NULL,NULL),(547,'Смазка MOBILUX EP2 (18 кг) - 1 шт',67,167,NULL,NULL,NULL,NULL,NULL,NULL),(548,'Смазка TUTELA ZETA 2 (20кг)  -1 шт',68,167,NULL,NULL,NULL,NULL,NULL,NULL),(550,'68 синт. ПАО 1 бочкa',116,165,NULL,NULL,NULL,NULL,NULL,NULL),(552,'Тестовая позиция',94,168,NULL,NULL,NULL,NULL,NULL,NULL),(553,'ДОТ-4 (1л) - 110шт',83,169,NULL,NULL,NULL,NULL,NULL,NULL),(554,'Марка Р (5л) - 50шт (250л)',84,169,NULL,NULL,NULL,NULL,NULL,NULL),(555,'Незамерзайка (5л) - 300шт (1500л)',0,169,NULL,NULL,NULL,NULL,NULL,NULL),(556,'ВМГЗ 2 тонны',82,169,NULL,NULL,NULL,NULL,NULL,NULL),(557,'Смазка ЦИАТИМ-221 ( 10 кг)',86,171,NULL,NULL,NULL,NULL,NULL,NULL),(559,'Смазка ПВК пушечная ГОСТ 19537-83 (30кг)',87,170,NULL,NULL,NULL,NULL,NULL,NULL),(563,'Масло турбинное ТП-22С (бочка)',105,172,NULL,NULL,NULL,NULL,NULL,NULL),(564,'Масло моторное Addinol Diesel Longlife MD 1548 SAE 15w-40 (бочка 205 л)',0,169,NULL,NULL,NULL,NULL,NULL,NULL),(565,'Еще одна тестовая позиция',96,168,NULL,NULL,NULL,NULL,NULL,NULL),(566,'Mobil DTE Oil Light (20л) 8шт',97,174,NULL,NULL,NULL,NULL,NULL,NULL),(567,'Bechem Staroil G 220 (200л) 2шт',98,174,NULL,NULL,NULL,NULL,NULL,NULL),(568,' Bechem Staroil NR 46 масло гидравлическое (20л) 6шт',99,174,NULL,NULL,NULL,NULL,NULL,NULL),(569,'Смазка Bechem High-Lub LM 2 EP (ведро 25 кг) 3шт',100,174,NULL,NULL,NULL,NULL,NULL,NULL),(570,'Смазка Bechem High-Lub LM 3 EP(ведро 25 кг) 3шт',101,174,NULL,NULL,NULL,NULL,NULL,NULL),(571,'Shell Vacuum Pump S2 R 100 (Corena V 100) (20л)',102,175,NULL,NULL,NULL,NULL,NULL,NULL),(572,'Shell Tellus S2 M32 (Tellus 32) (18 кг)',103,175,NULL,NULL,NULL,NULL,NULL,NULL),(573,'Castrol Alpha SP 320  (208л) редукторное минер.',112,176,NULL,NULL,NULL,NULL,NULL,NULL),(574,'Смазка ВНИИНП-232 (1кг)',107,177,NULL,NULL,NULL,NULL,NULL,NULL),(575,'Масло шпиндельное Роснефть Арбатэк 10 (бочка 216л)',114,179,NULL,NULL,NULL,NULL,NULL,NULL),(576,'68 синт. ПАО 10 канистр',117,165,NULL,NULL,NULL,NULL,NULL,NULL),(577,'Масло цилиндровое Ц-52 (бочка) ВАПОР 1 шт',118,180,NULL,NULL,NULL,NULL,NULL,NULL),(579,'Масло гидравлическое РН Гидравлик OE HLP 32 (бочка 180 кг) 24 шт',121,182,NULL,NULL,NULL,NULL,NULL,NULL),(580,'Мочевина, канистра (20 л) 100шт',124,183,NULL,NULL,NULL,NULL,NULL,NULL),(581,'Shell Corena S3 R 68 (20л)- компрессорное масло - 1шт',126,184,NULL,NULL,NULL,NULL,NULL,NULL),(582,'Shell Corena S2 P 150 (Corena P 150) (20л) - 3шт',125,184,NULL,NULL,NULL,NULL,NULL,NULL),(583,'Керосин РТ 20л - 1шт',127,184,NULL,NULL,NULL,NULL,NULL,NULL),(584,'Масло вазелиновое МХ-250 (4 кг) - 4шт',128,184,NULL,NULL,NULL,NULL,NULL,NULL),(585,'Покрытие TECTYL 506-WD (20л/17,4кг) антикор.',129,185,NULL,NULL,NULL,NULL,NULL,NULL),(586,'ОЖ для сварки 40,0009,0046 (5л) - 10шт',130,186,NULL,NULL,NULL,NULL,NULL,NULL),(587,'Смазка MOBILUX EP2 (18 кг)',132,187,NULL,NULL,NULL,NULL,NULL,NULL),(588,'Смазка WD-40 спрей 420 мл',134,163,NULL,NULL,NULL,NULL,NULL,NULL),(589,'Очиститель KR-968 (аэрозоль 650 мл)',136,163,NULL,NULL,NULL,NULL,NULL,NULL),(590,'Смазка Berutemp 500 T2 (800г)',138,161,NULL,NULL,NULL,NULL,NULL,NULL),(591,'Смазка Berutemp 500 T2 (800г) 1 шт обн',139,161,NULL,NULL,NULL,NULL,NULL,NULL),(592,'Смазка Berutemp 500 T2 (800г)',186,188,NULL,NULL,NULL,NULL,NULL,NULL),(593,'Смазка Berutemp 500 T2 (800г)',187,188,NULL,NULL,NULL,NULL,NULL,NULL),(597,'Klueber MICROLUBE GL 262 (Банка 1 кг) 6 шт',140,189,NULL,NULL,NULL,NULL,NULL,NULL),(598,'Kluber Isoflex LDS 18 Spezial А (1 кг) - 6шт',141,190,NULL,NULL,NULL,NULL,NULL,NULL),(599,'Смазка Nanotek Multipurpose L EP 2 (18кг)',142,192,NULL,NULL,NULL,NULL,NULL,NULL),(600,'и-12',143,193,NULL,NULL,NULL,NULL,NULL,NULL),(601,'Смазка WD-40 спрей 420 мл',144,144,NULL,NULL,NULL,NULL,NULL,NULL),(602,'Mobil Mobilgear 600 XP 220 (20 л) масло внутри',147,194,NULL,NULL,NULL,NULL,NULL,NULL),(603,'Castrol GTX Magnatec 5w-40 (4л) - в счет дил +7%',0,194,NULL,NULL,NULL,NULL,NULL,NULL),(604,'Mobil Mobilgear 600 XP 220 (20 л) деньги внутри',149,194,NULL,NULL,NULL,NULL,NULL,NULL),(605,'Масло силиконовое ПМС-400 (20кг) 7 шт',150,195,NULL,NULL,NULL,NULL,NULL,NULL),(606,'Очиститель Systemreiniger 50 (10кг) 1шт ЦЕНА - 67 ЕВРО С НДС',151,196,NULL,NULL,NULL,NULL,NULL,NULL),(607,'Bechem Berulub KR EP 2 (1кг) - 6шт ЦЕНА - 29,62 ЕВРО С НДС',152,197,NULL,NULL,NULL,NULL,NULL,NULL),(608,'СУПЕРКОНТ 1.1 кг',154,198,NULL,NULL,NULL,NULL,NULL,NULL),(609,'Масло Optigear Synt  RO 150 (20л)',156,199,NULL,NULL,NULL,NULL,NULL,NULL),(610,'Shell Omala S2 G220 (20 л) масло редукторное',175,200,NULL,NULL,NULL,NULL,NULL,NULL),(611,'Shell Omala S2 G460 (20 л) масло редукторное',158,200,NULL,NULL,NULL,NULL,NULL,NULL),(612,'Shell Omala S2 G680 (20 л) масло редукторное',159,200,NULL,NULL,NULL,NULL,NULL,NULL),(613,'Масло силиконовое ПМС-400 (20кг) 5 шт',160,201,NULL,NULL,NULL,NULL,NULL,NULL),(614,'Mobilgrease XHP 222 0,4 кг 12шт',0,202,NULL,NULL,NULL,NULL,NULL,NULL),(615,'Motorex Cool Concentrate (5л)',165,204,NULL,NULL,NULL,NULL,NULL,NULL),(616,'Антифроген N (бочка 230 кг/206л)',167,203,NULL,NULL,NULL,NULL,NULL,NULL),(617,'Fuchs Renolit LZR 000 (5 кг)',169,203,NULL,NULL,NULL,NULL,NULL,NULL),(618,'Divinol Spezial HD 30 (20 л) Масло моторное ',172,203,NULL,NULL,NULL,NULL,NULL,NULL),(619,'404',173,203,NULL,NULL,NULL,NULL,NULL,NULL),(620,'Смазка Литол-24 (бидон 18 кг) 1шт',178,205,NULL,NULL,NULL,NULL,NULL,NULL),(621,'Mobilgrease XHP 222 0,4 кг 24 шт',179,205,NULL,NULL,NULL,NULL,NULL,NULL),(622,'Bechem Staroil G 220 (200л) - 1шт',180,206,NULL,NULL,NULL,NULL,NULL,NULL),(623,'Bechem Staroil NR 46 масло гидравлическое (200л) - 1шт',181,206,NULL,NULL,NULL,NULL,NULL,NULL),(624,'Смазка Bechem High-Lub LM 2 EP (ведро 25 кг) - 2 шт',182,206,NULL,NULL,NULL,NULL,NULL,NULL),(625,'Смазка Bechem High-Lub LM 3 EP(ведро 25 кг) - 2шт',183,206,NULL,NULL,NULL,NULL,NULL,NULL),(626,'Bechem Staroil G 320 (200л) - 1шт',184,206,NULL,NULL,NULL,NULL,NULL,NULL),(627,'Bechem Berusynth EP 460 (20л) - 10шт',185,206,NULL,NULL,NULL,NULL,NULL,NULL),(628,' Optitemp RB-1 для протяжки (1кг) - 3 шт',188,207,NULL,NULL,NULL,NULL,NULL,NULL),(629,'Масло Mobitherm 605 (бочка 208л)  - 5 шт',189,208,NULL,NULL,NULL,NULL,NULL,NULL),(630,'СОЖ ВЭЛС (канистра 200л)',249,209,NULL,NULL,NULL,NULL,NULL,NULL),(631,'Тосол 216 л, Дзержинский',191,212,NULL,NULL,NULL,NULL,NULL,NULL),(633,'Shell Omala S2 G220 (20 л) масло редукторное',193,210,NULL,NULL,NULL,NULL,NULL,NULL),(636,'Редукторная Синтетика 220 100л',202,213,NULL,NULL,NULL,NULL,NULL,NULL),(637,'Масло Mobil DTE 25 (208л) - гидравлическое',0,214,NULL,NULL,NULL,NULL,NULL,NULL),(638,'Присадка Сикбол (0,5л) - 1шт',206,215,NULL,NULL,NULL,NULL,NULL,NULL),(639,'Присадка Сикбол (1л) - 1шт',207,215,NULL,NULL,NULL,NULL,NULL,NULL),(640,'Масло индустриальное И-12 (бочка)',208,216,NULL,NULL,NULL,NULL,NULL,NULL),(641,'СОЖ Avantin 361 I-N (18 кг)',210,217,NULL,NULL,NULL,NULL,NULL,NULL),(642,'Смазка Berutemp 500 T2 (800г)',211,218,NULL,NULL,NULL,NULL,NULL,NULL),(643,'Масло индустриальное И-5 (канистра 10л) 11шт',212,219,NULL,NULL,NULL,NULL,NULL,NULL),(644,'Масло индустриальное И-5 (бочка 180кг) - 1шт',213,219,NULL,NULL,NULL,NULL,NULL,NULL),(645,'Лукойл Стило 150 (бочка 216л) - 1шт',214,220,NULL,NULL,NULL,NULL,NULL,NULL),(646,'Fuchs Renep CGLP 68 (205л/180кг)',0,221,NULL,NULL,NULL,NULL,NULL,NULL),(647,'Масло индустриальное И-12 (бочка) - 2шт',218,222,NULL,NULL,NULL,NULL,NULL,NULL),(648,'Теплоноситель ГАЛАН -35 (21 кг) - 2 шт',219,223,NULL,NULL,NULL,NULL,NULL,NULL),(649,'ACCU-LUBE - 5000 (5л) - 8шт',221,224,NULL,NULL,NULL,NULL,NULL,NULL),(650,'СОЖ Alumicut 659 (5л) - 5шт',222,224,NULL,NULL,NULL,NULL,NULL,NULL),(651,'ACCU-LUBE - LB 5000 (5л) - 8шт',223,224,NULL,NULL,NULL,NULL,NULL,NULL),(654,'СОЖ SintoGrind TTK (бочка 208л) 5 шт',226,225,NULL,NULL,NULL,NULL,NULL,NULL),(655,'Смазка ПВК пушечная ГОСТ 19537-83 (30кг)',227,171,NULL,NULL,NULL,NULL,NULL,NULL),(656,'Смазка ВНИИНП-232 (10кг)',228,226,NULL,NULL,NULL,NULL,NULL,NULL),(657,'Смазка Molykote 1000 резьбовая  (1 кг)',229,227,NULL,NULL,NULL,NULL,NULL,NULL),(658,'Смазка ВНИИНП-282 (1 кг)',231,178,NULL,NULL,NULL,NULL,NULL,NULL),(659,'Масло НГ-13 (216,5л/200кг) консервационное',233,228,NULL,NULL,NULL,NULL,NULL,NULL),(660,'Смазка Berutox FB 22  (400г)',234,229,NULL,NULL,NULL,NULL,NULL,NULL),(661,'Shell Corena S2 P 100 (Corena P 100) (20л)',242,230,NULL,NULL,NULL,NULL,NULL,NULL),(663,'Масло ЛУКОЙЛ-СТАНДАРТ 15W-40 (4 л)',240,230,NULL,NULL,NULL,NULL,NULL,NULL),(664,'Масло ВМГЗ -45 (20л)',236,230,NULL,NULL,NULL,NULL,NULL,NULL),(665,'Смазка Berutox FB 22  (400г)',235,230,NULL,NULL,NULL,NULL,NULL,NULL),(666,'Теплоноситель Барс Eсо Extreme -30 (20 кг)',243,231,NULL,NULL,NULL,NULL,NULL,NULL),(667,'Биодизель Б-100 10л',244,232,NULL,NULL,NULL,NULL,NULL,NULL),(668,'Тосол Top40 (10кг)',245,233,NULL,NULL,NULL,NULL,NULL,NULL),(669,'Теплоноситель Барс Eсо Extreme -30 (20 кг)',246,234,NULL,NULL,NULL,NULL,NULL,NULL),(670,'И-20 А (216,5л/180 кг) - масло индустриальное ',247,235,NULL,NULL,NULL,NULL,NULL,NULL),(671,'СОЖ Avantin 361 I-N (18 кг)',248,236,NULL,NULL,NULL,NULL,NULL,NULL),(672,'Shell Omala S4 WE 220, PG (20л/18кг) - 1шт',260,237,NULL,0,26.17,3.71,13.00,3.00),(673,'Shell Tellus S2 М46 (Tellus 46) (бочка 209л) - 8шт',263,237,NULL,0,22.92,3.57,13.00,3.00),(674,'Shell Tellus S2 M32 (Tellus 32) (бочка 209л) - 15шт',267,237,NULL,0,22.92,3.57,13.00,3.00),(675,'Shell Tonna S3 M 220 (20 л) - 1шт',270,237,NULL,0,26.17,3.71,13.00,3.00),(676,'SHELL Tellus S2 V22 (209л) - 3шт',274,237,NULL,0,22.92,3.57,13.00,3.00),(677,'Shell Tellus S2 VA46 (209л) - 15шт',277,237,NULL,0,22.92,3.57,13.00,3.00),(678,'Shell Tellus S2 M68 (209 л) - 14шт',283,237,NULL,0,22.92,3.57,13.00,3.00),(679,'Shell Omala S2 GX 220 (20л) - 4шт',287,237,NULL,0,26.17,3.71,13.00,3.00),(680,'Shell Corena S3 R46 (20л) - 2шт',292,237,NULL,0,26.17,3.71,13.00,3.00),(681,'Shell Helix HX7 10W40 (бочка 209л) - 5шт',296,237,NULL,0,22.92,3.57,13.00,3.00),(682,'Gadus S2 V220 2 (18 кг) - 2шт',300,237,NULL,0,26.17,3.71,13.00,3.00),(683,'Shell Corena S2 P 100 ',250,238,NULL,NULL,NULL,NULL,NULL,NULL),(684,'Мочевина, 1 куб.',251,239,NULL,NULL,NULL,NULL,NULL,NULL),(685,'Shell Corena S3 R 68 (20л)- компрессорное масло',302,240,NULL,NULL,NULL,NULL,NULL,NULL),(686,'Shell Corena S2 P 150 (Corena P 150) (20л)- компрессорное масло',303,240,NULL,NULL,NULL,NULL,NULL,NULL),(687,'Керосин РТ 20л',304,240,NULL,NULL,NULL,NULL,NULL,NULL);
/*!40000 ALTER TABLE `req_positions` ENABLE KEYS */;
UNLOCK TABLES;

--
-- Table structure for table `requests`
--

DROP TABLE IF EXISTS `requests`;
/*!40101 SET @saved_cs_client     = @@character_set_client */;
/*!40101 SET character_set_client = utf8 */;
CREATE TABLE `requests` (
  `created` date NOT NULL,
  `requests_id` mediumint(5) unsigned NOT NULL AUTO_INCREMENT,
  `req_comment` varchar(255) COLLATE utf8_unicode_ci DEFAULT NULL,
  `requests_nameid` mediumint(8) unsigned NOT NULL,
  `req_rent` float unsigned DEFAULT '0',
  `byersid` smallint(5) unsigned NOT NULL,
  `payment` tinyint(1) DEFAULT NULL,
  `req_sum` float(14,2) DEFAULT NULL,
  `1c_num` tinytext COLLATE utf8_unicode_ci,
  `ov_op` float(5,2) unsigned DEFAULT NULL,
  `ov_firstobp` float(5,2) unsigned DEFAULT NULL,
  `ov_tp` float(5,2) unsigned DEFAULT NULL,
  `ov_wt` float(4,2) unsigned DEFAULT NULL,
  `r1_hidden` tinyint(1) unsigned DEFAULT '0',
  PRIMARY KEY (`requests_id`),
  KEY `req_nameid` (`requests_nameid`),
  CONSTRAINT `requests_ibfk_1` FOREIGN KEY (`requests_nameid`) REFERENCES `allnames` (`nameid`) ON UPDATE CASCADE
) ENGINE=InnoDB AUTO_INCREMENT=241 DEFAULT CHARSET=utf8 COLLATE=utf8_unicode_ci;
/*!40101 SET character_set_client = @saved_cs_client */;

--
-- Dumping data for table `requests`
--

LOCK TABLES `requests` WRITE;
/*!40000 ALTER TABLE `requests` DISABLE KEYS */;
INSERT INTO `requests` VALUES ('2018-07-05',121,NULL,609,17.39,42,NULL,40350.00,'230',21.00,10.00,0.00,0.00,0),('2018-07-02',123,NULL,613,22.76,65,NULL,5990.00,'221',21.00,0.00,0.00,0.00,0),('2018-07-11',124,NULL,615,17.45,65,NULL,51945.00,'239',21.00,0.00,0.00,0.00,0),('2018-07-13',125,NULL,618,16.4,65,NULL,12500.00,'244',21.00,0.00,0.00,0.00,0),('2018-07-03',126,NULL,625,0,46,NULL,NULL,'222',21.00,0.00,4.75,0.99,1),('2018-07-03',127,NULL,626,0,46,NULL,NULL,'223',21.00,0.00,4.75,0.99,1),('2018-07-06',128,NULL,627,15.99,46,NULL,49092.80,'234',21.00,0.00,4.75,0.99,0),('2018-07-05',129,NULL,629,16.25,47,NULL,5950.00,'225',21.00,12.00,5.00,0.00,0),('2018-07-05',130,NULL,630,18.35,55,NULL,37800.00,'226',21.00,12.00,5.00,0.03,0),('2018-07-11',131,NULL,632,18.39,79,NULL,54450.00,'240',21.00,12.00,10.00,0.00,0),('2018-07-12',132,NULL,634,15.02,61,NULL,9950.00,'241',21.00,0.00,0.00,0.00,0),('2018-07-13',133,NULL,636,19.22,45,NULL,5150.00,'242',21.00,0.00,0.00,0.00,0),('2018-07-16',134,NULL,637,16.54,80,NULL,46250.00,'245',21.00,12.00,5.00,0.00,0),('2018-07-16',135,NULL,638,26.69,49,NULL,38500.00,'246',21.00,12.00,8.00,0.00,0),('2018-07-17',136,NULL,639,16.22,52,NULL,13250.00,'247',21.00,11.00,5.00,0.66,0),('2018-07-17',137,NULL,640,16.88,81,NULL,23700.00,'248',21.00,0.00,0.00,0.00,0),('2018-07-05',138,NULL,641,18.33,56,NULL,33830.00,'11_ИП',21.00,11.00,7.00,0.00,0),('2018-07-10',139,NULL,642,14.67,52,NULL,11775.00,'238',21.00,11.00,5.00,0.66,0),('2018-07-20',142,NULL,663,16.07,46,NULL,159970.00,'0',21.00,0.00,4.75,0.99,1),('2018-08-15',144,NULL,667,38.36,42,NULL,15795.00,'229',21.00,10.50,9.00,0.00,0),('2018-07-23',145,NULL,668,16.13,47,NULL,24800.00,'251',21.00,12.00,5.00,0.00,0),('2018-07-23',146,NULL,669,20.26,81,NULL,5504.00,'252',21.00,0.00,0.00,0.00,0),('2018-07-25',148,NULL,674,19.63,82,NULL,18940.00,'253',21.00,NULL,NULL,NULL,0),('2018-05-30',149,NULL,678,21.85,46,NULL,93840.00,'185',21.00,0.00,4.75,0.99,0),('2018-05-15',150,NULL,681,17.42,46,NULL,32385.03,'163',21.00,0.00,4.75,0.99,0),('2018-05-25',151,NULL,683,26.43,46,NULL,3540.00,'179',21.00,0.00,4.75,0.99,0),('2018-06-18',152,NULL,684,14.55,52,NULL,16747.00,'210',21.00,11.00,5.00,0.66,0),('2018-06-01',153,NULL,685,18.16,46,NULL,3195.00,'191',21.00,0.00,4.75,0.99,0),('2018-03-27',154,NULL,687,27.67,49,NULL,460.00,'104',21.00,12.00,8.00,0.00,0),('2018-05-10',155,NULL,689,39.67,54,NULL,197999.88,'154',21.00,12.00,5.00,0.00,0),('2018-05-29',156,NULL,692,23.81,46,NULL,3450.00,'182',21.00,0.00,4.75,0.99,0),('2018-05-31',157,NULL,695,14.14,68,NULL,10325.42,'190',21.00,11.00,5.00,0.00,0),('2018-05-30',158,NULL,700,21.46,47,NULL,23800.00,'187',21.00,12.00,5.00,0.00,0),('2018-05-30',159,NULL,701,18.24,47,NULL,110000.00,'186',21.00,12.00,5.00,0.00,0),('2018-05-07',160,NULL,703,17.24,75,NULL,41930.00,'130',21.00,12.00,10.00,0.00,0),('2018-08-02',161,NULL,705,22.79,66,NULL,122625.00,'258',21.00,12.00,5.00,0.00,0),('2018-07-26',162,NULL,713,34.21,73,NULL,6757.00,'254',21.00,0.00,0.00,0.00,0),('2018-07-26',163,NULL,716,16.27,66,NULL,51524.00,'257',21.00,12.00,5.00,0.00,0),('2018-07-27',164,NULL,718,34.59,68,NULL,4049.97,'259',21.00,11.00,5.00,0.00,0),('2018-08-08',165,NULL,721,21.37,68,NULL,520700.00,'270',21.16,11.00,5.00,1.50,0),('2018-07-30',167,NULL,726,16.92,47,NULL,17450.00,'262',21.00,12.00,5.00,0.00,0),('2018-07-31',168,NULL,730,16.23,46,NULL,669.48,NULL,21.00,0.00,4.75,0.99,1),('2018-08-03',169,NULL,731,16.88,50,NULL,232289.00,'263',21.00,12.00,10.00,2.00,0),('2018-08-03',170,NULL,735,16.72,68,NULL,26000.00,'265',21.00,11.00,5.00,0.00,1),('2018-08-03',171,NULL,737,16.64,68,NULL,107000.00,'264',21.00,11.00,5.00,0.00,0),('2018-08-03',172,NULL,742,16.39,46,NULL,15500.00,'266',21.00,0.00,4.75,0.99,1),('2018-01-19',174,NULL,750,13.77,78,NULL,261295.00,'20',21.00,11.00,7.00,0.00,0),('2018-06-07',175,NULL,751,15.96,55,NULL,23950.00,'194',21.00,12.00,5.00,0.00,0),('2018-08-06',176,NULL,755,15.57,68,NULL,169400.00,'267',21.00,11.00,5.00,0.00,1),('2018-04-24',177,NULL,757,31.78,68,NULL,74977.20,'143',21.00,11.00,5.00,0.00,0),('2018-04-25',178,NULL,758,18.29,68,NULL,47500.00,'141',21.00,11.00,5.00,0.00,0),('2018-08-07',179,NULL,761,15.28,68,NULL,25750.00,'269',21.00,11.00,5.00,0.00,1),('2018-08-08',180,NULL,764,15.53,46,NULL,24375.00,'271',21.00,0.00,4.75,0.99,0),('2018-08-08',182,NULL,770,15.4,68,NULL,364800.97,'274',21.00,11.00,5.00,0.00,1),('2018-08-09',183,NULL,772,24.53,51,NULL,49489.20,'275',21.00,0.00,0.00,0.00,0),('2018-08-07',184,NULL,774,15.15,56,NULL,37015.00,'14_ИП',21.00,11.00,7.00,0.00,0),('2018-08-09',185,NULL,776,16.34,68,NULL,65400.04,'276',21.00,11.00,5.00,0.00,1),('2018-08-09',186,NULL,777,25.14,68,NULL,17299.98,'277',21.00,11.00,5.00,0.00,1),('2018-06-22',187,NULL,780,17.82,47,NULL,8550.00,'215',21.00,12.00,5.26,0.00,0),('2018-06-19',188,NULL,782,20.08,66,NULL,58050.00,'211',21.00,12.00,5.00,0.00,0),('2018-05-29',189,NULL,784,19.85,46,NULL,63875.19,'183',21.00,13.00,4.75,0.99,0),('2018-06-01',190,NULL,785,19.1,46,NULL,127750.38,'192',21.00,13.00,4.75,0.99,0),('2018-08-15',192,NULL,789,16.29,52,NULL,9900.00,'281',21.00,11.00,5.00,0.66,0),('2018-08-15',193,NULL,790,17.39,42,NULL,53800.00,'280',21.00,10.00,0.00,0.00,0),('2018-08-14',194,NULL,791,18.25,49,NULL,28000.00,'278',21.00,12.00,8.00,0.00,0),('2018-08-15',195,NULL,793,15.48,46,NULL,90825.00,'283',21.00,13.00,4.75,0.99,0),('2018-08-15',196,NULL,796,16.16,53,NULL,8000.00,'285',21.00,0.00,0.00,0.00,0),('2018-08-15',197,NULL,799,17.19,84,NULL,18000.00,'284',21.00,NULL,NULL,NULL,0),('2018-05-25',198,NULL,800,20.38,47,NULL,5655.00,'4_ИП',21.00,12.00,5.26,0.00,0),('2018-06-21',199,NULL,801,26.21,47,NULL,21975.00,'10_ИП',21.00,12.00,5.26,0.00,0),('2018-08-20',200,NULL,804,16.23,85,NULL,20675.00,'290',21.00,NULL,NULL,NULL,0),('2018-08-21',201,NULL,808,16.69,46,NULL,65500.03,'292',21.00,13.00,4.75,0.99,0),('2018-08-21',202,NULL,810,0,86,NULL,NULL,NULL,21.00,NULL,NULL,NULL,0),('2018-05-28',203,NULL,811,21.09,54,NULL,138623.31,'180',21.00,12.00,5.00,0.00,0),('2018-08-17',204,NULL,812,38.27,54,NULL,44925.00,'169',21.00,12.00,5.00,0.00,0),('2018-08-30',205,NULL,819,21.67,74,NULL,12115.00,'306',21.00,10.00,10.00,0.00,0),('2018-08-29',206,NULL,822,17.05,78,NULL,436500.00,'305',21.00,11.00,7.53,0.00,0),('2018-08-02',207,NULL,825,18.02,47,NULL,18000.00,'12_ИП',21.00,12.00,5.26,0.00,0),('2018-08-22',208,NULL,829,19.7,66,NULL,210875.00,'294',21.00,12.00,5.00,0.00,0),('2018-08-29',209,NULL,831,26.41,83,NULL,22150.00,'272',21.00,NULL,NULL,NULL,0),('2018-09-11',210,NULL,832,19.44,79,NULL,37250.00,'319',21.00,0.00,0.00,0.00,0),('2018-09-06',212,NULL,834,17.15,79,NULL,41252.24,'314',21.00,0.00,0.00,0.00,0),('2018-09-10',213,NULL,839,18,79,NULL,99596.22,'318',21.00,8.00,11.11,0.00,0),('2018-09-14',214,NULL,847,0,61,NULL,NULL,NULL,21.00,0.00,0.00,0.00,0),('2018-09-14',215,NULL,852,17.34,61,NULL,184355.80,NULL,21.00,0.00,0.00,0.00,0),('2018-09-06',216,NULL,853,18.06,42,NULL,54000.00,'313',21.00,10.00,0.00,0.00,0),('2018-08-23',217,NULL,854,18.88,55,NULL,60900.00,'295',21.00,12.00,5.00,0.00,0),('2018-08-23',218,NULL,855,18.54,66,NULL,79800.00,'296',21.00,12.00,5.00,0.00,0),('2018-09-21',219,NULL,857,17.5,61,NULL,34740.00,NULL,21.00,0.00,0.00,0.00,0),('2018-09-20',220,NULL,858,17.5,68,NULL,32800.00,'335',21.00,11.00,5.26,0.00,1),('2018-09-21',221,NULL,860,0,61,NULL,NULL,'336',21.00,0.00,0.00,0.00,0),('2018-09-26',222,NULL,863,15.5,68,NULL,30056.49,'347',21.00,11.00,5.26,0.00,1),('2018-09-26',223,NULL,866,15.5,52,NULL,6183.60,'348',21.00,11.00,5.00,0.66,0),('2018-09-26',224,NULL,867,16.88,54,NULL,216000.00,'349',21.00,12.00,5.00,0.00,0),('2018-09-26',225,NULL,873,16.53,54,NULL,947033.44,'350',21.00,12.00,5.00,0.00,0),('2018-09-06',226,NULL,876,16.86,68,NULL,63540.00,'324',21.00,11.00,5.26,0.00,0),('2018-08-27',227,NULL,877,15.54,68,NULL,6350.00,'300',21.00,11.00,5.26,0.00,0),('2018-09-25',228,NULL,881,20.42,82,NULL,48000.00,'345',21.00,12.00,0.00,0.00,0),('2018-09-17',229,NULL,884,25.67,82,NULL,12000.00,'330',21.00,12.00,0.00,0.00,0),('2018-09-12',230,NULL,890,15.65,87,NULL,17220.00,'323',21.00,NULL,NULL,NULL,0),('2018-09-29',231,NULL,891,39.85,73,NULL,8100.00,'326',21.00,0.00,0.00,0.00,0),('2018-09-27',232,NULL,892,24.85,73,NULL,15700.00,'354',21.00,0.00,0.00,0.00,0),('2018-08-28',233,NULL,895,19.5,73,NULL,7950.00,'303',21.00,0.00,0.00,0.00,0),('2018-08-28',234,NULL,896,38.02,73,NULL,10800.00,'304',21.00,0.00,0.00,0.00,0),('2018-09-05',235,NULL,897,20.01,81,NULL,11750.00,'310',21.00,0.00,0.00,0.00,0),('2018-09-03',236,NULL,898,18.29,80,NULL,39900.00,'308',21.00,12.00,5.00,0.00,0),('2018-10-01',237,NULL,909,17.07,61,NULL,2447919.25,NULL,21.00,13.00,3.57,3.00,0),('2018-08-28',238,NULL,910,12.16,52,NULL,8000.00,'302',21.00,11.00,5.00,0.66,0),('2018-08-17',239,NULL,911,27.11,45,NULL,16609.36,'289',21.00,0.00,0.00,0.00,0),('2018-09-06',240,NULL,912,18.83,56,NULL,38400.00,'15_ИП',21.00,11.00,7.00,0.00,0);
/*!40000 ALTER TABLE `requests` ENABLE KEYS */;
UNLOCK TABLES;

--
-- Table structure for table `sellers`
--

DROP TABLE IF EXISTS `sellers`;
/*!40101 SET @saved_cs_client     = @@character_set_client */;
/*!40101 SET character_set_client = utf8 */;
CREATE TABLE `sellers` (
  `sellers_id` smallint(5) unsigned NOT NULL AUTO_INCREMENT,
  `sellers_nameid` mediumint(8) unsigned NOT NULL,
  PRIMARY KEY (`sellers_id`),
  KEY `seller_nameid` (`sellers_nameid`),
  CONSTRAINT `sellers_ibfk_1` FOREIGN KEY (`sellers_nameid`) REFERENCES `allnames` (`nameid`) ON UPDATE CASCADE
) ENGINE=InnoDB AUTO_INCREMENT=142 DEFAULT CHARSET=utf8 COLLATE=utf8_unicode_ci;
/*!40101 SET character_set_client = @saved_cs_client */;

--
-- Dumping data for table `sellers`
--

LOCK TABLES `sellers` WRITE;
/*!40000 ALTER TABLE `sellers` DISABLE KEYS */;
INSERT INTO `sellers` VALUES (14,110),(15,111),(16,112),(17,113),(18,133),(19,145),(20,157),(23,161),(24,162),(25,166),(26,173),(27,175),(28,178),(29,180),(30,182),(31,188),(32,189),(33,244),(34,246),(35,247),(36,248),(37,249),(38,250),(39,253),(40,257),(41,258),(42,259),(43,260),(44,262),(45,263),(46,264),(47,266),(48,267),(49,270),(50,271),(51,275),(52,276),(53,277),(54,278),(55,280),(56,281),(57,283),(58,284),(59,288),(60,289),(62,292),(63,295),(64,309),(65,311),(66,318),(67,322),(68,327),(69,331),(70,332),(71,335),(72,340),(73,361),(74,362),(75,365),(77,383),(78,398),(79,409),(80,415),(81,417),(82,437),(83,444),(84,446),(85,464),(86,466),(87,469),(88,472),(89,481),(90,483),(91,487),(92,493),(93,497),(94,501),(95,502),(96,503),(97,542),(98,556),(99,558),(100,571),(101,572),(102,583),(104,665),(105,672),(106,676),(107,679),(108,682),(109,691),(110,694),(111,696),(112,702),(113,709),(114,710),(115,715),(116,720),(117,725),(118,743),(119,756),(120,759),(121,762),(122,779),(123,781),(124,786),(125,813),(126,824),(127,827),(128,830),(129,836),(130,842),(131,846),(132,848),(133,849),(134,862),(135,865),(136,870),(137,871),(138,874),(139,875),(140,883),(141,894);
/*!40000 ALTER TABLE `sellers` ENABLE KEYS */;
UNLOCK TABLES;

--
-- Table structure for table `trades`
--

DROP TABLE IF EXISTS `trades`;
/*!40101 SET @saved_cs_client     = @@character_set_client */;
/*!40101 SET character_set_client = utf8 */;
CREATE TABLE `trades` (
  `trades_id` smallint(5) unsigned NOT NULL AUTO_INCREMENT,
  `trades_nameid` mediumint(8) unsigned NOT NULL,
  PRIMARY KEY (`trades_id`),
  KEY `trade_nameid` (`trades_nameid`),
  CONSTRAINT `trades_ibfk_1` FOREIGN KEY (`trades_nameid`) REFERENCES `allnames` (`nameid`) ON UPDATE CASCADE
) ENGINE=InnoDB AUTO_INCREMENT=366 DEFAULT CHARSET=utf8 COLLATE=utf8_unicode_ci;
/*!40101 SET character_set_client = @saved_cs_client */;

--
-- Dumping data for table `trades`
--

LOCK TABLES `trades` WRITE;
/*!40000 ALTER TABLE `trades` DISABLE KEYS */;
INSERT INTO `trades` VALUES (10,114),(11,115),(12,116),(13,117),(14,131),(15,142),(18,147),(19,150),(21,152),(22,155),(24,160),(25,165),(26,167),(27,172),(28,174),(29,176),(30,177),(31,179),(32,181),(33,183),(34,186),(35,187),(36,212),(37,213),(38,214),(39,215),(40,216),(41,217),(42,218),(43,219),(44,220),(45,221),(46,222),(47,223),(48,224),(49,225),(50,226),(51,227),(52,228),(53,229),(54,230),(55,231),(56,232),(57,233),(58,234),(59,235),(60,236),(61,237),(62,238),(63,239),(64,240),(65,241),(66,242),(67,243),(68,252),(69,256),(70,261),(72,268),(73,269),(74,273),(75,279),(76,282),(77,285),(78,286),(79,287),(80,291),(81,296),(82,297),(83,301),(84,302),(85,303),(86,304),(87,305),(88,308),(89,310),(90,313),(91,316),(92,317),(93,323),(95,325),(96,326),(97,330),(98,336),(99,337),(100,338),(101,343),(102,344),(103,345),(104,346),(105,347),(106,348),(107,349),(108,350),(109,351),(110,352),(111,353),(112,354),(113,355),(114,358),(115,360),(116,364),(117,367),(118,368),(119,369),(120,370),(121,371),(122,372),(123,373),(124,374),(125,375),(126,376),(127,377),(128,378),(129,379),(130,380),(131,384),(132,385),(133,386),(134,387),(135,389),(136,390),(137,391),(138,392),(139,393),(140,394),(141,395),(142,396),(143,397),(144,401),(145,404),(146,407),(147,411),(148,414),(149,416),(150,418),(151,419),(152,420),(154,422),(155,428),(156,429),(157,430),(158,431),(159,432),(160,436),(161,439),(162,440),(163,441),(164,442),(165,448),(166,451),(167,452),(168,453),(169,454),(170,455),(171,456),(172,457),(173,458),(174,459),(175,460),(176,461),(177,462),(178,463),(179,465),(180,467),(181,468),(182,471),(183,473),(184,475),(185,478),(186,480),(187,482),(188,484),(189,485),(190,486),(192,489),(193,490),(194,491),(195,492),(196,494),(197,495),(198,496),(199,499),(200,500),(201,505),(202,506),(203,507),(204,508),(205,509),(206,510),(207,512),(208,513),(209,517),(210,520),(211,521),(212,522),(213,523),(214,524),(215,525),(216,530),(217,531),(218,532),(219,533),(220,534),(221,535),(222,536),(223,537),(224,540),(225,541),(226,546),(227,548),(228,550),(229,552),(230,554),(231,557),(232,559),(233,560),(234,561),(235,562),(236,563),(237,564),(238,565),(239,566),(240,568),(241,569),(242,578),(243,579),(244,580),(245,582),(246,616),(247,617),(248,619),(249,620),(250,621),(251,622),(252,623),(253,624),(254,628),(255,631),(256,633),(257,635),(259,662),(260,664),(261,670),(262,675),(263,677),(264,680),(265,686),(266,688),(267,690),(268,693),(269,697),(270,698),(271,699),(272,704),(273,706),(274,707),(275,708),(276,711),(277,712),(278,714),(279,717),(280,719),(283,727),(284,728),(285,729),(286,732),(287,733),(288,734),(289,736),(290,738),(291,739),(292,740),(293,741),(294,745),(295,746),(296,747),(297,748),(298,749),(299,752),(300,753),(301,754),(302,760),(303,763),(304,765),(305,767),(306,769),(307,771),(308,773),(309,775),(310,778),(311,783),(312,788),(313,792),(314,794),(315,795),(316,798),(317,802),(318,805),(319,806),(320,807),(321,814),(322,815),(323,816),(324,817),(325,818),(326,820),(327,821),(328,823),(329,826),(330,828),(331,835),(332,837),(333,838),(334,841),(335,843),(336,844),(337,845),(338,850),(339,851),(340,856),(341,859),(342,861),(343,864),(344,868),(345,869),(346,872),(347,878),(348,879),(349,880),(350,882),(351,885),(352,887),(353,888),(354,889),(355,893),(356,899),(357,900),(358,901),(359,902),(360,903),(361,904),(362,905),(363,906),(364,907),(365,908);
/*!40000 ALTER TABLE `trades` ENABLE KEYS */;
UNLOCK TABLES;
/*!40103 SET TIME_ZONE=@OLD_TIME_ZONE */;

/*!40101 SET SQL_MODE=@OLD_SQL_MODE */;
/*!40014 SET FOREIGN_KEY_CHECKS=@OLD_FOREIGN_KEY_CHECKS */;
/*!40014 SET UNIQUE_CHECKS=@OLD_UNIQUE_CHECKS */;
/*!40101 SET CHARACTER_SET_CLIENT=@OLD_CHARACTER_SET_CLIENT */;
/*!40101 SET CHARACTER_SET_RESULTS=@OLD_CHARACTER_SET_RESULTS */;
/*!40101 SET COLLATION_CONNECTION=@OLD_COLLATION_CONNECTION */;
/*!40111 SET SQL_NOTES=@OLD_SQL_NOTES */;

-- Dump completed on 2018-10-05 23:52:57
