-- phpMyAdmin SQL Dump
-- version 4.5.4.1deb2ubuntu2
-- http://www.phpmyadmin.net
--
-- Хост: localhost
-- Время создания: Авг 17 2018 г., 12:01
-- Версия сервера: 5.7.23-0ubuntu0.16.04.1
-- Версия PHP: 7.0.30-0ubuntu0.16.04.1

SET SQL_MODE = "NO_AUTO_VALUE_ON_ZERO";
SET time_zone = "+00:00";


/*!40101 SET @OLD_CHARACTER_SET_CLIENT=@@CHARACTER_SET_CLIENT */;
/*!40101 SET @OLD_CHARACTER_SET_RESULTS=@@CHARACTER_SET_RESULTS */;
/*!40101 SET @OLD_COLLATION_CONNECTION=@@COLLATION_CONNECTION */;
/*!40101 SET NAMES utf8mb4 */;

--
-- База данных: `prices`
--

-- --------------------------------------------------------

--
-- Структура таблицы `allnames`
--

CREATE TABLE `allnames` (
  `nameid` mediumint(8) UNSIGNED NOT NULL,
  `name` varchar(255) COLLATE utf8_unicode_ci NOT NULL
) ENGINE=InnoDB DEFAULT CHARSET=utf8 COLLATE=utf8_unicode_ci;

--
-- Дамп данных таблицы `allnames`
--

INSERT INTO `allnames` (`nameid`, `name`) VALUES
(106, 'СПЗ-4'),
(107, 'СТС-Люкс'),
(108, 'Юнитерм'),
(109, 'НАДО'),
(110, 'ОТК'),
(111, 'Валдай ТК'),
(112, 'ВиК'),
(113, 'Дженерал Компани'),
(114, 'Смазка Литол-24 (бидон 18 кг)'),
(115, 'Литол-24 180кг'),
(116, 'Литол-24 50кг'),
(117, 'Масло гидравлическое ВМГЗ (бочка)'),
(131, 'Масло трансмисс. ТЭП-15 (бочка 180 кг)'),
(132, 'СКК АО'),
(133, 'Ойл-Снаб Тлт'),
(142, 'High-Lube L2 400g'),
(145, 'МСМ Шеврон соседи'),
(146, 'Сызранская Керамика'),
(147, 'Chevron Black Pearl EP2 400g'),
(150, 'Масло трансформаторное ТКП 200л 180кг'),
(151, 'Mobilgrease XHP 222 0,4 кг'),
(152, 'Mobilgrease XHP 222 0,4 кг'),
(153, 'Вовчик'),
(155, 'Масло гидравлическое Гидромарка А 10л OilRight'),
(157, 'Мега ОЙЛ'),
(160, 'Масло индустриальное И-40 (бочка)'),
(161, 'Химэкспресс'),
(162, 'ДВК'),
(163, 'САМ-ПО'),
(165, 'Масло гидр.марки "А" (канистра 10л)'),
(166, 'Абиана'),
(167, 'Ondina 919 1л'),
(169, 'ННК'),
(170, 'НК НПЗ'),
(172, 'AEON 9000 17кг канистра'),
(173, 'Профинструмент'),
(174, 'Антифриз Cat'),
(175, 'Цеппелин г. Самара'),
(176, 'Смазка Fuchs Renolit HLT 2 18кг'),
(177, 'Смазка Fuchs Renolit HLT 2 0,4кг'),
(178, 'Смазочные материалы'),
(179, 'Klubersynth GH6-100 20л'),
(180, 'Клюбер центр.'),
(181, 'FAG ARKANOL-TEMP110 1кг'),
(182, 'БелтИмпэкс'),
(183, 'FAG ARKANOL-TEMP110 50кг'),
(184, 'Стройсервис'),
(186, 'Керосин КО-25 (216л/170кг)'),
(187, 'Керосин РТ бочка'),
(188, 'ПРОМ ТЭК 2668435 2725648'),
(189, 'Химоптторг'),
(209, 'Салют'),
(212, 'NANO BLUE MULTIPURPOSE HT Grease 400g'),
(213, 'Жидкость 7-50С-3 (16,4 кг)'),
(214, 'Смазка силиконовая Si-M (тюбик)'),
(215, 'Состав МВС-3Н (24 кг)'),
(216, 'Масло гидравлическое МГЕ-46В (бочка)'),
(217, 'И-20 А (216,5л/180 кг) - масло индустриальное '),
(218, 'Масло авиационное МС-20 (бочка)'),
(219, 'Смазка ЦИАТИМ-221 (банка 0,8кг)'),
(220, 'Масло компрессорное КС-19 (бочка 180 кг)'),
(221, 'Литол-24 42кг'),
(222, 'Смазка ШРУС-4 (туба 0,8 кг)'),
(223, 'Масло моторное М8-В Автол (бочка)'),
(224, 'Масло моторное М8Г2К (бочка)'),
(225, 'Масло моторное М10Г2К (бочка)'),
(226, 'Масло вакуумное ВМ-4 (16 кг)'),
(227, 'Смазка Kluber Isoflex NBU-15 (1 кг)'),
(228, 'Масло вакуумное ВМ-5с (15,5 кг)'),
(229, 'Смазка ЛС-1П (бочка)'),
(230, 'Масло цилиндровое Ц-52 (бочка)'),
(231, 'Масло турбинное ТП-22С (бочка)'),
(232, 'Смазка ЦИАТИМ-201 (21кг)'),
(233, 'Масло трансформаторное ГК (бочка)'),
(234, 'СОЖ Укринол (бочка)'),
(235, 'Смазка Солидол Жировой (21 кг)'),
(236, 'Смазка ВНИИНП-231 (1кг)'),
(237, 'Смазка ОКБ-122-7 (0,75 кг)'),
(238, 'Смазка АМС-3 (бидон 11,8 кг)'),
(239, 'Смазка ВНИИНП-286(ЭРА) (0,7кг)'),
(240, 'СОЖ Сульфофризол (бочка)'),
(241, 'Смазка МС-70 (бидон 16 кг)'),
(242, 'Смазка МЗ (15кг)'),
(243, 'Смазка ВНИИНП-225 (1кг)'),
(244, 'ОНМЗ'),
(246, 'Центр-Ойл г. Екб'),
(247, 'Континент НН'),
(248, 'Акрил Омск'),
(249, 'Нефтепродукт ЗАО г.НН'),
(250, 'ООС'),
(252, 'Масло индустриальное И-12 (бочка)'),
(253, 'Мюнхен-Ойл'),
(256, 'Смазка МС-17 15кг'),
(257, 'Русма'),
(258, 'Стас'),
(259, 'Ойл-Ком Екб.'),
(260, 'ЯЗЛМ (Липп) Ярсмазки'),
(261, 'Смазка ЦИАТИМ-221 (банка 0,9кг) (Ойл-Ком)'),
(262, 'Меркойл'),
(263, 'СпецХимПродукт Омск'),
(264, 'Состав МВС-3А'),
(266, 'Продест Ярославль'),
(267, 'НижегородХимПродукт'),
(268, 'Состав МВС-3Н (брикет 5кг)'),
(269, 'Масло вакуумное ВМ-4 (20л)'),
(270, 'Камский Завод Масел КЗМ'),
(271, 'Пента Юниор'),
(272, 'Авиастар-СП'),
(273, 'Масло индустриальное ИГП-49 (бочка)'),
(275, 'РОСА-1'),
(276, 'ПромСервисЦентр'),
(277, 'МИСКОМ'),
(278, 'СТД (Нонна)'),
(279, 'Смазка АМС-3 (бидон 17 кг)'),
(280, 'ПромПоставка НН'),
(281, 'ХЁРЦ Спб'),
(282, 'Состав МВС-3Н в КГ'),
(283, 'СЭП (ТСК)'),
(284, 'Мотор-Трейд (Кр.Куц.)'),
(285, 'Смазка Литол-24 (КНБ 21 кг)'),
(286, 'Литол-24 45кг'),
(287, 'Смазка АМС-3 (бидон 15 кг)'),
(288, 'СовИнТех'),
(289, 'СпецНефтьПродукт Тверская обл.'),
(290, 'Нектон Сиа'),
(291, 'Mobilgear 600 XP 460 (20л)'),
(292, 'Лавриченко'),
(294, 'Лима-Сервис'),
(295, 'Чирол'),
(296, 'Bechem Berulub FB 34 (0,4 кг)'),
(297, 'Bechem Berulub W+B Spray (0,4 кг)'),
(299, 'Дикомп-Классик'),
(300, 'Гелиос'),
(301, 'Керосин РТ 10л'),
(302, 'Масло моторное М10Г2К OR (10л)'),
(303, 'Масло вазелиновое ГОСТ (4л)'),
(304, 'Shell Corena S3 R 68 (20л)- компрессорное масло'),
(305, 'Shell Corena S2 P 150 (Corena P 150) (20л)- компрессорное масло'),
(308, 'Керосин РТ 20л'),
(309, 'Медхим'),
(310, 'Масло вазелиновое МХ-250 с пищ доп. минеральное(канистра 4 кг)'),
(311, 'Промышленные технологии (Фаворит Ойл)'),
(313, 'Нефрас С2 80/120 (бочка)'),
(314, 'Балашейские пески'),
(316, 'Bechem Beruplex LI EP 2 (25 кг)'),
(317, 'Масло компрессорное ТНК Компрессор VDL-100 (20л) '),
(318, 'РОСКОМ Батаев 261-16-56'),
(322, 'Дилекс'),
(323, 'ALUB Blue ALMIG (10л)'),
(325, 'Масло Mobil DTE 24 (208л) - гидравлическое'),
(326, ' Motorex Cool Concentrate (5л)'),
(327, 'ТЛТ-Опт, Тольятти'),
(328, 'Наш партнер'),
(330, 'Мочевина, 1 куб.'),
(331, 'Арсенал Марков'),
(332, 'ХозПромЭкспорт Уфа'),
(333, 'Куйбышевазот'),
(335, 'МегаМас (Высоцкий)'),
(336, 'Масло приборное МВП (в кг)'),
(337, 'Масло приборное МВП (175 кг)'),
(338, 'Масло трансформаторное ТСО (175 кг)'),
(340, 'Нефтебаза №1'),
(341, 'Прогресс'),
(343, 'Масло моторное М14В2 (бочка 180 кг)'),
(344, 'Масло Mobil DTE 25 (208л) - гидравлическое'),
(345, 'Масло трансформаторное Т-1500У (180кг)'),
(346, 'Масло индустриальное ИГП-14 (бочка 180 кг)'),
(347, 'Масло индустриальное И-50 (бочка 180кг)'),
(348, 'Масло гидравлическое РН Гидравлик OE HLP 46 (бочка 180 кг)'),
(349, 'Масло гидравлическое ИГП-4 (бочка 180кг)'),
(350, 'Масло гидравлическое ИГП-8 (бочка 180кг)'),
(351, 'Масло трансмисс. ТАП-15 (бочка 180 кг)'),
(352, 'Масло трансмисс. ТАД-17 (ТМ-5) (бочка 180 кг)'),
(353, 'Масло авиационное СМ-4,5 (банка 15 кг)'),
(354, 'Масло вакуумное Adixen A-120 (5кг)'),
(355, 'Смазка WD-40 спрей 400 мл'),
(356, 'Би Питрон Самара'),
(358, 'Motorex Spindlelube ISO VG 68 (4л)'),
(360, 'Масло Гидравлик Стандарт 46 (180кг)'),
(361, 'Серые ГПН Тлт'),
(362, 'Анвек'),
(364, 'Масло редукторное Shell Omala S2 G68 - бочка (208л)'),
(365, 'Евросмаз'),
(367, 'Тосол 10 кг Дзержинский'),
(368, 'Castrol GTX Magnatec 5w-40 (4л)'),
(369, 'Литол-24 0,8 кг'),
(370, 'Смазка графитная Ж 21 кг'),
(371, 'Смазка графитная УССА 0,8 кг'),
(372, 'Смазка ЦИАТИМ-201 (0,8 кг)'),
(373, 'Смазка ЦИАТИМ-201 (10 кг)'),
(374, 'Смазка ЦИАТИМ-221 ( 10 кг)'),
(375, 'Смазка ЭПС-98 (банка 0,8 кг)'),
(376, 'Смазка SKF LGHP 2  (18 кг)'),
(377, 'Смазка SKF LGHP 2  (0,42 кг)'),
(378, 'DG-40 (0,52л) Аналог WD-40 от Мега Ойл'),
(379, 'Смазка графитная Ж 10 кг'),
(380, 'Масло АМТ-300 (бочка 200л)'),
(383, 'ТЕК-КОМ'),
(384, 'Смазка WD-40 спрей 420 мл'),
(385, 'Смазка ЭПС-98 (Банка 1,3кг)'),
(386, 'Литол-24  2 кг'),
(387, 'Масло цепное OR (1л)'),
(389, 'DOT-4 (0,455 л)'),
(390, 'DOT-4 (0,910 л)'),
(391, 'Масло Автопромывочное 3,5л OR'),
(392, 'Масло Автопромывочное 5л Luxe'),
(393, 'Масло гидравлическое марки "Р" 1л'),
(394, 'Масло моторное Addinol Diesel Longlife MD 1548 SAE 15w-40 (канистра 20 л)'),
(395, 'Масло моторное Addinol Diesel Longlife MD 1548 SAE 15w-40 (бочка 205 л)'),
(396, 'Масло Автопромывочное 3л Волга-Ойл'),
(397, 'Масло гидравлическое марки "Р" 10 л'),
(398, 'Ойлс (Аддинол) Ольга 9791196'),
(399, 'УралСпецСервис  (89372095452)'),
(401, 'Mannol silicone spray 400ml'),
(403, 'Сервис'),
(404, 'Герметик Автосил 180 мл'),
(406, 'Инрол-СТС'),
(407, 'Mobilube HD 85W-140 (20л) - масло трансмиссионное '),
(409, 'Ойл-Форби'),
(410, 'Слоистые пластики'),
(411, 'Смазка Berutemp 500 T2 (800г)'),
(414, 'Масло ИГП-38 (бочка 180 кг)'),
(415, 'Петро-Самара (276-45-80)'),
(416, 'Revolux D1 SAE 10W-40 ТНК в литрах'),
(417, 'Контур СПБ'),
(418, 'Масло приборное (170 кг бочка)'),
(419, 'Масло приборное МВП (170 кг бочка)'),
(420, 'Масло приборное МВП (15 кг бидон)'),
(421, 'Масло моторное М8Г2К (бочка)'),
(422, 'Масло моторное М8ДМ (бочка)'),
(424, 'Сервис Д'),
(427, 'Тяжмаш'),
(428, 'Смазка ВНИИНП-275 0,8кг'),
(429, 'Смазка ВНИИНП-273 0,8кг'),
(430, 'Смазка ВНИИНП-232 0,8кг'),
(431, 'Смазка ЦИАТИМ-202 0,8кг'),
(432, 'Смазка ЦИАТИМ-202 10кг'),
(436, 'СОЖ МР-7 (бочка 180кг)'),
(437, 'Спецавтомат Ростовская обл.'),
(439, 'Добавка Easy kit AL-3 Standard (200-599 L)'),
(440, 'Добавка Easy kit Cu-3 Standard (50-119 L)'),
(441, 'Добавка моющая Sanitaizer ST40 20 ml'),
(442, 'Фильтр для воды 20 мкм'),
(444, 'С-Металл'),
(446, 'Трумпф'),
(447, 'УСИ (Казахстан)'),
(448, 'Mobil DTE 10 Excel 46 (20 л)'),
(451, 'SHELL OMALA S4 WE 320 (20 л)'),
(452, 'Shell Tellus S2 V 46 (20 л)'),
(453, 'Shell Tellus S3M 32 (209 л)'),
(454, 'Shell Tellus S3M 68 (20 л)'),
(455, 'MOBILITH SHC 220 (16 кг)'),
(456, 'MOBILUX EP 004 (18 кг)'),
(457, 'OKS 1110 (0,5 кг)'),
(458, 'Divinol Lithogrease 000 (1 кг)'),
(459, 'Gadus S2 V220 2 (0,4 кг)'),
(460, 'Gadus S2 V100 3 (0,4 кг)'),
(461, 'Gadus S2 V220 00 (18 кг)'),
(462, 'Gadus S4 V45AC 00/000 (18 кг)'),
(463, 'Optileb RB-1 (17 кг)'),
(464, 'ЦПК'),
(465, 'SKF LGEV2 (0,4 кг)'),
(466, 'Маслостар (Москва)'),
(467, 'SKF LGLT 2/1 (0,4 кг)'),
(468, 'Охлаждающая жидкость Motorex COOL-X (25л)'),
(469, 'Квалитет (ТЛТ)'),
(471, 'ПФМС-4С (0,8 кг)'),
(472, 'Химпродукт Москва'),
(473, 'HLP-46 бочка (180 кг)'),
(475, 'Промывочное масло РН (бочка 200л)'),
(478, 'Роснефть Редуктор CLP 320 (бочка)'),
(480, 'Масло силиконовое ПМС-5 (19 кг)'),
(481, 'Реахим  Ст.Купавна'),
(482, 'Смывка APS-E (200 гр в уп. 24 шт)'),
(483, 'АЛТ МО, пос.Быково'),
(484, 'Смазка Лита (170,5 кг)'),
(485, 'Смазка EFELE VH-491 (ведро 5 кг.)'),
(486, 'Масло синтетическое POE32 (Errecom) – 5л'),
(487, 'Морена Самара (846) 574-02-17)'),
(489, 'Масло синтетическое POE55 (Errecom) – 5л'),
(490, 'Масло синтетическое POE22 (Errecom) – 5л'),
(491, 'Смазка Лита (10 кг)'),
(492, 'Скипидар живичный (10 л)'),
(493, 'Неостат Дзержинск'),
(494, 'Масло гидравлическое РН Гидравлик OE HLP 46 (кан 18 кг)'),
(495, 'Масло гидравлическое РН Гидравлик OE HLP 68 (бочка 180 кг)'),
(496, 'RENOLIT SF 7-041 (18 кг)'),
(497, 'Инхим Москва'),
(499, 'Motul Snowmobile 2t (1л)'),
(500, 'Motul Snowmobile 2t (4л)'),
(501, 'Союз-Авто (225-40-15)'),
(502, 'АвтомастерОйл (ТЛТ)'),
(503, 'Пегас (265-57-27)'),
(505, 'ENI i-Sigma Universal 10w40 (20л)'),
(506, 'ТНК Транс Гипоид 80W-90 (20л)'),
(507, 'Роснефть Gidrotec OE HLP 46 (20л)'),
(508, 'Роснефть Gidrotec OE HLP 46 (216л)'),
(509, 'Лукойл ТМ-5 SAE 80W-90 API (50л)'),
(510, 'Тосол Felix Euro (-35 град.) (20л)'),
(512, 'Масло холодильное ХА-30 (216л) УФА'),
(513, 'Avantin 361 IN 180кг (бочка)'),
(516, 'Средневолжская Трубно-Механическая (noginata@krm.npstroy.com)'),
(517, 'Смазка KR-941 силик. универс. (520 мл)'),
(520, 'Смазка ВНИИНП-279 0,8кг'),
(521, 'ТНК Редуктор CLP 100 (бочка)'),
(522, 'Лукойл Трансол-200 (18кг)'),
(523, 'Смазка КМ 30 080 (1кг ? уточнить фасовку)'),
(524, 'Gadus S2 V220 0 (18 кг)'),
(525, 'Масло ИЛС-5 (бочка)'),
(528, 'ССХ'),
(530, 'Масло ТСП-15К 180кг'),
(531, 'ZIC ATF III'),
(532, 'Shell Rimula R5 Е, 10W40 20л'),
(533, 'Антифриз  G-11 (10кг) зеленый'),
(534, 'Масло марки "А" гидравлическое'),
(535, 'Масло М10ДМ бочка 180кг'),
(536, 'Смазка Солидол Жировой 9,5 кг '),
(537, 'Смазка графитная 9,5 кг'),
(540, 'ТНК Гидротэк HVLP 46 OE (бочка)'),
(541, 'Shell Tellus S2 V 46 (209 л)'),
(542, 'КАСКАД Наприенко'),
(545, 'НЭТЧ'),
(546, 'Shell Omala S2 G320 (Omala 320) (20 л) масло редукторное'),
(548, 'Тосол 216 л, Дзержинский'),
(550, 'ЭТИЛАЦЕТАТ бочка 180 кг'),
(551, 'Адверс'),
(552, 'СОЖ Avantin 361 I-N (18 кг)'),
(554, 'Oemeta Frigomet NF 470/30N (бочка 220 кг)'),
(556, 'УТС РУС (ШАТРОВ)'),
(557, 'LM Pro-Line Silikon-Spray (0,4л)'),
(558, 'Регион-Снаб (Ликви Моли Самара)'),
(559, 'Rocol Foodlube Universal 2 (аналог CASSIDA EPS 2) 10кг'),
(560, 'SKF FGFP 2 (0,4 кг)'),
(561, 'Bechem Berusynth H1 32 (аналог CASSIDA HF 32) (20л)'),
(562, 'Bechem Berusynth H1 46 (аналог CASSIDA HF 46) (20л)'),
(563, 'Bechem Berusynth H1 220 (аналог CASSIDA GL 220) (20л)'),
(564, 'Renolin THERM 320/ FM HEAT TRANSFER FLUID (20л)'),
(565, 'KLuberfood NH1 94-402 (0,4 кг)'),
(566, 'Масло индустриальное И-5 (бочка 180кг)'),
(568, 'СУПЕРКОНТ 1.1 кг'),
(569, 'СМОЛА ПСХ-ЛС (CPVC, Китай) 1 кг'),
(571, 'СУПЕРКОНТ  г. Красноярск'),
(572, 'ИНТЕРХИМ Дзержинск'),
(578, 'Масло Роснефть Maximum Diesel 10W-40 (20л) п/с'),
(579, 'Тосол Top40 (10кг)'),
(580, 'Антифриз G-12 красный МиГ (10кг)'),
(582, 'Mobil ATF 220 Dexron II (20л)'),
(583, 'Развитие'),
(604, 'Стройиндустрия'),
(605, 'Стройавтокран'),
(608, 'СККМ'),
(609, 'И-12 3 бочки и Циатим 20шт'),
(610, 'Альянс-Полимер 89371759681'),
(611, 'Квоит'),
(613, 'Революкс 40 и Тосол 10'),
(614, 'Сиб Трейд Сервис'),
(615, 'РЖ-8У 3 бочки'),
(616, 'Рабочая жидкость РЖ-8 У (бочка 200 л)'),
(617, 'Рабочая жидкость РЖ-8 У (бочка 200 л) пломба'),
(618, 'И-20 А (216,5л/180 кг) - масло индустриальное  1 бочка'),
(619, 'Жидкость "ТЭН -концентрат" охлаждающая (бочка 215 кг)'),
(620, 'Жидкость "ТОСОЛ -концентрат" охлаждающая (бочка 215 кг)'),
(621, 'Масло ЛУКОЙЛ-АВАНГАРД ЭКСТРА , 10W40 (18л) - моторное п/синт'),
(622, 'Антифриз FELIX CARBOX G-12 (50 кг)'),
(623, 'Антифриз  G-12 (10кг) красный, Дзержинский'),
(624, 'Kluber Isoflex LDS 18 Spezial А (1 кг)'),
(625, 'Жидкость "ТЭН -концентрат" охлаждающая (бочка 215 кг) 5шт'),
(626, 'Жидкость "ТОСОЛ -концентрат" охлаждающая (бочка 215 кг) 5шт'),
(627, 'Моторки и Тосолы'),
(628, 'Спирт изопропиловый (20л)'),
(629, 'Спирт изопропиловый (20л) 2шт'),
(630, 'Авантин 4 шт'),
(631, 'Shell Tellus S2 М46 (Tellus 46) (20л) - гидравлическое масло'),
(632, 'Shell, Тосол, Литол'),
(633, 'Замазка уплотнительная У-20 А (10кг)'),
(634, 'Замазка уплотнительная У-20 А 20кг'),
(635, 'Масло ТМ-5,SAE 80W-90,GL-5(18л) трансмис. '),
(636, 'Трансмиссия'),
(637, '5 Авантинов'),
(638, 'Смазка Berutemp 500 T2 (800г) 2шт'),
(639, 'Керосин бочка'),
(640, 'Mobilube HD 85W-140 (20л) 4 шт'),
(641, 'Корены и Ваз'),
(642, 'Тосол 216 л, Дзержинский 1бочка'),
(662, 'Смазка Berutemp 500 T2 (10кг)'),
(663, 'ПМС-400 1 бочка'),
(664, 'Масло силиконовое ПМС-400 (200л/200кг)'),
(665, 'Силикон-Снаб'),
(667, 'новая'),
(668, '2 бочки Керосина'),
(669, '2 антифриза '),
(670, 'Антифриз Coolstream HDR Heavy Duty (10кг)'),
(672, 'Ойл-Стандарт Москва'),
(673, 'Форш'),
(674, 'Антифроген N'),
(675, 'Антифроген N (кан. 22,3 кг)'),
(676, 'Векторол'),
(677, 'Лубрикатор SKF LAGD WA2/125'),
(678, 'Лубрикаторы'),
(679, 'Подшипник-Сервис'),
(680, 'TOTAL DACNIS SH 46 (20л) синт. компрессорное'),
(681, 'Total Dacnis SH46'),
(682, 'ОйлТрейд (Тотал Самара)'),
(683, 'Смола ПСХ-ЛС'),
(684, 'Трансмиссия ТАД-17 бочка'),
(685, 'Литол 21кг 1 барабан'),
(686, 'Смазка графитная 5 кг'),
(687, 'Графитка 5кг 1 шт'),
(688, 'Motorex Spindlelube ISO VG 68 (5л)'),
(689, 'Motorex Spindlelube ISO VG 68 (5л) - 12шт'),
(690, 'Смазка ROXOL- 350 высокотемпературная (1кг)'),
(691, 'Роксол'),
(692, 'Роксол'),
(693, 'Смазка Солидол С (23 кг)'),
(694, 'Мисма'),
(695, 'Солидол С'),
(696, 'Эверест'),
(697, 'Mannol Hydro ISO 32 HLP (20л) минеральное'),
(698, 'Смазка MOBILUX EP2 (18 кг)'),
(699, 'Смазка TUTELA ZETA 2 (20кг)'),
(700, 'Маннол, Мобилюкс, Тутела'),
(701, 'Tellus S2 V46 бочка'),
(702, 'Эксперт-Ойл'),
(703, 'Авангард'),
(704, 'Масло Лукойл Авангард 10W40 CF-4/SG п/синт, 18л (15кг)'),
(705, 'Заявка Дмитриевой'),
(706, 'Turmfluid OM 300 – (1л)'),
(707, 'Масло Mobil Rarus 829 (20л)'),
(708, 'Очиститель KR-968 (аэрозоль 650 мл)'),
(709, 'Мотор-Технология (Mobil Нижний Новгород)'),
(710, 'Адверс'),
(711, 'Теплоноситель Барс Eсо Extreme -30 (20 кг)'),
(712, 'Теплоноситель Барс Eсо Extreme -30, (50 кг)'),
(713, 'Барс 50л'),
(714, 'Теплоноситель Барс Eсо Extreme -30 (10 кг)'),
(715, 'ТОСОЛ-НН (Дзержинск)'),
(716, 'Моноэтиленгликоль  48% раствор в б. 200л  4 шт'),
(717, 'Моноэтиленгликоль  48% раствор в б. 200л '),
(718, 'Шпатлевка Novol Unisoft (1,8кг)'),
(719, 'Шпатлевка Novol Unisoft (1,8кг)'),
(720, 'ВОЛГАТРЕЙД'),
(721, 'Редукторная синтетика 320 и 68'),
(725, 'ИММЕРОЙЛ'),
(726, 'Мобилюкс и Тутела'),
(727, 'TOTAL DACNIS  SH 68 (бочка 208 л)'),
(728, 'TOTAL CARTER SH 320 (бочка 208 л)'),
(729, 'TOTAL CARTER SH 320 (канистра 20 л)'),
(730, 'Тестовая заявка'),
(731, 'ДОТ-4, Марка Р, Незам'),
(732, 'Масло гидравлическое марки "Р" 5л'),
(733, 'Незамерзайка (5л) '),
(734, 'Незамерзайка (4л)'),
(735, 'ПВК'),
(736, 'Смазка Пушечная ПВК'),
(737, 'Ц 221 100кг'),
(738, 'Смазка ПВК пушечная ГОСТ 19537-83'),
(739, 'Смазка ПВК пушечная ГОСТ 19537-83 (20кг)'),
(740, 'Смазка ПВК пушечная ГОСТ 19537-83 (21кг)'),
(741, 'Смазка ПВК пушечная ГОСТ 19537-83 (30кг)'),
(742, 'ТП-22С'),
(743, 'Волга-Петрол г.НН'),
(745, 'Mobil DTE Oil Light (20л)'),
(746, 'Bechem Staroil G 220 (200л)'),
(747, ' Bechem Staroil NR 46 масло гидравлическое (20л)'),
(748, 'Смазка Bechem High-Lub LM 2 EP (ведро 25 кг)'),
(749, 'Смазка Bechem High-Lub LM 3 EP(ведро 25 кг)'),
(750, 'Январская'),
(751, 'Вакуум и 32'),
(752, 'Shell Vacuum Pump S2 R 100 (Corena V 100) (20л)'),
(753, 'Shell Tellus S2 M32 (Tellus 32) (18 кг)'),
(754, 'Castrol Alpha SP 320  (208л) редукторное минер.'),
(755, 'Castrol Alpha SP 320  (208л) '),
(756, 'Кристалл ТД СПб'),
(757, 'Смазка ВНИИНП-232 (1кг)'),
(758, 'Смазка ВНИИНП-282 (1 кг) TУ 38.1011261-89'),
(759, 'АБИКА '),
(760, 'Масло шпиндельное Роснефть Арбатэк 10 (бочка 216л)'),
(761, 'Арбатэк 1 бочка'),
(762, 'Интер-Оил (Тотал СПБ)'),
(763, 'TOTAL DACNIS SH 68 (20л) синт. компрессорное'),
(764, 'ВАПОР 1 бочка'),
(765, 'Масло цилиндровое Ц-52 (бочка) ВАПОР'),
(766, 'РТС'),
(767, 'СОЖ ВЭЛС (канистра 10л)'),
(768, 'ВЭЛС 15 канистр'),
(769, 'СОЖ ВЭЛС (канистра 200л)'),
(770, 'Масло Гидравлик HLP ОЕ 32'),
(771, 'Масло гидравлическое РН Гидравлик OE HLP 32 (бочка 180 кг)'),
(772, 'Мочевина 2000л'),
(773, 'Мочевина, канистра (20 л)'),
(774, 'Обычная заявка'),
(775, 'Покрытие TECTYL 506-WD (20л/17,4кг) антикор.'),
(776, 'Покрытие TECTYL 506-WD (20л/17,4кг) антикор.'),
(777, 'ОЖ для сварочного аппарата 50л'),
(778, 'ОЖ для сварки 40,0009,0046 (5л)'),
(779, 'Инвертика СПБ'),
(780, 'ep2'),
(781, 'ЧЛ'),
(782, '500т2 211 ЗАК'),
(783, 'Klueber MICROLUBE GL 262 (Банка 1 кг)'),
(784, 'Klueber MICROLUBE GL 262 (Банка 1 кг) - 6 шт'),
(785, 'Kluber Isoflex LDS 18 Spezial А (1 кг) - 6 шт'),
(786, 'Пром-Консалт'),
(787, 'И-50 3 шт'),
(788, 'Смазка Nanotek Multipurpose L EP 2 (18кг)'),
(789, 'Смазка Nanotek Multipurpose L EP 2 (18кг) - 2шт'),
(790, 'И-12 4 шт'),
(791, '600 XP 220 20л 4 шт'),
(792, 'Mobil Mobilgear 600 XP 220 (20 л)'),
(793, 'ПМС-400 7 двадцаток'),
(794, 'Масло силиконовое ПМС-400 (20кг)'),
(795, 'Очиститель Systemreiniger 50 (10кг)'),
(796, 'Systemreiniger 50 (10кг) '),
(797, 'Тройка'),
(798, 'Bechem Berulub KR EP 2 (1кг)'),
(799, 'Криотокс 6кг');

-- --------------------------------------------------------

--
-- Структура таблицы `byers`
--

CREATE TABLE `byers` (
  `byers_id` smallint(5) UNSIGNED NOT NULL,
  `byers_nameid` mediumint(8) UNSIGNED NOT NULL,
  `ov_firstobp` float(5,2) UNSIGNED DEFAULT NULL,
  `ov_tp` float(5,2) UNSIGNED DEFAULT NULL,
  `ov_wt` float(4,2) UNSIGNED DEFAULT NULL,
  `comment` varchar(300) COLLATE utf8_unicode_ci DEFAULT NULL
) ENGINE=InnoDB DEFAULT CHARSET=utf8 COLLATE=utf8_unicode_ci;

--
-- Дамп данных таблицы `byers`
--

INSERT INTO `byers` (`byers_id`, `byers_nameid`, `ov_firstobp`, `ov_tp`, `ov_wt`, `comment`) VALUES
(42, 106, 10.00, 0.00, 0.00, 'И-12 - по 550 на шт, Ц221 - по 60 на шт'),
(43, 107, 0.00, 0.00, 0.00, NULL),
(44, 108, 0.00, 0.00, 0.00, NULL),
(45, 109, 0.00, 0.00, 0.00, NULL),
(46, 132, 13.00, 4.75, 0.99, 'чистыми'),
(47, 146, 12.00, 5.26, 0.00, NULL),
(48, 153, 0.00, 0.00, 0.00, NULL),
(49, 163, 12.00, 8.00, 0.00, 'по об - 65%-12%'),
(50, 169, 0.00, 0.00, 0.00, NULL),
(51, 170, 0.00, 0.00, 0.00, NULL),
(52, 184, 11.00, 5.00, 0.66, NULL),
(53, 209, 0.00, 0.00, 0.00, 'на шт - 8, делится как 5 и 3'),
(54, 272, 12.00, 5.00, 0.00, NULL),
(55, 294, 12.00, 5.00, 0.00, NULL),
(56, 299, 11.00, 7.00, 0.00, 'Делится 2/3 -Ц, 1/3-М'),
(57, 300, 0.00, 0.00, 0.00, NULL),
(58, 314, 0.00, 0.00, 0.00, NULL),
(59, 328, 0.00, 0.00, 0.00, NULL),
(60, 333, 0.00, 0.00, 0.00, NULL),
(61, 341, 0.00, 0.00, 0.00, NULL),
(62, 356, 0.00, 0.00, 0.00, NULL),
(63, 399, 0.00, 0.00, 0.00, NULL),
(64, 403, 0.00, 0.00, 0.00, NULL),
(65, 406, 0.00, 0.00, 0.00, NULL),
(66, 410, 12.00, 5.00, 0.00, 'при обнале - 45-12'),
(67, 424, 0.00, 0.00, 0.00, NULL),
(68, 427, 11.00, 5.26, 0.00, NULL),
(69, 447, 0.00, 0.00, 0.00, NULL),
(70, 516, 0.00, 0.00, 0.00, NULL),
(71, 528, 0.00, 0.00, 0.00, NULL),
(72, 545, 0.00, 0.00, 0.00, NULL),
(73, 551, 0.00, 0.00, 0.00, NULL),
(74, 604, 10.00, 10.00, 0.00, NULL),
(75, 605, 12.00, 10.00, 0.00, 'когда малая рент - 100 на шт'),
(78, 608, 11.00, 7.53, 0.00, '7-11, Ф-2/3,Г-1/3'),
(79, 610, 0.00, 0.00, 0.00, NULL),
(80, 611, 12.00, 5.00, 0.00, NULL),
(81, 614, 0.00, 0.00, 0.00, NULL),
(82, 673, 12.00, 0.00, 0.00, 'Анти - 500 на кан'),
(83, 766, NULL, NULL, NULL, NULL),
(84, 797, NULL, NULL, NULL, NULL);

-- --------------------------------------------------------

--
-- Структура таблицы `giveaways`
--

CREATE TABLE `giveaways` (
  `given_away` date NOT NULL,
  `giveaways_id` smallint(5) UNSIGNED NOT NULL,
  `comment` varchar(255) COLLATE utf8_unicode_ci DEFAULT NULL,
  `giveaway_sum` float(14,2) UNSIGNED NOT NULL,
  `requestid` mediumint(8) UNSIGNED NOT NULL
) ENGINE=InnoDB DEFAULT CHARSET=utf8 COLLATE=utf8_unicode_ci;

--
-- Дамп данных таблицы `giveaways`
--

INSERT INTO `giveaways` (`given_away`, `giveaways_id`, `comment`, `giveaway_sum`, `requestid`) VALUES
('2018-07-20', 4, 'Налом 900 и Масло', 5790.00, 131),
('2018-08-02', 6, 'комиссия 50р', 5000.00, 155),
('2018-07-15', 7, 'ГГриг', 1200.00, 174),
('2018-07-16', 8, 'АнатИв', 1700.00, 174),
('2018-08-02', 9, 'ГГриг', 3500.00, 174),
('2018-07-12', 10, 'ГГриг', 1200.00, 174),
('2018-07-09', 11, 'АнатИв', 750.00, 174),
('2018-05-31', 12, 'ГГриг', 2000.00, 174),
('2018-05-31', 13, 'АнатИв', 1000.00, 174),
('2018-05-20', 14, 'ГГриг', 3000.00, 174),
('2018-05-20', 15, 'АнатИв', 2000.00, 174),
('2018-07-16', 16, 'зак 185', 1000.00, 149),
('2018-08-01', 19, '', 1545.21, 150),
('2018-08-01', 20, '', 160.00, 151),
('2018-08-01', 22, '', 150.00, 153),
('2018-08-01', 23, '', 156.00, 156),
('2018-07-16', 24, '', 1584.00, 130),
('2018-07-09', 25, '', 968.96, 175),
('2018-07-17', 26, '', 437.57, 157),
('2018-07-17', 27, '', 179.10, 164),
('2018-07-17', 28, '', 42.00, 154),
('2018-08-06', 29, '', 561.00, 136),
('2018-07-17', 30, '', 499.00, 139),
('2018-08-17', 31, '', 700.00, 152),
('2018-08-15', 33, 'dsad', 15.76, 168),
('2018-08-02', 35, 'зак 185', 3563.84, 149),
('2018-08-15', 36, 'Марина возила на завод', 1650.00, 121);

-- --------------------------------------------------------

--
-- Структура таблицы `payments`
--

CREATE TABLE `payments` (
  `payed` date NOT NULL,
  `payments_id` smallint(5) UNSIGNED NOT NULL,
  `number` smallint(5) UNSIGNED NOT NULL,
  `sum` float(14,2) UNSIGNED NOT NULL,
  `requestid` mediumint(8) UNSIGNED NOT NULL
) ENGINE=InnoDB DEFAULT CHARSET=utf8 COLLATE=utf8_unicode_ci;

--
-- Дамп данных таблицы `payments`
--

INSERT INTO `payments` (`payed`, `payments_id`, `number`, `sum`, `requestid`) VALUES
('2018-07-06', 8, 1406, 5990.00, 123),
('2018-07-05', 9, 153, 37800.00, 130),
('2018-07-09', 10, 728, 40350.00, 121),
('2018-07-13', 11, 1692, 6000.00, 139),
('2018-07-16', 12, 1715, 5775.00, 139),
('2018-07-16', 13, 168, 54450.00, 131),
('2018-07-16', 14, 1210, 5150.00, 133),
('2018-07-17', 15, 2132, 23125.00, 134),
('2018-07-19', 16, 1544, 12500.00, 125),
('2018-07-24', 17, 4370, 93840.00, 149),
('2018-07-04', 20, 3852, 3540.00, 151),
('2018-06-25', 21, 1455, 5000.00, 152),
('2018-07-05', 24, 1555, 11747.00, 152),
('2018-07-05', 25, 3872, 3195.00, 153),
('2018-07-10', 26, 608, 460.00, 154),
('2018-07-11', 28, 4034, 3450.00, 156),
('2018-06-05', 30, 10500, 5162.70, 157),
('2018-07-12', 31, 3575, 23800.00, 158),
('2018-07-12', 32, 3575, 110000.00, 159),
('2018-05-25', 33, 183, 15000.00, 160),
('2018-06-19', 34, 223, 15000.00, 160),
('2018-07-12', 35, 245, 11930.00, 160),
('2018-08-03', 36, 4097, 5950.00, 129),
('2018-08-02', 37, 1921, 6000.00, 136),
('2018-08-01', 39, 15194, 4049.97, 164),
('2018-07-30', 41, 65535, 6757.00, 162),
('2018-07-30', 42, 1751, 46304.00, 163),
('0018-07-27', 43, 1069, 18940.00, 148),
('2018-07-24', 44, 543, 23700.00, 137),
('2018-08-14', 47, 21, 669.48, 168),
('2018-07-31', 48, 651, 5504.00, 146),
('2018-07-11', 51, 6553, 197999.88, 155),
('2018-03-29', 52, 573, 261295.00, 174),
('2018-04-07', 54, 3854, 32385.03, 150),
('2018-06-08', 55, 133, 23950.00, 175),
('2018-07-12', 56, 13498, 5162.72, 157),
('2018-08-06', 57, 118, 38500.00, 135),
('2018-08-06', 58, 1946, 7250.00, 136),
('2018-08-09', 59, 4204, 8550.00, 187),
('2018-08-13', 60, 1875, 5220.00, 163),
('2018-08-03', 61, 4606, 127750.38, 190),
('2018-08-03', 62, 4605, 63875.19, 189);

-- --------------------------------------------------------

--
-- Структура таблицы `pricings`
--

CREATE TABLE `pricings` (
  `pricingid` smallint(5) UNSIGNED NOT NULL,
  `positionid` smallint(5) UNSIGNED NOT NULL,
  `tradeid` smallint(5) UNSIGNED NOT NULL,
  `sellerid` smallint(5) UNSIGNED NOT NULL,
  `zak` float UNSIGNED NOT NULL,
  `kol` smallint(5) UNSIGNED NOT NULL,
  `tzr` smallint(5) UNSIGNED DEFAULT NULL,
  `wtime` float UNSIGNED DEFAULT NULL,
  `fixed` smallint(5) UNSIGNED NOT NULL,
  `op` float(5,2) UNSIGNED NOT NULL,
  `tp` float(5,2) UNSIGNED DEFAULT NULL,
  `opr` float UNSIGNED NOT NULL,
  `tpr` float UNSIGNED DEFAULT NULL,
  `firstobp` float UNSIGNED DEFAULT NULL,
  `firstobpr` float UNSIGNED DEFAULT NULL,
  `firstoh` float UNSIGNED DEFAULT NULL,
  `marge` float UNSIGNED DEFAULT NULL,
  `margek` float UNSIGNED DEFAULT NULL,
  `rop` float UNSIGNED DEFAULT NULL,
  `realop` float UNSIGNED DEFAULT NULL,
  `rtp` float UNSIGNED DEFAULT NULL,
  `realtp` float UNSIGNED DEFAULT NULL,
  `clearp` float(5,2) UNSIGNED DEFAULT NULL,
  `obp` float UNSIGNED DEFAULT NULL,
  `oh` smallint(5) UNSIGNED DEFAULT NULL,
  `price` float(14,3) UNSIGNED NOT NULL,
  `rent` float UNSIGNED NOT NULL,
  `winner` smallint(5) UNSIGNED DEFAULT NULL,
  `wtr` float UNSIGNED DEFAULT NULL,
  `wtimeday` tinyint(3) UNSIGNED DEFAULT NULL
) ENGINE=InnoDB DEFAULT CHARSET=utf8 COLLATE=utf8_unicode_ci;

--
-- Дамп данных таблицы `pricings`
--

INSERT INTO `pricings` (`pricingid`, `positionid`, `tradeid`, `sellerid`, `zak`, `kol`, `tzr`, `wtime`, `fixed`, `op`, `tp`, `opr`, `tpr`, `firstobp`, `firstobpr`, `firstoh`, `marge`, `margek`, `rop`, `realop`, `rtp`, `realtp`, `clearp`, `obp`, `oh`, `price`, `rent`, `winner`, `wtr`, `wtimeday`) VALUES
(1, 508, 260, 50, 98000, 1, 2600, 1, 0, 20.56, 4.99, 20683.4, 6052.04, 0, 0, 6052, 0, 0, 0, 0, 0, 0, 4.75, 0, 0, 127335.000, 16, 1, NULL, NULL),
(2, 508, 260, 104, 100000, 1, 2300, 0, 0, 20.19, 4.99, 20654.4, 6135.42, 0, 0, 6135, 0, 0, 0, 0, 0, 0, 4.75, 0, 0, 129089.000, 16, 0, NULL, NULL),
(3, 509, 10, 16, 5000, 5, 150, 0.99, 0, 21.00, 4.75, 1081.5, 296, 0, 0, 296, 0, 0, 0, 0, 0, 0, 4.53, 0, 0, 6527.000, 16.32, 1, NULL, NULL),
(4, 515, 70, 42, 608, 12, 35, 0, 0, 76.15, 5.95, 489.64, 67.39, 12, 8.09, 59.3, 0, 0, 0, 0, 0, 0, 5.62, 0, 0, 1200.000, 40.8, 1, 0, 0),
(5, 516, 35, 23, 9760, 2, 50, 0, 0, 21.00, 5.00, 2000.26, 590.51, 12, 70, 519, 0, 0, 0, 0, 0, 0, 4.19, 0, 0, 12400.000, 16.13, 1, NULL, NULL),
(7, 517, 261, 20, 1464, 2, 18, 0, 0, 25.98, 0.00, 385.02, 0, 0, 0, 0, 0, 0, 0, 0, 0, 0, 0.00, 0, 0, 1867.000, 20.62, 1, 0, 0),
(8, 518, 117, 69, 465, 3, 10, 0, 0, 24.22, 0.00, 115.05, 0, 0, 0, 0, 0, 0, 0, 0, 0, 0, 0.00, 0, 0, 590.000, 19.5, 1, 0, 0),
(9, 490, 229, 63, 7011, 4, 305, 0, 0, 23.02, 5.00, 1684.14, 450.01, 12, 54, 396, 0, 0, 0, 0, 0, 0, 4.19, 0, 0, 9450.000, 17.82, 1, NULL, NULL),
(10, 505, 89, 64, 376, 4, 6, 0, 0, 27.22, 7.00, 103.98, 34.02, 11, 3, 30, 0, 0, 0, 0, 0, 0, 5.82, 0, 0, 519.000, 20, 1, NULL, NULL),
(11, 503, 86, 17, 4700, 1, 335, 0, 0, 25.30, 7.00, 1273.86, 441.62, 11, 48, 393, 0, 0, 0, 0, 0, 0, 5.82, 0, 0, 6750.000, 18.87, 1, NULL, NULL),
(12, 504, 87, 17, 5950, 3, 335, 0, 0, 25.66, 7.00, 1612.73, 552.84, 11, 60, 492, 0, 0, 0, 0, 0, 0, 5.82, 0, 0, 8450.000, 19.08, 1, NULL, NULL),
(13, 484, 250, 54, 2540, 11, 9, 0.99, 0, 15.25, 4.75, 388.72, 139.54, 0, 0, 139.6, 0, 0, 0, 0, 0, 0, 4.48, 0, 0, 3115.200, 12.63, 1, 31.56, 30),
(14, 485, 22, 15, 591, 5, 10, 0.99, 0, 38.07, 4.75, 228.8, 39.42, 0, 0, 39.48, 0, 0, 0, 0, 0, 0, 4.49, 0, 0, 731.600, 26.32, 1, 7.44, 30),
(15, 486, 251, 15, 4409.19, 1, 10, 0.99, 0, 23.25, 4.75, 1027.46, 258.72, 0, 0, 258.77, 0, 0, 0, 0, 0, 0, 4.48, 0, 0, 5775.000, 18.01, 1, 54.69, 30),
(16, 487, 243, 16, 386.57, 10, 10, 0.99, 0, 35.39, 4.75, 140.35, 25.5, 0, 0, 25.57, 0, 0, 0, 0, 0, 0, 4.49, 0, 0, 539.260, 24.95, 1, 4.91, 30),
(17, 491, 226, 17, 4586, 1, 335, 0, 0, 30.32, 17.73, 1492.05, 1137.03, 12, 136, 1000, 0, 0, 0, 0, 0, 0, 13.25, 0, 0, 7550.000, 19.76, 1, NULL, NULL),
(18, 492, 255, 65, 3626, 1, 10, 0, 0, 32.90, 11.76, 1196.24, 568.27, 12, 68, 500, 0, 0, 0, 0, 0, 0, 9.26, 0, 0, 5400.000, 22.15, 1, NULL, NULL),
(19, 493, 227, 69, 9170, 3, 0, 0, 0, 24.53, 12.09, 2249.4, 1380.61, 0, 0, 1380, 0, 0, 0, 0, 0, 0, 10.79, 0, 0, 12800.000, 17.57, 1, NULL, NULL),
(20, 494, 77, 16, 2320, 1, 30, 0, 0, 24.65, 5.83, 579.28, 170.78, 12, 20, 150, 0, 0, 0, 0, 0, 0, 4.85, 0, 0, 3100.000, 18.69, 1, NULL, NULL),
(21, 477, 247, 105, 13782, 2, 1308, 0, 0, 19.19, 0.00, 2895.77, 0, 0, 0, 0, 0, 0, 0, 0, 0, 0, 0.00, 0, 0, 17985.000, 16.1, 1, NULL, NULL),
(22, 480, 246, 18, 12000, 1, 700, 0, 0, 25.79, 0.00, 3275.33, 0, 0, 0, 0, 0, 0, 0, 0, 0, 0, 0.00, 0, 0, 15975.000, 20.5, 1, NULL, NULL),
(23, 516, 35, 24, 10148, 2, 0, 0.69, 0, 16.38, 5.00, 1662.24, 590.51, 12, 70, 519, 0, 0, 0, 0, 0, 0, 4.19, 0, 0, 12400.000, 13.27, NULL, NULL, NULL),
(24, 516, 35, 23, 9840, 2, 0, 0.66, 0, 20.02, 5.00, 1969.97, 590.5, 12, 70, 519, 0, 0, 0, 0, 0, 0, 4.19, 0, 0, 12400.000, 15.73, NULL, NULL, NULL),
(25, 479, 41, 23, 10300, 1, 150, 0, 0, 19.62, 0.00, 2050.29, 0, 0, 0, 0, 0, 0, 0, 0, 0, 0, 0.00, 0, 0, 12500.000, 16.4, 1, NULL, NULL),
(26, 474, 149, 28, 2120, 2, 0, 0, 0, 28.54, 0.00, 605.05, 0, 0, 0, 0, 0, 0, 0, 0, 0, 0, 0.00, 0, 0, 2725.000, 22.2, 1, NULL, NULL),
(27, 475, 243, 16, 387, 1, 0, 0, 0, 39.54, 0.00, 153.02, 0, 0, 0, 0, 0, 0, 0, 0, 0, 0, 0.00, 0, 0, 540.000, 28.34, 1, NULL, NULL),
(28, 498, 229, 63, 6948, 5, 332, 0, 0, 21.01, 5.00, 1529.53, 440.48, 12, 52, 387, 0, 0, 0, 0, 0, 0, 4.19, 0, 0, 9250.000, 16.54, 1, NULL, NULL),
(29, 497, 257, 54, 2070, 2, 10, 0, 0, 23.80, 0.00, 495.04, 0, 0, 0, 0, 0, 0, 0, 0, 0, 0, 0.00, 0, 0, 2575.000, 19.22, 1, NULL, NULL),
(30, 499, 147, 63, 14197, 1, 100, 0, 0, 24.67, 8.00, 3527.07, 1425.93, 12, 0, 1254, 0, 0, 0, 0, 0, 0, 6.51, 0, 0, 19249.000, 18.32, 1, NULL, NULL),
(31, 519, 147, 63, 1, 1, 0, 0, 1, 20.00, 0.00, 0, 0, 12, 0, 0, 19250, 19250, 6750, 35, 12500, 65, 57.14, 12, 11000, 19251.000, 35.06, 1, NULL, NULL),
(32, 501, 146, 102, 4800, 4, 125, 0, 0, 20.31, 0.00, 1000.27, 0, 0, 0, 0, 0, 0, 0, 0, 0, 0, 0.00, 0, 0, 5925.000, 16.88, 1, NULL, NULL),
(33, 502, 68, 31, 10400, 3, 100, 0, 0, 22.28, 4.76, 2339.4, 611.16, 10, 61, 550, 0, 0, 0, 0, 0, 0, 4.09, 0, 0, 13450.000, 17.39, 1, NULL, NULL),
(34, 500, 35, 24, 10148, 1, 300, 0.66, 0, 20.78, 5.00, 2171.09, 630.95, 11, 69, 561, 0, 0, 0, 0, 0, 0, 4.24, 0, 0, 13250.000, 16.22, 1, NULL, NULL),
(35, 506, 227, 69, 9170, 1, 300, 0.66, 0, 18.42, 5.00, 1744.37, 560.72, 11, 61, 499, 0, 0, 0, 0, 0, 0, 4.24, 0, 0, 11775.000, 14.67, 1, NULL, NULL),
(36, 489, 254, 23, 2340, 2, 10, 0, 0, 20.57, 5.00, 483.4, 141.67, 12, 17, 124, 0, 0, 0, 0, 0, 0, 4.19, 0, 0, 2975.000, 16.25, 1, NULL, NULL),
(37, 522, 262, 106, 6300, 2, 840, 0, 0, 24.63, 5.24, 1758.58, 466.29, 12, 55.95, 410.34, 0, 0, 0, 0, 0, 0, 4.98, 0, 0, 9469.000, 18.78, 1, 0, 0),
(39, 523, 263, 107, 1389, 48, 13, 1.02, 0, 30.08, 5.85, 427.1, 108.05, 12, 12.97, 95.08, 0, 0, 0, 0, 0, 0, 5.53, 0, 0, 1955.000, 21.85, 1, 17.88, 31),
(40, 524, 264, 108, 8350, 3, 49, 0.99, 0, 22.39, 5.01, 1880.54, 515, 0, 0, 515.07, 0, 0, 0, 0, 0, 0, 4.71, 0, 0, 10795.010, 17.42, 1, 0, 0),
(41, 525, 241, 101, 1880, 1, 550, 0.99, 0, 39.08, 4.75, 949.64, 160.53, 0, 0, 160, 0, 0, 0, 0, 0, 0, 4.53, 0, 0, 3540.000, 26.43, 1, NULL, NULL),
(42, 526, 110, 31, 13200, 1, 300, 0.66, 0, 18.23, 4.93, 2461.05, 786.88, 11, 86, 700, 0, 0, 0, 0, 0, 0, 4.18, 0, 0, 16747.000, 14.55, 1, NULL, NULL),
(43, 527, 77, 20, 2426, 1, 30, 0.99, 0, 23.98, 4.93, 588.95, 150.12, 0, 0, 150, 0, 0, 0, 0, 0, 0, 4.70, 0, 0, 3195.000, 18.16, 1, NULL, NULL),
(44, 528, 265, 20, 280, 1, 5, 0, 0, 44.66, 11.58, 127.28, 47.74, 12, 5, 42, 0, 0, 0, 0, 0, 0, 9.13, 0, 0, 460.000, 27.67, 1, NULL, NULL),
(45, 529, 266, 87, 9088, 12, 80, 0, 0, 71.40, 5.00, 6545.95, 785.7, 12, 94.28, 691.42, 0, 0, 0, 0, 0, 0, 4.76, 0, 0, 16499.990, 39.67, 1, 0, 0),
(46, 530, 267, 109, 900, 2, 330, 0.99, 0, 33.89, 4.75, 416.85, 78.23, 0, 0, 78, 0, 0, 0, 0, 0, 0, 4.53, 0, 0, 1725.000, 23.81, 1, NULL, NULL),
(47, 531, 268, 110, 950, 7, 243, 0, 0, 17.75, 5.00, 211.76, 70.24, 11, 7.73, 62.51, 0, 0, 0, 0, 0, 0, 4.76, 0, 0, 1475.060, 14.36, 1, 0, 0),
(48, 532, 269, 16, 2368, 2, 20, 0, 0, 25.26, 5.32, 603.21, 159.13, 12, 19, 140, 0, 0, 0, 0, 0, 0, 4.44, 0, 0, 3150.000, 19.15, 1, NULL, NULL),
(49, 533, 270, 102, 6400, 1, 0, 0, 0, 26.16, 5.28, 1674.24, 426.32, 12, 51, 375, 0, 0, 0, 0, 0, 0, 4.41, 0, 0, 8500.000, 19.7, 1, NULL, NULL),
(50, 534, 271, 111, 6059, 1, 300, 0, 0, 34.39, 5.32, 2186.86, 454.64, 12, 54, 400, 0, 0, 0, 0, 0, 0, 4.45, 0, 0, 9000.000, 24.3, 1, NULL, NULL),
(51, 535, 225, 112, 19763, 4, 1330, 0, 0, 23.78, 5.33, 5015.92, 1391.61, 12, 166, 1224, 0, 0, 0, 0, 0, 0, 4.45, 0, 0, 27500.000, 18.24, 1, NULL, NULL),
(52, 536, 272, 54, 2350, 14, 15, 0, 0, 21.83, 3.95, 516.28, 113.81, 12, 13, 100, 0, 0, 0, 0, 0, 0, 3.34, 12, 0, 2995.000, 17.24, 1, NULL, NULL),
(55, 538, 274, 79, 19669, 3, 400, 0, 0, 21.00, 5.00, 4214.49, 1214.17, 12, 145, 1068, 0, 0, 0, 0, 0, 0, 4.19, 0, 0, 25497.000, 16.53, 0, NULL, NULL),
(56, 538, 274, 102, 18120, 3, 341, 0.66, 0, 14.49, 0.89, 2675, 188.11, 12, 22, 165, 0, 0, 0, 0, 0, 0, 0.87, 0, 0, 21500.000, 12.54, 1, 152.3, 20),
(57, 538, 274, 113, 18777, 3, 500, 0, 0, 21.00, 5.00, 4048.17, 1166.26, 12, 139, 1026, 0, 0, 0, 0, 0, 0, 4.19, 0, 0, 24491.000, 16.53, NULL, NULL, NULL),
(58, 541, 276, 115, 1424, 2, 250, 0, 0, 56.62, 0.00, 947.82, 0, 0, 0, 0, 0, 0, 0, 0, 0, 0, 0.00, 0, 0, 2700.000, 36.15, 1, 0, 0),
(59, 542, 278, 115, 739, 1, 50, 0, 0, 52.72, 0.00, 415.96, 0, 0, 0, 0, 0, 0, 0, 0, 0, 0, 0.00, 0, 0, 1357.000, 34.52, 1, 0, 0),
(60, 543, 0, 69, 7676, 4, 150, 0, 0, 20.20, 5.25, 1580.85, 493.86, 12, 59, 434, 0, 0, 0, 0, 0, 0, 4.39, 0, 0, 9900.000, 15.97, 0, NULL, NULL),
(61, 543, 279, 69, 9020, 4, 150, 0.51, 0, 19.16, 5.27, 1756.97, 575.85, 12, 69, 506, 0, 0, 0, 0, 0, 0, 4.97, 0, 0, 11576.000, 15.27, 1, 58.46, 15),
(63, 544, 280, 116, 805, 3, 5, 0.5, 0, 57.35, 5.26, 464.54, 67.04, 11, 7.38, 59.7, 0, 0, 0, 0, 0, 0, 4.97, 0, 0, 1349.990, 34.63, 1, 0, 0),
(65, 546, 284, 117, 115295, 2, 1500, 2.16, 0, 15.41, 5.00, 18484.1, 6921.63, 11, 761.38, 6160.25, 0, 0, 0, 0, 0, 0, 4.76, 0, 0, 145350.000, 12.72, 0, 3153.47, 65),
(67, 547, 270, 102, 6450, 1, 0, 0.48, 0, 24.22, 5.47, 1562.19, 438.27, 12, 52, 385, 0, 0, 0, 0, 0, 0, 4.56, 12, 0, 8450.000, 18.35, 1, NULL, NULL),
(68, 548, 271, 111, 6060, 1, 350, 0.48, 0, 21.68, 5.29, 1389.69, 412.6, 12, 49.52, 363.11, 0, 0, 0, 0, 0, 0, 4.99, 0, 0, 9000.000, 16.92, 1, 0, 0),
(70, 548, 271, 111, 6060, 1, 365, 0.48, 0, 31.69, 5.78, 2036.08, 489.05, 12, 58, 430, 0, 0, 0, 0, 0, 0, 4.81, 0, 0, 8950.000, 22.59, 0, NULL, NULL),
(71, 546, 284, 108, 113500, 2, 100, 2.01, 0, 18.87, 5.00, 21974.9, 6921.46, 11, 761.36, 6160.1, 0, 0, 0, 0, 0, 0, 4.76, 0, 0, 145350.000, 15.12, 0, 2854.2, 60),
(73, 550, 283, 108, 88900, 1, 100, 2.16, 0, 19.83, 5.00, 18125.2, 5476.41, 11, 602.41, 4874, 0, 0, 0, 0, 0, 0, 4.76, 0, 0, 115000.023, 15.76, 0, 2403, 65),
(77, 552, 14, 51, 100, 2, 100, 0.66, 0, 9.44, 10.00, 18.88, 21.89, 10, 2.2, 19.76, 0, 0, 0, 0, 0, 0, 9.05, 0, 0, 242.750, 7.84, 0, 1.65, 20),
(80, 553, 136, 20, 121, 110, 2, 2, 0, 25.53, 12.95, 31.62, 20.13, 12, 2, 18, 0, 0, 0, 0, 0, 0, 11.37, 12, 0, 180.000, 18.01, 0, 0, 0),
(82, 556, 13, 51, 10220, 11, 1421, 2, 0, 22.19, 13.17, 2583.14, 1873.32, 12, 224, 1648, 0, 0, 0, 0, 0, 0, 11.36, 0, 0, 16499.000, 16.05, 1, 0, 0),
(83, 553, 136, 58, 109, 110, 5, 2.01, 0, 28.83, 12.92, 32.87, 18.98, 12, 2, 16, 0, 0, 0, 0, 0, 0, 11.36, 0, 0, 170.000, 19.82, 1, 2.8, 60),
(84, 554, 143, 20, 660, 25, 20, 2.01, 0, 22.38, 13.12, 152.18, 109.18, 12, 0, 96, 0, 0, 0, 0, 0, 0, 11.31, 0, 0, 965.000, 16.17, 1, 2.12, 60),
(86, 557, 124, 42, 6170, 10, 169, 0.66, 0, 20.69, 5.00, 1311.54, 382.53, 11, 42.08, 340.49, 0, 0, 0, 0, 0, 0, 4.72, 0, 0, 8099.990, 16.33, 1, 52.14, 20),
(87, 559, 293, 16, 2011, 10, 12, 0.6, 0, 21.49, 5.00, 434.74, 122.89, 11, 13.52, 109.4, 0, 0, 0, 0, 0, 0, 4.73, 0, 0, 2600.000, 16.85, 1, 15.17, 18),
(91, 563, 55, 72, 12500, 1, 2650, 1.17, 0, 18.57, 5.41, 2813.36, 971.82, 8, 77, 894, 0, 0, 0, 0, 0, 0, 5.06, 0, 0, 19212.000, 14.86, 0, 222.3, 35),
(92, 564, 141, 118, 55600, 2, 1420, 2.16, 0, 20.46, 13.06, 11666.3, 8970.43, 12, 1076, 7894, 0, 0, 0, 0, 0, 0, 11.25, 0, 0, 79753.000, 15.02, NULL, 1539.54, 65),
(93, 555, 287, 97, 59, 300, 6, 2.01, 0, 26.56, 12.65, 17.26, 10.41, 12, 1, 9, 0, 0, 0, 0, 0, 0, 11.29, 0, 0, 94.000, 18.63, NULL, 1.63, 60),
(94, 552, 29, 15, 100, 2, 15, 2.34, 0, 21.00, 4.75, 24.15, 6.61, 0, 0, 6.74, 0, 0, 0, 0, 0, 0, 4.49, 0, 0, 150.000, 16.57, 1, 3.36, 70),
(96, 565, 10, 51, 12, 12, 12, 0.99, 0, 20.96, 4.75, 5.03, 1.38, 0, 0, 1.44, 0, 0, 0, 0, 0, 0, 4.68, 0, 0, 30.790, 16.54, 1, 0, 0),
(97, 566, 294, 102, 3950, 8, 0, 0, 0, 28.33, 7.53, 1119.04, 381.7, 11, 41.99, 339.71, 0, 0, 0, 0, 0, 0, 7.00, 0, 0, 5450.000, 20.53, 1, 0, 0),
(98, 567, 295, 63, 44466.2, 2, 1000, 0, 0, 17.11, 7.53, 7779.26, 4009.38, 11, 441.03, 3568.35, 0, 0, 0, 0, 0, 0, 7.00, 0, 0, 57255.000, 13.59, 1, 0, 0),
(99, 568, 296, 63, 3891.66, 6, 320, 0, 0, 11.73, 7.53, 494.03, 354.34, 11, 38.98, 315.36, 0, 0, 0, 0, 0, 0, 7.00, 0, 0, 5060.000, 9.76, 1, 0, 0),
(100, 569, 297, 63, 8794.84, 3, 320, 0, 0, 15.30, 7.53, 1394.57, 791.36, 11, 87.05, 704.31, 0, 0, 0, 0, 0, 0, 7.00, 0, 0, 11300.000, 12.34, 1, 0, 0),
(101, 570, 298, 63, 10305.7, 3, 320, 0, 0, 13.56, 7.53, 1440.84, 908.61, 11, 99.95, 808.66, 0, 0, 0, 0, 0, 0, 7.00, 0, 0, 12975.000, 11.1, 1, 0, 0),
(102, 571, 299, 65, 5300, 2, 10, 0, 0, 21.00, 5.00, 1115.1, 321.26, 12, 38.55, 282.7, 0, 0, 0, 0, 0, 0, 4.76, 0, 0, 6975.000, 16.53, 1, 0, 0),
(103, 572, 300, 65, 3780, 2, 10, 0, 0, 21.00, 5.00, 795.9, 229.3, 12, 27.51, 201.78, 0, 0, 0, 0, 0, 0, 4.76, 0, 0, 5000.000, 16.53, 1, 0, 0),
(104, 573, 301, 119, 36400, 4, 2000, 0.66, 0, 19.05, 5.22, 7315.2, 2386.33, 11, 0, 2123.87, 0, 0, 0, 0, 0, 0, 4.92, 0, 0, 48499.180, 15.21, 0, 316.8, 20),
(105, 563, 55, 28, 12000, 1, 100, 0.99, 0, 21.00, 4.75, 2541, 695.45, 0, 0, 695.5, 0, 0, 0, 0, 0, 0, 4.48, 0, 0, 15500.000, 16.57, 1, 149.74, 30),
(107, 574, 157, 42, 1570, 30, 10, 0, 0, 50.65, 5.00, 800.27, 119.01, 11, 13.09, 105.92, 0, 0, 0, 0, 0, 0, 4.76, 0, 0, 2499.240, 32.02, 1, 0, 0),
(112, 573, 301, 16, 33350, 4, 35, 0.48, 0, 19.75, 5.30, 6593.54, 2118.86, 11, 233.08, 1885.81, 0, 0, 0, 0, 0, 0, 5.00, 0, 0, 42350.000, 15.66, 1, 200.31, 14),
(113, 496, 256, 120, 3800, 2, 350, 1.5, 0, 17.68, 0.00, 747.48, 0, 0, 0, 0, 0, 0, 0, 0, 0, 0, 0.00, 0, 0, 4975.000, 15.02, 1, 77.81, 45),
(114, 575, 302, 28, 20350, 1, 0, 0.66, 0, 19.18, 5.31, 3935.33, 1298.47, 11, 141.66, 1146.18, 0, 0, 0, 0, 0, 0, 5.00, 0, 0, 25750.000, 15.28, 1, 167.89, 20),
(115, 546, 284, 121, 103635, 2, 1900, 0.18, 0, 30.87, 5.00, 32652, 6921.22, 11, 761.33, 6159.89, 0, 0, 0, 0, 0, 0, 4.76, 0, 0, 145350.000, 22.47, 1, 237.45, 5),
(116, 550, 283, 121, 83094.5, 1, 2000, 0.48, 0, 27.94, 5.00, 23918.1, 5476.16, 11, 602.37, 4873.75, 0, 0, 0, 0, 0, 0, 4.76, 0, 0, 114999.977, 20.8, 1, 509.97, 14),
(117, 576, 303, 121, 8493, 10, 200, 0.48, 0, 25.24, 5.00, 2207.28, 547.62, 11, 60.24, 487.38, 0, 0, 0, 0, 0, 0, 4.76, 0, 0, 11500.000, 19.19, 1, 52.16, 14),
(118, 577, 304, 44, 17950, 1, 1100, 0.99, 0, 19.63, 5.65, 3785.79, 1303.54, 13, 169.46, 1134.08, 0, 0, 0, 0, 0, 0, 5.35, 0, 0, 24375.000, 15.53, 1, 235.74, 30),
(119, 578, 305, 18, 880, 15, 61, 0.51, 0, 34.64, 0.00, 328.04, 0, 12, 0, 0, 0, 0, 0, 0, 0, 0, 0.00, 0, 0, 1275.000, 25.73, 0, 6, 15),
(120, 578, 306, 18, 17050, 1, 796, 0.51, 0, 23.89, 0.00, 4290.59, 0, 12, 0, 0, 0, 0, 0, 0, 0, 0, 0.00, 12, 0, 22250.000, 19.28, NULL, 6, 15),
(121, 579, 307, 28, 12000, 24, 29, 0.48, 0, 19.34, 5.25, 2340.37, 758.18, 11, 83.4, 674.78, 0, 0, 0, 0, 0, 0, 4.99, 0, 0, 15200.040, 15.4, 1, 72.15, 14),
(124, 580, 308, 69, 350, 100, 10, 3, 0, 32.50, 0.00, 121.39, 0, 0, 0, 0, 0, 0, 0, 0, 0, 0, 0.00, 0, 0, 494.892, 24.53, 1, 13.5, 90),
(125, 582, 87, 17, 6556, 3, 250, 0.18, 0, 19.91, 7.53, 1358.12, 615.91, 11, 67.76, 548.24, 0, 0, 0, 0, 0, 0, 7.00, 0, 0, 8795.000, 15.44, 1, 16.3, 5),
(126, 581, 86, 17, 5000, 1, 200, 0.33, 0, 24.69, 7.52, 1289.18, 489.6, 11, 53.9, 436.07, 0, 0, 0, 0, 0, 0, 7.00, 0, 0, 7000.000, 18.42, 1, 25.44, 10),
(127, 583, 88, 23, 1140, 1, 50, 0.18, 0, 20.86, 7.53, 248.79, 108.54, 11, 11.94, 96.6, 0, 0, 0, 0, 0, 0, 7.00, 0, 0, 1550.000, 16.05, 1, 2.68, 5),
(128, 584, 89, 64, 375.25, 4, 15, 0.18, 0, 23.64, 7.53, 92.46, 36.41, 11, 4.01, 32.41, 0, 0, 0, 0, 0, 0, 7.00, 0, 0, 520.000, 17.78, 1, 0.89, 5),
(129, 585, 309, 28, 12600, 4, 25, 1.5, 0, 20.77, 5.26, 2671.38, 817.04, 11, 89.87, 727.17, 0, 0, 0, 0, 0, 0, 5.00, 0, 0, 16350.010, 16.34, 1, 236.72, 45),
(130, 586, 310, 122, 899, 10, 175, 2, 0, 39.50, 12.66, 434.84, 194.42, 11, 21.39, 173.03, 0, 0, 0, 0, 0, 0, 11.24, 0, 0, 1729.998, 25.13, 1, 26.85, 60),
(132, 587, 270, 102, 6600, 1, 0, 0, 0, 23.08, 5.26, 1523.28, 427.28, 12, 51.27, 376.01, 0, 0, 0, 0, 0, 0, 5.00, 0, 0, 8550.000, 17.81, 1, 0, 0),
(134, 588, 131, 16, 370, 5, 0, 0, 0, 23.55, 5.00, 87.14, 22.86, 12, 2.74, 20.12, 0, 0, 0, 0, 0, 0, 4.76, 0, 0, 480.000, 18.15, 1, 0, 0),
(136, 589, 275, 16, 147, 12, 0, 0, 0, 52.26, 5.00, 76.82, 11.19, 12, 1.34, 9.85, 0, 0, 0, 0, 0, 0, 4.76, 0, 0, 235.000, 32.69, 1, 0, 0),
(138, 590, 147, 63, 14153.1, 2, 500, 0, 0, 25.62, 5.26, 3754.12, 968.22, 12, 116.19, 852.03, 0, 0, 0, 0, 0, 0, 5.00, 0, 0, 19375.000, 19.38, 1, 0, 0),
(139, 591, 147, 123, 7673, 1, 0, 0, 0, 152.51, 0.00, 11702.1, 0, 12, 0, 0, 0, 0, 0, 0, 0, 0, 0.00, 0, 0, 19375.000, 60.4, 1, 0, 0),
(140, 597, 311, 124, 7703.37, 6, 65, 2.01, 0, 26.53, 5.65, 2112.73, 569.31, 13, 74.01, 495.29, 0, 0, 0, 0, 0, 0, 5.35, 0, 0, 10645.865, 19.85, 1, 195.05, 60),
(141, 598, 253, 124, 15626.8, 6, 65, 2, 0, 25.29, 5.65, 4067.68, 1138.58, 13, 148.02, 990.56, 0, 0, 0, 0, 0, 0, 5.35, 0, 0, 21291.730, 19.11, 1, 392.3, 60),
(142, 599, 312, 20, 3750, 2, 125, 0.45, 0, 20.69, 5.26, 806.25, 247.38, 11, 27.2, 220.09, 0, 0, 0, 0, 0, 0, 5.00, 0, 0, 4950.000, 16.29, 1, 21.8, 13),
(143, 600, 68, 31, 10400, 4, 100, 0, 0, 22.01, 4.99, 2311.05, 639.27, 10, 63.93, 575.34, 0, 0, 0, 0, 0, 0, 4.75, 0, 0, 13450.000, 17.18, 1, 0, 0),
(144, 601, 131, 16, 370, 3, 0, 0, 0, 16.46, 7.92, 60.9, 34.13, 11, 3.58, 30.55, 0, 0, 0, 0, 0, 0, 7.34, 0, 0, 465.000, 13.1, 1, 0, 0),
(147, 602, 313, 102, 4350, 2, 25, 0.45, 0, 24.80, 27.50, 1091.1, 1509.95, 0, 0, 1509.95, 0, 0, 0, 0, 0, 0, 21.57, 0, 0, 7000.000, 15.59, 1, 24.61, 13),
(148, 603, 118, 15, 1510, 2, 0, 0, 0, 7.66, 92.89, 115.67, 1510.08, 0, 0, 1510.08, 0, 0, 0, 0, 0, 0, 48.16, 0, 0, 3135.747, 3.69, 0, 0, 0),
(149, 604, 313, 102, 4350, 2, 25, 0.45, 0, 33.27, 19.39, 1463.75, 1136.91, 12, 136.43, 1000.48, 0, 0, 0, 0, 0, 0, 16.24, 0, 0, 7000.000, 20.91, 1, 24.61, 13),
(150, 605, 314, 50, 9800, 7, 350, 0.99, 0, 19.45, 5.71, 1998.61, 700.86, 13, 91.11, 609.75, 0, 0, 0, 0, 0, 0, 5.40, 0, 0, 12974.996, 15.4, 1, 125.61, 30),
(151, 606, 315, 63, 5195, 1, 700, 2.34, 0, 21.31, 8.69, 1292.97, 639.62, 12, 76.75, 562.87, 0, 0, 0, 0, 0, 0, 8.00, 12, 0, 8000.000, 16.16, 1, 172.43, 70),
(152, 607, 316, 63, 2280, 6, 150, 1.8, 0, 20.75, 0.00, 515.57, 0, 0, 0, 0, 0, 0, 0, 0, 0, 0, 0.00, 0, 0, 3000.000, 17.18, 1, 54.68, 54);

-- --------------------------------------------------------

--
-- Структура таблицы `requests`
--

CREATE TABLE `requests` (
  `created` date NOT NULL,
  `requests_id` mediumint(5) UNSIGNED NOT NULL,
  `req_comment` varchar(255) COLLATE utf8_unicode_ci DEFAULT NULL,
  `requests_nameid` mediumint(8) UNSIGNED NOT NULL,
  `req_rent` float UNSIGNED DEFAULT '0',
  `byersid` smallint(5) UNSIGNED NOT NULL,
  `payment` tinyint(1) DEFAULT NULL,
  `req_sum` float(14,2) DEFAULT NULL,
  `1c_num` tinytext COLLATE utf8_unicode_ci,
  `ov_op` float(5,2) UNSIGNED DEFAULT NULL,
  `ov_firstobp` float(5,2) UNSIGNED DEFAULT NULL,
  `ov_tp` float(5,2) UNSIGNED DEFAULT NULL,
  `ov_wt` float(4,2) UNSIGNED DEFAULT NULL,
  `r1_hidden` tinyint(1) UNSIGNED DEFAULT '0'
) ENGINE=InnoDB DEFAULT CHARSET=utf8 COLLATE=utf8_unicode_ci;

--
-- Дамп данных таблицы `requests`
--

INSERT INTO `requests` (`created`, `requests_id`, `req_comment`, `requests_nameid`, `req_rent`, `byersid`, `payment`, `req_sum`, `1c_num`, `ov_op`, `ov_firstobp`, `ov_tp`, `ov_wt`, `r1_hidden`) VALUES
('2018-07-05', 121, NULL, 609, 17.39, 42, NULL, 40350.00, '230', 21.00, 10.00, 0.00, 0.00, 0),
('2018-07-02', 123, NULL, 613, 22.76, 65, NULL, 5990.00, '221', 21.00, 0.00, 0.00, 0.00, 0),
('2018-07-11', 124, NULL, 615, 17.45, 65, NULL, 51945.00, '239', 21.00, 0.00, 0.00, 0.00, 0),
('2018-07-13', 125, NULL, 618, 16.4, 65, NULL, 12500.00, '244', 21.00, 0.00, 0.00, 0.00, 0),
('2018-07-03', 126, NULL, 625, 0, 46, NULL, NULL, '222', 21.00, 0.00, 4.75, 0.99, 1),
('2018-07-03', 127, NULL, 626, 0, 46, NULL, NULL, '223', 21.00, 0.00, 4.75, 0.99, 1),
('2018-07-06', 128, NULL, 627, 15.99, 46, NULL, 49092.80, '234', 21.00, 0.00, 4.75, 0.99, 0),
('2018-07-05', 129, NULL, 629, 16.25, 47, NULL, 5950.00, '225', 21.00, 12.00, 5.00, 0.00, 0),
('2018-07-05', 130, NULL, 630, 18.35, 55, NULL, 37800.00, '226', 21.00, 12.00, 5.00, 0.03, 0),
('2018-07-11', 131, NULL, 632, 18.39, 79, NULL, 54450.00, '240', 21.00, 12.00, 10.00, 0.00, 0),
('2018-07-12', 132, NULL, 634, 15.02, 61, NULL, 9950.00, '241', 21.00, 0.00, 0.00, 0.00, 0),
('2018-07-13', 133, NULL, 636, 19.22, 45, NULL, 5150.00, '242', 21.00, 0.00, 0.00, 0.00, 0),
('2018-07-16', 134, NULL, 637, 16.54, 80, NULL, 46250.00, '245', 21.00, 12.00, 5.00, 0.00, 0),
('2018-07-16', 135, NULL, 638, 26.69, 49, NULL, 38500.00, '246', 21.00, 12.00, 8.00, 0.00, 0),
('2018-07-17', 136, NULL, 639, 16.22, 52, NULL, 13250.00, '247', 21.00, 11.00, 5.00, 0.66, 0),
('2018-07-17', 137, NULL, 640, 16.88, 81, NULL, 23700.00, '248', 21.00, 0.00, 0.00, 0.00, 0),
('2018-07-05', 138, NULL, 641, 19.1, 56, NULL, 34176.00, '11_ИП', 21.00, 11.00, 7.00, 0.00, 0),
('2018-07-10', 139, NULL, 642, 14.67, 52, NULL, 11775.00, '238', 21.00, 11.00, 5.00, 0.66, 0),
('2018-07-20', 142, NULL, 663, 16.07, 46, NULL, 159970.00, '0', 21.00, 0.00, 4.75, 0.99, 1),
('2018-08-15', 144, NULL, 667, 38.36, 42, NULL, 15795.00, '229', 21.00, 10.50, 9.00, 0.00, 0),
('2018-07-23', 145, NULL, 668, 16.13, 47, NULL, 24800.00, '251', 21.00, 12.00, 5.00, 0.00, 0),
('2018-07-23', 146, NULL, 669, 20.26, 81, NULL, 5504.00, '252', 21.00, 0.00, 0.00, 0.00, 0),
('2018-07-25', 148, NULL, 674, 18.57, 82, NULL, 18938.00, '253', 21.00, NULL, NULL, NULL, 0),
('2018-05-30', 149, NULL, 678, 21.85, 46, NULL, 93840.00, '185', 21.00, 0.00, 4.75, 0.99, 0),
('2018-05-15', 150, NULL, 681, 17.42, 46, NULL, 32385.03, '163', 21.00, 0.00, 4.75, 0.99, 0),
('2018-05-25', 151, NULL, 683, 26.43, 46, NULL, 3540.00, '179', 21.00, 0.00, 4.75, 0.99, 0),
('2018-06-18', 152, NULL, 684, 14.55, 52, NULL, 16747.00, '210', 21.00, 11.00, 5.00, 0.66, 0),
('2018-06-01', 153, NULL, 685, 18.16, 46, NULL, 3195.00, '191', 21.00, 0.00, 4.75, 0.99, 0),
('2018-03-27', 154, NULL, 687, 27.67, 49, NULL, 460.00, '104', 21.00, 12.00, 8.00, 0.00, 0),
('2018-05-10', 155, NULL, 689, 39.67, 54, NULL, 197999.88, '154', 21.00, 12.00, 5.00, 0.00, 0),
('2018-05-29', 156, NULL, 692, 23.81, 46, NULL, 3450.00, '182', 21.00, 0.00, 4.75, 0.99, 0),
('2018-05-31', 157, NULL, 695, 14.36, 68, NULL, 10325.42, '190', 21.00, 11.00, 5.00, 0.00, 0),
('2018-05-30', 158, NULL, 700, 21.46, 47, NULL, 23800.00, '187', 21.00, 12.00, 5.00, 0.00, 0),
('2018-05-30', 159, NULL, 701, 18.24, 47, NULL, 110000.00, '186', 21.00, 12.00, 5.00, 0.00, 0),
('2018-05-07', 160, NULL, 703, 17.24, 75, NULL, 41930.00, '130', 21.00, 12.00, 10.00, 0.00, 0),
('2018-08-02', 161, NULL, 705, 22.21, 66, NULL, 122625.00, '258', 21.00, 12.00, 5.00, 0.00, 0),
('2018-07-26', 162, NULL, 713, 34.21, 73, NULL, 6757.00, '254', 21.00, 0.00, 0.00, 0.00, 0),
('2018-07-26', 163, NULL, 716, 16.27, 66, NULL, 51524.00, '257', 21.00, 12.00, 5.00, 0.00, 0),
('2018-07-27', 164, NULL, 718, 34.41, 68, NULL, 4049.97, '259', 21.00, 11.00, 5.00, 0.00, 0),
('2018-08-08', 165, NULL, 721, 21.37, 68, NULL, 520699.97, '270', 21.16, 11.00, 5.00, 1.50, 0),
('2018-07-30', 167, NULL, 726, 16.92, 47, NULL, 17450.00, '262', 21.00, 12.00, 5.00, 0.00, 0),
('2018-07-31', 168, NULL, 730, 16.23, 46, NULL, 669.48, NULL, 21.00, 0.00, 4.75, 0.99, 1),
('2018-08-03', 169, NULL, 731, 16.88, 50, NULL, 232289.00, '263', 21.00, 12.00, 10.00, 2.00, 0),
('2018-08-03', 170, NULL, 735, 16.72, 68, NULL, 26000.00, '265', 21.00, 11.00, 5.00, 0.00, 0),
('2018-08-03', 171, NULL, 737, 16.19, 68, NULL, 80999.90, '264', 21.00, 11.00, 5.00, 0.00, 0),
('2018-08-03', 172, NULL, 742, 16.39, 46, NULL, 15500.00, '266', 21.00, 0.00, 4.75, 0.99, 1),
('2018-01-19', 174, NULL, 750, 13.77, 78, NULL, 261295.00, '20', 21.00, 11.00, 7.00, 0.00, 0),
('2018-06-07', 175, NULL, 751, 15.96, 55, NULL, 23950.00, '194', 21.00, 12.00, 5.00, 0.00, 0),
('2018-08-06', 176, NULL, 755, 15.57, 68, NULL, 169400.00, '267', 21.00, 11.00, 5.00, 0.00, 0),
('2018-04-24', 177, NULL, 757, 32.02, 68, NULL, 74977.20, '143', 21.00, 11.00, 5.00, 0.00, 0),
('2018-04-25', 178, NULL, 758, 0, 68, NULL, NULL, '141', 21.00, 11.00, 5.00, 0.00, 0),
('2018-08-07', 179, NULL, 761, 15.28, 68, NULL, 25750.00, '269', 21.00, 11.00, 5.00, 0.00, 0),
('2018-08-08', 180, NULL, 764, 15.53, 46, NULL, 24375.00, '271', 21.00, 0.00, 4.75, 0.99, 0),
('2018-08-08', 181, NULL, 768, 0, 83, NULL, 0.00, '272-273', 21.00, NULL, NULL, NULL, 0),
('2018-08-08', 182, NULL, 770, 15.4, 68, NULL, 364800.97, '274', 21.00, 11.00, 5.00, 0.00, 0),
('2018-08-09', 183, NULL, 772, 24.53, 51, NULL, 49489.20, '275', 21.00, 0.00, 0.00, 0.00, 0),
('2018-08-07', 184, NULL, 774, 16.16, 56, NULL, 37015.00, '14_ИП', 21.00, 11.00, 7.00, 0.00, 0),
('2018-08-09', 185, NULL, 776, 16.34, 68, NULL, 65400.04, '276', 21.00, 11.00, 5.00, 0.00, 0),
('2018-08-09', 186, NULL, 777, 25.14, 68, NULL, 17299.98, '277', 21.00, 11.00, 5.00, 0.00, 0),
('2018-06-22', 187, NULL, 780, 17.82, 47, NULL, 8550.00, '215', 21.00, 12.00, 5.26, 0.00, 0),
('2018-06-19', 188, NULL, 782, 0, 66, NULL, 0.00, '211', 21.00, 12.00, 5.00, 0.00, 0),
('2018-05-29', 189, NULL, 784, 19.85, 46, NULL, 63875.19, '183', 21.00, 13.00, 4.75, 0.99, 0),
('2018-06-01', 190, NULL, 785, 19.1, 46, NULL, 127750.38, '192', 21.00, 13.00, 4.75, 0.99, 0),
('2018-08-15', 191, NULL, 787, 0, 68, NULL, NULL, NULL, 21.00, 11.00, 5.26, 0.00, 0),
('2018-08-15', 192, NULL, 789, 16.29, 52, NULL, 9900.00, NULL, 21.00, 11.00, 5.00, 0.66, 0),
('2018-08-15', 193, NULL, 790, 17.18, 42, NULL, 53800.00, '280', 21.00, 10.00, 0.00, 0.00, 0),
('2018-08-14', 194, NULL, 791, 18.25, 49, NULL, 28000.00, '278', 21.00, 12.00, 8.00, 0.00, 0),
('2018-08-15', 195, NULL, 793, 15.4, 46, NULL, 90825.00, '283', 21.00, 13.00, 4.75, 0.99, 0),
('2018-08-15', 196, NULL, 796, 16.16, 53, NULL, 8000.00, '285', 21.00, 0.00, 0.00, 0.00, 0),
('2018-08-15', 197, NULL, 799, 17.19, 84, NULL, 18000.00, NULL, 21.00, NULL, NULL, NULL, 0);

-- --------------------------------------------------------

--
-- Структура таблицы `req_positions`
--

CREATE TABLE `req_positions` (
  `req_positionid` smallint(5) UNSIGNED NOT NULL,
  `pos_name` varchar(255) COLLATE utf8_unicode_ci NOT NULL,
  `winnerid` smallint(5) UNSIGNED NOT NULL,
  `requestid` mediumint(8) UNSIGNED NOT NULL,
  `giveaway` tinyint(1) DEFAULT NULL,
  `queen` tinyint(1) DEFAULT NULL,
  `ov_op` float(5,2) UNSIGNED DEFAULT NULL,
  `ov_tp` float(5,2) UNSIGNED DEFAULT NULL,
  `ov_firstobp` float(5,2) UNSIGNED DEFAULT NULL,
  `ov_wt` float(4,2) UNSIGNED DEFAULT NULL
) ENGINE=InnoDB DEFAULT CHARSET=utf8 COLLATE=utf8_unicode_ci;

--
-- Дамп данных таблицы `req_positions`
--

INSERT INTO `req_positions` (`req_positionid`, `pos_name`, `winnerid`, `requestid`, `giveaway`, `queen`, `ov_op`, `ov_tp`, `ov_firstobp`, `ov_wt`) VALUES
(474, 'Revolux D1 SAE 10W-40 ТНК в литрах', 26, 123, NULL, NULL, NULL, NULL, NULL, NULL),
(475, 'Тосол 10 кг Дзержинский', 27, 123, NULL, NULL, NULL, NULL, NULL, NULL),
(477, 'Рабочая жидкость РЖ-8 У (бочка 200 л) пломба 2шт', 21, 124, NULL, NULL, NULL, NULL, NULL, NULL),
(479, 'И-20 А (216,5л/180 кг) - масло индустриальное 1бочка', 25, 125, NULL, NULL, NULL, NULL, NULL, NULL),
(480, 'Рабочая жидкость РЖ-8 У (бочка 200 л) 1 шт', 22, 124, NULL, NULL, NULL, NULL, NULL, NULL),
(482, 'Жидкость "ТЭН -концентрат" охлаждающая (бочка 215 кг) 5шт', 0, 126, NULL, NULL, NULL, NULL, NULL, NULL),
(483, 'Жидкость "ТОСОЛ -концентрат" охлаждающая (бочка 215 кг) 5шт', 0, 127, NULL, NULL, NULL, NULL, NULL, NULL),
(484, 'Авангард 18л 11 шт', 13, 128, NULL, NULL, NULL, NULL, NULL, NULL),
(485, 'Масло гидр.марки "А" (канистра 10л) 5шт', 14, 128, NULL, NULL, NULL, NULL, NULL, NULL),
(486, 'Антифриз FELIX CARBOX G-12 (50 кг) 1шт', 15, 128, NULL, NULL, NULL, NULL, NULL, NULL),
(487, 'Тосол 10 кг Дзержинский 10шт', 16, 128, NULL, NULL, NULL, NULL, NULL, NULL),
(489, 'Спирт изопропиловый (20л) 2шт', 36, 129, NULL, NULL, NULL, NULL, NULL, NULL),
(490, 'СОЖ Avantin 361 I-N (18 кг) 4шт', 9, 130, NULL, NULL, NULL, NULL, NULL, NULL),
(491, 'Shell Omala S2 G320 (Omala 320) (20 л) масло редукторное 1шт', 17, 131, NULL, 1, 30.32, 17.73, 12.00, NULL),
(492, 'Shell Tellus S2 М46 (Tellus 46) (20л) - гидравлическое масло 1шт', 18, 131, NULL, 1, 32.90, 11.76, 12.00, NULL),
(493, 'Тосол 216 л, Дзержинский 3шт', 19, 131, NULL, 1, 27.80, 9.23, 0.00, NULL),
(494, 'Смазка Литол-24 (КНБ 21 кг) 1шт', 20, 131, NULL, 1, 24.65, 5.83, 12.00, NULL),
(496, 'Замазка уплотнительная У-20 А 20кг', 113, 132, NULL, NULL, NULL, NULL, NULL, NULL),
(497, 'Масло ТМ-5,SAE 80W-90,GL-5(18л) трансмис. 2шт', 29, 133, NULL, NULL, NULL, NULL, NULL, NULL),
(498, 'СОЖ Avantin 361 I-N (18 кг) 5шт', 28, 134, NULL, NULL, NULL, NULL, NULL, NULL),
(499, 'Смазка Berutemp 500 T2 (800г) 1шт', 30, 135, NULL, 1, 24.67, 8.00, 12.00, NULL),
(500, 'Керосин КО-25 (216л/170кг) 1шт', 34, 136, NULL, NULL, NULL, NULL, NULL, NULL),
(501, 'Mobilube HD 85W-140 (20л) - масло трансмиссионное  4шт', 32, 137, NULL, NULL, NULL, NULL, NULL, NULL),
(502, 'Масло индустриальное И-12 (бочка) 3шт', 33, 121, NULL, NULL, NULL, NULL, NULL, NULL),
(503, 'Shell Corena S3 R 68 (20л)- компрессорное масло 1шт', 11, 138, NULL, NULL, NULL, NULL, NULL, NULL),
(504, 'Shell Corena S2 P 150 (Corena P 150) (20л)- компрессорное масло 3шт', 12, 138, NULL, NULL, NULL, NULL, NULL, NULL),
(505, 'Масло вазелиновое МХ-250 с пищ доп. минеральное(канистра 4 кг) 4шт', 10, 138, NULL, NULL, NULL, NULL, NULL, NULL),
(506, 'Тосол 216 л, Дзержинский 1бочка', 35, 139, NULL, NULL, NULL, NULL, NULL, NULL),
(508, 'Масло силиконовое ПМС-400 (200л/200кг) 1шт', 1, 142, NULL, 1, 25.00, 10.00, 15.00, 0.42),
(509, 'Chevron Black Pearl EP2 400g 15шт', 3, 142, NULL, 0, NULL, NULL, NULL, NULL),
(515, 'Масло трансмисс. ТЭП-15 (бочка 180 кг)', 4, 144, NULL, 1, 24.55, 11.55, 12.00, 1.32),
(516, 'Керосин РТ бочка', 5, 145, NULL, NULL, NULL, NULL, NULL, NULL),
(517, 'Антифриз Coolstream HDR Heavy Duty (10кг)', 7, 146, NULL, NULL, NULL, NULL, NULL, NULL),
(518, 'Тосол 10 кг Дзержинский 3 шт', 8, 146, NULL, NULL, NULL, NULL, NULL, NULL),
(519, 'Смазка Berutemp 500 T2 (800г) 1шт обн', 31, 135, NULL, NULL, NULL, NULL, NULL, NULL),
(522, 'Антифроген N', 37, 148, NULL, NULL, NULL, NULL, NULL, NULL),
(523, 'Лубрикатор SKF LAGD WA2/125 48шт', 39, 149, NULL, NULL, NULL, NULL, NULL, NULL),
(524, 'TOTAL DACNIS SH 46 (20л) синт. компрессорное', 40, 150, NULL, NULL, NULL, NULL, NULL, NULL),
(525, 'СМОЛА ПСХ-ЛС (CPVC, Китай) 1 кг', 41, 151, NULL, NULL, NULL, NULL, NULL, NULL),
(526, 'Масло трансмисс. ТАД-17 (ТМ-5) (бочка 180 кг) 1шт', 42, 152, NULL, NULL, NULL, NULL, NULL, NULL),
(527, 'Смазка Литол-24 (КНБ 21 кг)', 43, 153, NULL, NULL, NULL, NULL, NULL, NULL),
(528, 'Смазка графитная 5 кг 1шт', 44, 154, NULL, NULL, NULL, NULL, NULL, NULL),
(529, 'Motorex Spindlelube ISO VG 68 (5л)', 45, 155, NULL, NULL, NULL, NULL, NULL, NULL),
(530, 'Смазка ROXOL- 350 высокотемпературная (1кг) 2 шт', 46, 156, NULL, NULL, NULL, NULL, NULL, NULL),
(531, 'Смазка Солидол С (23 кг) 7 кг', 47, 157, NULL, NULL, NULL, NULL, NULL, NULL),
(532, 'Mannol Hydro ISO 32 HLP (20л) минеральное 2шт', 48, 158, NULL, NULL, NULL, NULL, NULL, NULL),
(533, 'Смазка MOBILUX EP2 (18 кг) 1шт', 49, 158, NULL, NULL, NULL, NULL, NULL, NULL),
(534, 'Смазка TUTELA ZETA 2 (20кг) 1шт', 50, 158, NULL, NULL, NULL, NULL, NULL, NULL),
(535, 'Shell Tellus S2 V 46 (209 л) 4шт', 51, 159, NULL, NULL, NULL, NULL, NULL, NULL),
(536, 'Масло Лукойл Авангард 10W40 CF-4/SG п/синт, 18л (15кг) 14шт', 52, 160, NULL, NULL, NULL, NULL, NULL, NULL),
(538, 'Mobil Rarus 829 -3 канистры 20л', 56, 161, NULL, NULL, NULL, NULL, NULL, NULL),
(541, 'Теплоноситель Барс Eсо Extreme -30 (20 кг)', 58, 162, NULL, NULL, NULL, NULL, NULL, NULL),
(542, 'Теплоноситель Барс Eсо Extreme -30 (10 кг)', 59, 162, NULL, NULL, NULL, NULL, NULL, NULL),
(543, 'Моноэтиленгликоль  48% раствор в б. 200л  - 4 шт', 61, 163, NULL, NULL, NULL, NULL, NULL, NULL),
(544, 'Шпатлевка Novol Unisoft (1,8кг)', 63, 164, NULL, NULL, NULL, NULL, NULL, NULL),
(546, '320 синт. ПАО 2 бочки', 115, 165, NULL, NULL, NULL, NULL, NULL, NULL),
(547, 'Смазка MOBILUX EP2 (18 кг) - 1 шт', 67, 167, NULL, NULL, NULL, NULL, NULL, NULL),
(548, 'Смазка TUTELA ZETA 2 (20кг)  -1 шт', 68, 167, NULL, NULL, NULL, NULL, NULL, NULL),
(550, '68 синт. ПАО 1 бочкa', 116, 165, NULL, NULL, NULL, NULL, NULL, NULL),
(552, 'Тестовая позиция', 94, 168, NULL, NULL, NULL, NULL, NULL, NULL),
(553, 'ДОТ-4 (1л) - 110шт', 83, 169, NULL, NULL, NULL, NULL, NULL, NULL),
(554, 'Марка Р (5л) - 50шт (250л)', 84, 169, NULL, NULL, NULL, NULL, NULL, NULL),
(555, 'Незамерзайка (5л) - 300шт (1500л)', 0, 169, NULL, NULL, NULL, NULL, NULL, NULL),
(556, 'ВМГЗ 2 тонны', 82, 169, NULL, NULL, NULL, NULL, NULL, NULL),
(557, 'Смазка ЦИАТИМ-221 ( 10 кг)', 86, 171, NULL, NULL, NULL, NULL, NULL, NULL),
(559, 'Смазка ПВК пушечная ГОСТ 19537-83 (30кг)', 87, 170, NULL, NULL, NULL, NULL, NULL, NULL),
(563, 'Масло турбинное ТП-22С (бочка)', 105, 172, NULL, NULL, NULL, NULL, NULL, NULL),
(564, 'Масло моторное Addinol Diesel Longlife MD 1548 SAE 15w-40 (бочка 205 л)', 0, 169, NULL, NULL, NULL, NULL, NULL, NULL),
(565, 'Еще одна тестовая позиция', 96, 168, NULL, NULL, NULL, NULL, NULL, NULL),
(566, 'Mobil DTE Oil Light (20л) 8шт', 97, 174, NULL, NULL, NULL, NULL, NULL, NULL),
(567, 'Bechem Staroil G 220 (200л) 2шт', 98, 174, NULL, NULL, NULL, NULL, NULL, NULL),
(568, ' Bechem Staroil NR 46 масло гидравлическое (20л) 6шт', 99, 174, NULL, NULL, NULL, NULL, NULL, NULL),
(569, 'Смазка Bechem High-Lub LM 2 EP (ведро 25 кг) 3шт', 100, 174, NULL, NULL, NULL, NULL, NULL, NULL),
(570, 'Смазка Bechem High-Lub LM 3 EP(ведро 25 кг) 3шт', 101, 174, NULL, NULL, NULL, NULL, NULL, NULL),
(571, 'Shell Vacuum Pump S2 R 100 (Corena V 100) (20л)', 102, 175, NULL, NULL, NULL, NULL, NULL, NULL),
(572, 'Shell Tellus S2 M32 (Tellus 32) (18 кг)', 103, 175, NULL, NULL, NULL, NULL, NULL, NULL),
(573, 'Castrol Alpha SP 320  (208л) редукторное минер.', 112, 176, NULL, NULL, NULL, NULL, NULL, NULL),
(574, 'Смазка ВНИИНП-232 (1кг)', 107, 177, NULL, NULL, NULL, NULL, NULL, NULL),
(575, 'Масло шпиндельное Роснефть Арбатэк 10 (бочка 216л)', 114, 179, NULL, NULL, NULL, NULL, NULL, NULL),
(576, '68 синт. ПАО 10 канистр', 117, 165, NULL, NULL, NULL, NULL, NULL, NULL),
(577, 'Масло цилиндровое Ц-52 (бочка) ВАПОР 1 шт', 118, 180, NULL, NULL, NULL, NULL, NULL, NULL),
(578, 'СОЖ ВЭЛС (канистра 10л) 15 шт', 0, 181, NULL, NULL, NULL, NULL, NULL, NULL),
(579, 'Масло гидравлическое РН Гидравлик OE HLP 32 (бочка 180 кг) 24 шт', 121, 182, NULL, NULL, NULL, NULL, NULL, NULL),
(580, 'Мочевина, канистра (20 л) 100шт', 124, 183, NULL, NULL, NULL, NULL, NULL, NULL),
(581, 'Shell Corena S3 R 68 (20л)- компрессорное масло - 1шт', 126, 184, NULL, NULL, NULL, NULL, NULL, NULL),
(582, 'Shell Corena S2 P 150 (Corena P 150) (20л) - 3шт', 125, 184, NULL, NULL, NULL, NULL, NULL, NULL),
(583, 'Керосин РТ 20л - 1шт', 127, 184, NULL, NULL, NULL, NULL, NULL, NULL),
(584, 'Масло вазелиновое МХ-250 (4 кг) - 4шт', 128, 184, NULL, NULL, NULL, NULL, NULL, NULL),
(585, 'Покрытие TECTYL 506-WD (20л/17,4кг) антикор.', 129, 185, NULL, NULL, NULL, NULL, NULL, NULL),
(586, 'ОЖ для сварки 40,0009,0046 (5л) - 10шт', 130, 186, NULL, NULL, NULL, NULL, NULL, NULL),
(587, 'Смазка MOBILUX EP2 (18 кг)', 132, 187, NULL, NULL, NULL, NULL, NULL, NULL),
(588, 'Смазка WD-40 спрей 420 мл', 134, 163, NULL, NULL, NULL, NULL, NULL, NULL),
(589, 'Очиститель KR-968 (аэрозоль 650 мл)', 136, 163, NULL, NULL, NULL, NULL, NULL, NULL),
(590, 'Смазка Berutemp 500 T2 (800г)', 138, 161, NULL, NULL, NULL, NULL, NULL, NULL),
(591, 'Смазка Berutemp 500 T2 (800г) 1 шт обн', 139, 161, NULL, NULL, NULL, NULL, NULL, NULL),
(592, 'Смазка Berutemp 500 T2 (800г)', 0, 188, NULL, NULL, NULL, NULL, NULL, NULL),
(593, 'Смазка Berutemp 500 T2 (800г)', 0, 188, NULL, NULL, NULL, NULL, NULL, NULL),
(594, 'Смазка Berutemp 500 T2 (800г)', 0, 188, NULL, NULL, NULL, NULL, NULL, NULL),
(595, 'Смазка Berutemp 500 T2 (800г)', 0, 188, NULL, NULL, NULL, NULL, NULL, NULL),
(596, 'Сколько хочешь ', 0, 188, NULL, NULL, NULL, NULL, NULL, NULL),
(597, 'Klueber MICROLUBE GL 262 (Банка 1 кг) 6 шт', 140, 189, NULL, NULL, NULL, NULL, NULL, NULL),
(598, 'Kluber Isoflex LDS 18 Spezial А (1 кг) - 6шт', 141, 190, NULL, NULL, NULL, NULL, NULL, NULL),
(599, 'Смазка Nanotek Multipurpose L EP 2 (18кг)', 142, 192, NULL, NULL, NULL, NULL, NULL, NULL),
(600, 'и-12', 143, 193, NULL, NULL, NULL, NULL, NULL, NULL),
(601, 'Смазка WD-40 спрей 420 мл', 144, 144, NULL, NULL, NULL, NULL, NULL, NULL),
(602, 'Mobil Mobilgear 600 XP 220 (20 л) масло внутри', 147, 194, NULL, NULL, NULL, NULL, NULL, NULL),
(603, 'Castrol GTX Magnatec 5w-40 (4л) - в счет дил +7%', 0, 194, NULL, NULL, NULL, NULL, NULL, NULL),
(604, 'Mobil Mobilgear 600 XP 220 (20 л) деньги внутри', 149, 194, NULL, NULL, NULL, NULL, NULL, NULL),
(605, 'Масло силиконовое ПМС-400 (20кг) 7 шт', 150, 195, NULL, NULL, NULL, NULL, NULL, NULL),
(606, 'Очиститель Systemreiniger 50 (10кг) 1шт ЦЕНА - 67 ЕВРО С НДС', 151, 196, NULL, NULL, NULL, NULL, NULL, NULL),
(607, 'Bechem Berulub KR EP 2 (1кг) - 6шт ЦЕНА - 29,62 ЕВРО С НДС', 152, 197, NULL, NULL, NULL, NULL, NULL, NULL);

-- --------------------------------------------------------

--
-- Структура таблицы `sellers`
--

CREATE TABLE `sellers` (
  `sellers_id` smallint(5) UNSIGNED NOT NULL,
  `sellers_nameid` mediumint(8) UNSIGNED NOT NULL
) ENGINE=InnoDB DEFAULT CHARSET=utf8 COLLATE=utf8_unicode_ci;

--
-- Дамп данных таблицы `sellers`
--

INSERT INTO `sellers` (`sellers_id`, `sellers_nameid`) VALUES
(14, 110),
(15, 111),
(16, 112),
(17, 113),
(18, 133),
(19, 145),
(20, 157),
(23, 161),
(24, 162),
(25, 166),
(26, 173),
(27, 175),
(28, 178),
(29, 180),
(30, 182),
(31, 188),
(32, 189),
(33, 244),
(34, 246),
(35, 247),
(36, 248),
(37, 249),
(38, 250),
(39, 253),
(40, 257),
(41, 258),
(42, 259),
(43, 260),
(44, 262),
(45, 263),
(46, 264),
(47, 266),
(48, 267),
(49, 270),
(50, 271),
(51, 275),
(52, 276),
(53, 277),
(54, 278),
(55, 280),
(56, 281),
(57, 283),
(58, 284),
(59, 288),
(60, 289),
(61, 290),
(62, 292),
(63, 295),
(64, 309),
(65, 311),
(66, 318),
(67, 322),
(68, 327),
(69, 331),
(70, 332),
(71, 335),
(72, 340),
(73, 361),
(74, 362),
(75, 365),
(77, 383),
(78, 398),
(79, 409),
(80, 415),
(81, 417),
(82, 437),
(83, 444),
(84, 446),
(85, 464),
(86, 466),
(87, 469),
(88, 472),
(89, 481),
(90, 483),
(91, 487),
(92, 493),
(93, 497),
(94, 501),
(95, 502),
(96, 503),
(97, 542),
(98, 556),
(99, 558),
(100, 571),
(101, 572),
(102, 583),
(104, 665),
(105, 672),
(106, 676),
(107, 679),
(108, 682),
(109, 691),
(110, 694),
(111, 696),
(112, 702),
(113, 709),
(114, 710),
(115, 715),
(116, 720),
(117, 725),
(118, 743),
(119, 756),
(120, 759),
(121, 762),
(122, 779),
(123, 781),
(124, 786);

-- --------------------------------------------------------

--
-- Структура таблицы `trades`
--

CREATE TABLE `trades` (
  `trades_id` smallint(5) UNSIGNED NOT NULL,
  `trades_nameid` mediumint(8) UNSIGNED NOT NULL
) ENGINE=InnoDB DEFAULT CHARSET=utf8 COLLATE=utf8_unicode_ci;

--
-- Дамп данных таблицы `trades`
--

INSERT INTO `trades` (`trades_id`, `trades_nameid`) VALUES
(10, 114),
(11, 115),
(12, 116),
(13, 117),
(14, 131),
(15, 142),
(18, 147),
(19, 150),
(21, 152),
(22, 155),
(24, 160),
(25, 165),
(26, 167),
(27, 172),
(28, 174),
(29, 176),
(30, 177),
(31, 179),
(32, 181),
(33, 183),
(34, 186),
(35, 187),
(36, 212),
(37, 213),
(38, 214),
(39, 215),
(40, 216),
(41, 217),
(42, 218),
(43, 219),
(44, 220),
(45, 221),
(46, 222),
(47, 223),
(48, 224),
(49, 225),
(50, 226),
(51, 227),
(52, 228),
(53, 229),
(54, 230),
(55, 231),
(56, 232),
(57, 233),
(58, 234),
(59, 235),
(60, 236),
(61, 237),
(62, 238),
(63, 239),
(64, 240),
(65, 241),
(66, 242),
(67, 243),
(68, 252),
(69, 256),
(70, 261),
(72, 268),
(73, 269),
(74, 273),
(75, 279),
(76, 282),
(77, 285),
(78, 286),
(79, 287),
(80, 291),
(81, 296),
(82, 297),
(83, 301),
(84, 302),
(85, 303),
(86, 304),
(87, 305),
(88, 308),
(89, 310),
(90, 313),
(91, 316),
(92, 317),
(93, 323),
(95, 325),
(96, 326),
(97, 330),
(98, 336),
(99, 337),
(100, 338),
(101, 343),
(102, 344),
(103, 345),
(104, 346),
(105, 347),
(106, 348),
(107, 349),
(108, 350),
(109, 351),
(110, 352),
(111, 353),
(112, 354),
(113, 355),
(114, 358),
(115, 360),
(116, 364),
(117, 367),
(118, 368),
(119, 369),
(120, 370),
(121, 371),
(122, 372),
(123, 373),
(124, 374),
(125, 375),
(126, 376),
(127, 377),
(128, 378),
(129, 379),
(130, 380),
(131, 384),
(132, 385),
(133, 386),
(134, 387),
(135, 389),
(136, 390),
(137, 391),
(138, 392),
(139, 393),
(140, 394),
(141, 395),
(142, 396),
(143, 397),
(144, 401),
(145, 404),
(146, 407),
(147, 411),
(148, 414),
(149, 416),
(150, 418),
(151, 419),
(152, 420),
(154, 422),
(155, 428),
(156, 429),
(157, 430),
(158, 431),
(159, 432),
(160, 436),
(161, 439),
(162, 440),
(163, 441),
(164, 442),
(165, 448),
(166, 451),
(167, 452),
(168, 453),
(169, 454),
(170, 455),
(171, 456),
(172, 457),
(173, 458),
(174, 459),
(175, 460),
(176, 461),
(177, 462),
(178, 463),
(179, 465),
(180, 467),
(181, 468),
(182, 471),
(183, 473),
(184, 475),
(185, 478),
(186, 480),
(187, 482),
(188, 484),
(189, 485),
(190, 486),
(192, 489),
(193, 490),
(194, 491),
(195, 492),
(196, 494),
(197, 495),
(198, 496),
(199, 499),
(200, 500),
(201, 505),
(202, 506),
(203, 507),
(204, 508),
(205, 509),
(206, 510),
(207, 512),
(208, 513),
(209, 517),
(210, 520),
(211, 521),
(212, 522),
(213, 523),
(214, 524),
(215, 525),
(216, 530),
(217, 531),
(218, 532),
(219, 533),
(220, 534),
(221, 535),
(222, 536),
(223, 537),
(224, 540),
(225, 541),
(226, 546),
(227, 548),
(228, 550),
(229, 552),
(230, 554),
(231, 557),
(232, 559),
(233, 560),
(234, 561),
(235, 562),
(236, 563),
(237, 564),
(238, 565),
(239, 566),
(240, 568),
(241, 569),
(242, 578),
(243, 579),
(244, 580),
(245, 582),
(246, 616),
(247, 617),
(248, 619),
(249, 620),
(250, 621),
(251, 622),
(252, 623),
(253, 624),
(254, 628),
(255, 631),
(256, 633),
(257, 635),
(259, 662),
(260, 664),
(261, 670),
(262, 675),
(263, 677),
(264, 680),
(265, 686),
(266, 688),
(267, 690),
(268, 693),
(269, 697),
(270, 698),
(271, 699),
(272, 704),
(273, 706),
(274, 707),
(275, 708),
(276, 711),
(277, 712),
(278, 714),
(279, 717),
(280, 719),
(283, 727),
(284, 728),
(285, 729),
(286, 732),
(287, 733),
(288, 734),
(289, 736),
(290, 738),
(291, 739),
(292, 740),
(293, 741),
(294, 745),
(295, 746),
(296, 747),
(297, 748),
(298, 749),
(299, 752),
(300, 753),
(301, 754),
(302, 760),
(303, 763),
(304, 765),
(305, 767),
(306, 769),
(307, 771),
(308, 773),
(309, 775),
(310, 778),
(311, 783),
(312, 788),
(313, 792),
(314, 794),
(315, 795),
(316, 798);

--
-- Индексы сохранённых таблиц
--

--
-- Индексы таблицы `allnames`
--
ALTER TABLE `allnames`
  ADD PRIMARY KEY (`nameid`);

--
-- Индексы таблицы `byers`
--
ALTER TABLE `byers`
  ADD PRIMARY KEY (`byers_id`),
  ADD KEY `byer_nameid` (`byers_nameid`);

--
-- Индексы таблицы `giveaways`
--
ALTER TABLE `giveaways`
  ADD PRIMARY KEY (`giveaways_id`),
  ADD KEY `requestid` (`requestid`);

--
-- Индексы таблицы `payments`
--
ALTER TABLE `payments`
  ADD PRIMARY KEY (`payments_id`),
  ADD KEY `requestid` (`requestid`);

--
-- Индексы таблицы `pricings`
--
ALTER TABLE `pricings`
  ADD PRIMARY KEY (`pricingid`);

--
-- Индексы таблицы `requests`
--
ALTER TABLE `requests`
  ADD PRIMARY KEY (`requests_id`),
  ADD KEY `req_nameid` (`requests_nameid`);

--
-- Индексы таблицы `req_positions`
--
ALTER TABLE `req_positions`
  ADD PRIMARY KEY (`req_positionid`),
  ADD KEY `requestid` (`requestid`);

--
-- Индексы таблицы `sellers`
--
ALTER TABLE `sellers`
  ADD PRIMARY KEY (`sellers_id`),
  ADD KEY `seller_nameid` (`sellers_nameid`);

--
-- Индексы таблицы `trades`
--
ALTER TABLE `trades`
  ADD PRIMARY KEY (`trades_id`),
  ADD KEY `trade_nameid` (`trades_nameid`);

--
-- AUTO_INCREMENT для сохранённых таблиц
--

--
-- AUTO_INCREMENT для таблицы `allnames`
--
ALTER TABLE `allnames`
  MODIFY `nameid` mediumint(8) UNSIGNED NOT NULL AUTO_INCREMENT, AUTO_INCREMENT=800;
--
-- AUTO_INCREMENT для таблицы `byers`
--
ALTER TABLE `byers`
  MODIFY `byers_id` smallint(5) UNSIGNED NOT NULL AUTO_INCREMENT, AUTO_INCREMENT=85;
--
-- AUTO_INCREMENT для таблицы `giveaways`
--
ALTER TABLE `giveaways`
  MODIFY `giveaways_id` smallint(5) UNSIGNED NOT NULL AUTO_INCREMENT, AUTO_INCREMENT=47;
--
-- AUTO_INCREMENT для таблицы `payments`
--
ALTER TABLE `payments`
  MODIFY `payments_id` smallint(5) UNSIGNED NOT NULL AUTO_INCREMENT, AUTO_INCREMENT=70;
--
-- AUTO_INCREMENT для таблицы `pricings`
--
ALTER TABLE `pricings`
  MODIFY `pricingid` smallint(5) UNSIGNED NOT NULL AUTO_INCREMENT, AUTO_INCREMENT=153;
--
-- AUTO_INCREMENT для таблицы `requests`
--
ALTER TABLE `requests`
  MODIFY `requests_id` mediumint(5) UNSIGNED NOT NULL AUTO_INCREMENT, AUTO_INCREMENT=198;
--
-- AUTO_INCREMENT для таблицы `req_positions`
--
ALTER TABLE `req_positions`
  MODIFY `req_positionid` smallint(5) UNSIGNED NOT NULL AUTO_INCREMENT, AUTO_INCREMENT=608;
--
-- AUTO_INCREMENT для таблицы `sellers`
--
ALTER TABLE `sellers`
  MODIFY `sellers_id` smallint(5) UNSIGNED NOT NULL AUTO_INCREMENT, AUTO_INCREMENT=125;
--
-- AUTO_INCREMENT для таблицы `trades`
--
ALTER TABLE `trades`
  MODIFY `trades_id` smallint(5) UNSIGNED NOT NULL AUTO_INCREMENT, AUTO_INCREMENT=317;
--
-- Ограничения внешнего ключа сохраненных таблиц
--

--
-- Ограничения внешнего ключа таблицы `byers`
--
ALTER TABLE `byers`
  ADD CONSTRAINT `byers_ibfk_1` FOREIGN KEY (`byers_nameid`) REFERENCES `allnames` (`nameid`) ON UPDATE CASCADE;

--
-- Ограничения внешнего ключа таблицы `giveaways`
--
ALTER TABLE `giveaways`
  ADD CONSTRAINT `giveaways_ibfk_1` FOREIGN KEY (`requestid`) REFERENCES `requests` (`requests_id`) ON UPDATE CASCADE;

--
-- Ограничения внешнего ключа таблицы `payments`
--
ALTER TABLE `payments`
  ADD CONSTRAINT `payments_ibfk_1` FOREIGN KEY (`requestid`) REFERENCES `requests` (`requests_id`) ON UPDATE CASCADE;

--
-- Ограничения внешнего ключа таблицы `requests`
--
ALTER TABLE `requests`
  ADD CONSTRAINT `requests_ibfk_1` FOREIGN KEY (`requests_nameid`) REFERENCES `allnames` (`nameid`) ON UPDATE CASCADE;

--
-- Ограничения внешнего ключа таблицы `req_positions`
--
ALTER TABLE `req_positions`
  ADD CONSTRAINT `req_positions_ibfk_1` FOREIGN KEY (`requestid`) REFERENCES `requests` (`requests_id`) ON UPDATE CASCADE;

--
-- Ограничения внешнего ключа таблицы `sellers`
--
ALTER TABLE `sellers`
  ADD CONSTRAINT `sellers_ibfk_1` FOREIGN KEY (`sellers_nameid`) REFERENCES `allnames` (`nameid`) ON UPDATE CASCADE;

--
-- Ограничения внешнего ключа таблицы `trades`
--
ALTER TABLE `trades`
  ADD CONSTRAINT `trades_ibfk_1` FOREIGN KEY (`trades_nameid`) REFERENCES `allnames` (`nameid`) ON UPDATE CASCADE;

/*!40101 SET CHARACTER_SET_CLIENT=@OLD_CHARACTER_SET_CLIENT */;
/*!40101 SET CHARACTER_SET_RESULTS=@OLD_CHARACTER_SET_RESULTS */;
/*!40101 SET COLLATION_CONNECTION=@OLD_COLLATION_CONNECTION */;
